"sp_1","sp_2","sp_3","sp_4","sp_5","sp_6","sp_7","sp_8","sp_9","sp_10","sp_11","sp_12","sp_13","sp_14","sp_15","sp_16","sp_17","sp_18","sp_19","sp_20","sp_21","sp_22","sp_23","sp_24","sp_25","sp_26","sp_27","sp_28","sp_29","sp_30","sp_31","sp_32","sp_33","sp_34","sp_35","sp_36","sp_37","sp_38","sp_39","sp_40","sp_41","sp_42","sp_43","sp_44","sp_45","sp_46","sp_47","sp_48","sp_49","sp_50","sp_51","sp_52","sp_53","sp_54","sp_55","sp_56","sp_57","sp_58","sp_59","sp_60","sp_61","sp_62","sp_63","sp_64","sp_65","sp_66","sp_67","sp_68","sp_69","sp_70","sp_71","sp_72","sp_73","sp_74","sp_75","sp_76","sp_77","sp_78","sp_79","sp_80","sp_81","sp_82","sp_83","sp_84","sp_85","sp_86","sp_87","sp_88","sp_89","sp_90","sp_91","sp_92","sp_93","sp_94","sp_95","sp_96","sp_97","sp_98","sp_99","sp_100","sp_101","sp_102","sp_103","sp_104","sp_105","sp_106","sp_107","sp_108","sp_109","sp_110","sp_111","sp_112","sp_113","sp_114","sp_115","sp_116","sp_117","sp_118","sp_119","sp_120","sp_121","sp_122","sp_123","sp_124","sp_125","sp_126","sp_127","sp_128","sp_129","sp_130","sp_131","sp_132","sp_133","sp_134","sp_135","sp_136","sp_137","sp_138","sp_139","sp_140","sp_141","sp_142","sp_143","sp_144","sp_145","sp_146","sp_147","sp_148","sp_149","sp_150","sp_151","sp_152","sp_153","sp_154","sp_155","sp_156","sp_157","sp_158","sp_159","sp_160","sp_161","sp_162","sp_163","sp_164","sp_165","sp_166","sp_167","sp_168","sp_169","sp_170","sp_171","sp_172","sp_173","sp_174","sp_175","sp_176","sp_177","sp_178","sp_179","sp_180","sp_181","sp_182","sp_183","sp_184","sp_185","sp_186","sp_187","sp_188","sp_189","sp_190","sp_191","sp_192","sp_193","sp_194","sp_195","sp_196","sp_197","sp_198","sp_199","sp_200"
0.99999999998205,0,0,0,0,0,0,0,0,0,0,0,0,0,0,0,0,0,0,0,0,0,0,0,0,0,0,0,0,0,0,0,0,0,0,0,0,0,0,0,0,0,0,0,0,0,0,0,0,0,0,0,0,0,0,0,0,0,0,0,0,0,0,0,0,0,0,0,0,0,0,0,0,0,0,0,0,0,0,0,0,0,0,0,0,0,0,0,0,0,0,0,0,0,0,0,0,0,0,0,0,0,0,0,0,0,0,0,0,0,0,0,0,0,0,0,0,0,0,0,0,0,0,0,0,0,0,0,0,0,0,0,0,0,0,0,0,0,0,0,0,0,0,0,0,0,0,0,0,0,0,0,0,0,0,0,0,0,0,0,0,0,0,0,0,0,0,0,0,0,0,0,0,0,0,0,0,0,0,0,0,0,0,0,0,0,0,0,0,0,0,0,0,0,0,0,0,0,0,0
0.960484600541341,0.278333131493614,0,0,0,0,0,0,0,0,0,0,0,0,0,0,0,0,0,0,0,0,0,0,0,0,0,0,0,0,0,0,0,0,0,0,0,0,0,0,0,0,0,0,0,0,0,0,0,0,0,0,0,0,0,0,0,0,0,0,0,0,0,0,0,0,0,0,0,0,0,0,0,0,0,0,0,0,0,0,0,0,0,0,0,0,0,0,0,0,0,0,0,0,0,0,0,0,0,0,0,0,0,0,0,0,0,0,0,0,0,0,0,0,0,0,0,0,0,0,0,0,0,0,0,0,0,0,0,0,0,0,0,0,0,0,0,0,0,0,0,0,0,0,0,0,0,0,0,0,0,0,0,0,0,0,0,0,0,0,0,0,0,0,0,0,0,0,0,0,0,0,0,0,0,0,0,0,0,0,0,0,0,0,0,0,0,0,0,0,0,0,0,0,0,0,0,0,0,0
0.891264313960098,0.126534218849153,0.43547332187583,0,0,0,0,0,0,0,0,0,0,0,0,0,0,0,0,0,0,0,0,0,0,0,0,0,0,0,0,0,0,0,0,0,0,0,0,0,0,0,0,0,0,0,0,0,0,0,0,0,0,0,0,0,0,0,0,0,0,0,0,0,0,0,0,0,0,0,0,0,0,0,0,0,0,0,0,0,0,0,0,0,0,0,0,0,0,0,0,0,0,0,0,0,0,0,0,0,0,0,0,0,0,0,0,0,0,0,0,0,0,0,0,0,0,0,0,0,0,0,0,0,0,0,0,0,0,0,0,0,0,0,0,0,0,0,0,0,0,0,0,0,0,0,0,0,0,0,0,0,0,0,0,0,0,0,0,0,0,0,0,0,0,0,0,0,0,0,0,0,0,0,0,0,0,0,0,0,0,0,0,0,0,0,0,0,0,0,0,0,0,0,0,0,0,0,0,0
0.691442830256511,0.0981652435029192,0.144126505425788,0.701069146269987,0,0,0,0,0,0,0,0,0,0,0,0,0,0,0,0,0,0,0,0,0,0,0,0,0,0,0,0,0,0,0,0,0,0,0,0,0,0,0,0,0,0,0,0,0,0,0,0,0,0,0,0,0,0,0,0,0,0,0,0,0,0,0,0,0,0,0,0,0,0,0,0,0,0,0,0,0,0,0,0,0,0,0,0,0,0,0,0,0,0,0,0,0,0,0,0,0,0,0,0,0,0,0,0,0,0,0,0,0,0,0,0,0,0,0,0,0,0,0,0,0,0,0,0,0,0,0,0,0,0,0,0,0,0,0,0,0,0,0,0,0,0,0,0,0,0,0,0,0,0,0,0,0,0,0,0,0,0,0,0,0,0,0,0,0,0,0,0,0,0,0,0,0,0,0,0,0,0,0,0,0,0,0,0,0,0,0,0,0,0,0,0,0,0,0,0
0.691442830256511,0.0981652435029192,0.144126505425789,0.611099685760153,0.343591504428689,0,0,0,0,0,0,0,0,0,0,0,0,0,0,0,0,0,0,0,0,0,0,0,0,0,0,0,0,0,0,0,0,0,0,0,0,0,0,0,0,0,0,0,0,0,0,0,0,0,0,0,0,0,0,0,0,0,0,0,0,0,0,0,0,0,0,0,0,0,0,0,0,0,0,0,0,0,0,0,0,0,0,0,0,0,0,0,0,0,0,0,0,0,0,0,0,0,0,0,0,0,0,0,0,0,0,0,0,0,0,0,0,0,0,0,0,0,0,0,0,0,0,0,0,0,0,0,0,0,0,0,0,0,0,0,0,0,0,0,0,0,0,0,0,0,0,0,0,0,0,0,0,0,0,0,0,0,0,0,0,0,0,0,0,0,0,0,0,0,0,0,0,0,0,0,0,0,0,0,0,0,0,0,0,0,0,0,0,0,0,0,0,0,0,0
0.691442830256511,0.0981652435029192,0.144126505425789,0.611099685760153,0.221507103797922,0.262658951651426,0,0,0,0,0,0,0,0,0,0,0,0,0,0,0,0,0,0,0,0,0,0,0,0,0,0,0,0,0,0,0,0,0,0,0,0,0,0,0,0,0,0,0,0,0,0,0,0,0,0,0,0,0,0,0,0,0,0,0,0,0,0,0,0,0,0,0,0,0,0,0,0,0,0,0,0,0,0,0,0,0,0,0,0,0,0,0,0,0,0,0,0,0,0,0,0,0,0,0,0,0,0,0,0,0,0,0,0,0,0,0,0,0,0,0,0,0,0,0,0,0,0,0,0,0,0,0,0,0,0,0,0,0,0,0,0,0,0,0,0,0,0,0,0,0,0,0,0,0,0,0,0,0,0,0,0,0,0,0,0,0,0,0,0,0,0,0,0,0,0,0,0,0,0,0,0,0,0,0,0,0,0,0,0,0,0,0,0,0,0,0,0,0,0
0.691442830256511,0.0981652435029192,0.144126505425789,0.551871477799609,0.144507586737204,0.0671674123515991,0.401922773647355,0,0,0,0,0,0,0,0,0,0,0,0,0,0,0,0,0,0,0,0,0,0,0,0,0,0,0,0,0,0,0,0,0,0,0,0,0,0,0,0,0,0,0,0,0,0,0,0,0,0,0,0,0,0,0,0,0,0,0,0,0,0,0,0,0,0,0,0,0,0,0,0,0,0,0,0,0,0,0,0,0,0,0,0,0,0,0,0,0,0,0,0,0,0,0,0,0,0,0,0,0,0,0,0,0,0,0,0,0,0,0,0,0,0,0,0,0,0,0,0,0,0,0,0,0,0,0,0,0,0,0,0,0,0,0,0,0,0,0,0,0,0,0,0,0,0,0,0,0,0,0,0,0,0,0,0,0,0,0,0,0,0,0,0,0,0,0,0,0,0,0,0,0,0,0,0,0,0,0,0,0,0,0,0,0,0,0,0,0,0,0,0,0
0.691442830256511,0.0981652435029192,0.144126505425789,0.542482868681636,0.142049178754485,0.0660247394550958,0.139268754950758,0.391506402871268,0,0,0,0,0,0,0,0,0,0,0,0,0,0,0,0,0,0,0,0,0,0,0,0,0,0,0,0,0,0,0,0,0,0,0,0,0,0,0,0,0,0,0,0,0,0,0,0,0,0,0,0,0,0,0,0,0,0,0,0,0,0,0,0,0,0,0,0,0,0,0,0,0,0,0,0,0,0,0,0,0,0,0,0,0,0,0,0,0,0,0,0,0,0,0,0,0,0,0,0,0,0,0,0,0,0,0,0,0,0,0,0,0,0,0,0,0,0,0,0,0,0,0,0,0,0,0,0,0,0,0,0,0,0,0,0,0,0,0,0,0,0,0,0,0,0,0,0,0,0,0,0,0,0,0,0,0,0,0,0,0,0,0,0,0,0,0,0,0,0,0,0,0,0,0,0,0,0,0,0,0,0,0,0,0,0,0,0,0,0,0,0
0.691442830256511,0.0981652435029192,0.144126505425789,0.511483016248207,0.133931865132434,0.0622517960162778,0.131310326949975,0.101381973564583,0.424910972792773,0,0,0,0,0,0,0,0,0,0,0,0,0,0,0,0,0,0,0,0,0,0,0,0,0,0,0,0,0,0,0,0,0,0,0,0,0,0,0,0,0,0,0,0,0,0,0,0,0,0,0,0,0,0,0,0,0,0,0,0,0,0,0,0,0,0,0,0,0,0,0,0,0,0,0,0,0,0,0,0,0,0,0,0,0,0,0,0,0,0,0,0,0,0,0,0,0,0,0,0,0,0,0,0,0,0,0,0,0,0,0,0,0,0,0,0,0,0,0,0,0,0,0,0,0,0,0,0,0,0,0,0,0,0,0,0,0,0,0,0,0,0,0,0,0,0,0,0,0,0,0,0,0,0,0,0,0,0,0,0,0,0,0,0,0,0,0,0,0,0,0,0,0,0,0,0,0,0,0,0,0,0,0,0,0,0,0,0,0,0,0
0.691442830256511,0.0981652435029192,0.144126505425789,0.511483016248207,0.133931865132434,0.0622517960162778,0.131310326949975,0.101381973564583,0.207853267283765,0.370602690329097,0,0,0,0,0,0,0,0,0,0,0,0,0,0,0,0,0,0,0,0,0,0,0,0,0,0,0,0,0,0,0,0,0,0,0,0,0,0,0,0,0,0,0,0,0,0,0,0,0,0,0,0,0,0,0,0,0,0,0,0,0,0,0,0,0,0,0,0,0,0,0,0,0,0,0,0,0,0,0,0,0,0,0,0,0,0,0,0,0,0,0,0,0,0,0,0,0,0,0,0,0,0,0,0,0,0,0,0,0,0,0,0,0,0,0,0,0,0,0,0,0,0,0,0,0,0,0,0,0,0,0,0,0,0,0,0,0,0,0,0,0,0,0,0,0,0,0,0,0,0,0,0,0,0,0,0,0,0,0,0,0,0,0,0,0,0,0,0,0,0,0,0,0,0,0,0,0,0,0,0,0,0,0,0,0,0,0,0,0,0
0.292062737149342,0.0414646134948831,0.0608784701040422,0.110222318206388,0.0288617220663268,0.0134149855448879,0.0282967922317904,0.0218473650065526,0.0241589937091692,0.0141496429431266,0.945542198830415,0,0,0,0,0,0,0,0,0,0,0,0,0,0,0,0,0,0,0,0,0,0,0,0,0,0,0,0,0,0,0,0,0,0,0,0,0,0,0,0,0,0,0,0,0,0,0,0,0,0,0,0,0,0,0,0,0,0,0,0,0,0,0,0,0,0,0,0,0,0,0,0,0,0,0,0,0,0,0,0,0,0,0,0,0,0,0,0,0,0,0,0,0,0,0,0,0,0,0,0,0,0,0,0,0,0,0,0,0,0,0,0,0,0,0,0,0,0,0,0,0,0,0,0,0,0,0,0,0,0,0,0,0,0,0,0,0,0,0,0,0,0,0,0,0,0,0,0,0,0,0,0,0,0,0,0,0,0,0,0,0,0,0,0,0,0,0,0,0,0,0,0,0,0,0,0,0,0,0,0,0,0,0,0,0,0,0,0,0
0.292062737149342,0.0414646134948831,0.0608784701040422,0.110222318206388,0.0288617220663268,0.0134149855448879,0.0282967922317904,0.0218473650065526,0.0241589937091692,0.0141496429431266,0.789566882358631,0.520225132045278,0,0,0,0,0,0,0,0,0,0,0,0,0,0,0,0,0,0,0,0,0,0,0,0,0,0,0,0,0,0,0,0,0,0,0,0,0,0,0,0,0,0,0,0,0,0,0,0,0,0,0,0,0,0,0,0,0,0,0,0,0,0,0,0,0,0,0,0,0,0,0,0,0,0,0,0,0,0,0,0,0,0,0,0,0,0,0,0,0,0,0,0,0,0,0,0,0,0,0,0,0,0,0,0,0,0,0,0,0,0,0,0,0,0,0,0,0,0,0,0,0,0,0,0,0,0,0,0,0,0,0,0,0,0,0,0,0,0,0,0,0,0,0,0,0,0,0,0,0,0,0,0,0,0,0,0,0,0,0,0,0,0,0,0,0,0,0,0,0,0,0,0,0,0,0,0,0,0,0,0,0,0,0,0,0,0,0,0
0.292062737149342,0.0414646134948831,0.0608784701040422,0.110222318206388,0.0288617220663268,0.0134149855448879,0.0282967922317904,0.0218473650065526,0.0241589937091692,0.0141496429431266,0.789566882358631,0.411302924121136,0.318534287983146,0,0,0,0,0,0,0,0,0,0,0,0,0,0,0,0,0,0,0,0,0,0,0,0,0,0,0,0,0,0,0,0,0,0,0,0,0,0,0,0,0,0,0,0,0,0,0,0,0,0,0,0,0,0,0,0,0,0,0,0,0,0,0,0,0,0,0,0,0,0,0,0,0,0,0,0,0,0,0,0,0,0,0,0,0,0,0,0,0,0,0,0,0,0,0,0,0,0,0,0,0,0,0,0,0,0,0,0,0,0,0,0,0,0,0,0,0,0,0,0,0,0,0,0,0,0,0,0,0,0,0,0,0,0,0,0,0,0,0,0,0,0,0,0,0,0,0,0,0,0,0,0,0,0,0,0,0,0,0,0,0,0,0,0,0,0,0,0,0,0,0,0,0,0,0,0,0,0,0,0,0,0,0,0,0,0,0
0.292062737149342,0.0414646134948831,0.0608784701040422,0.110222318206388,0.0288617220663268,0.0134149855448879,0.0282967922317904,0.0218473650065526,0.0241589937091692,0.0141496429431266,0.789566882358631,0.411302924121136,0.243118445054265,0.205809412545506,0,0,0,0,0,0,0,0,0,0,0,0,0,0,0,0,0,0,0,0,0,0,0,0,0,0,0,0,0,0,0,0,0,0,0,0,0,0,0,0,0,0,0,0,0,0,0,0,0,0,0,0,0,0,0,0,0,0,0,0,0,0,0,0,0,0,0,0,0,0,0,0,0,0,0,0,0,0,0,0,0,0,0,0,0,0,0,0,0,0,0,0,0,0,0,0,0,0,0,0,0,0,0,0,0,0,0,0,0,0,0,0,0,0,0,0,0,0,0,0,0,0,0,0,0,0,0,0,0,0,0,0,0,0,0,0,0,0,0,0,0,0,0,0,0,0,0,0,0,0,0,0,0,0,0,0,0,0,0,0,0,0,0,0,0,0,0,0,0,0,0,0,0,0,0,0,0,0,0,0,0,0,0,0,0,0
0.292062737149342,0.0414646134948831,0.0608784701040422,0.110222318206388,0.0288617220663268,0.0134149855448879,0.0282967922317904,0.0218473650065526,0.0241589937091692,0.0141496429431266,0.789566882358631,0.411302924121136,0.243118445054265,0.174567213962493,0.109012852919734,0,0,0,0,0,0,0,0,0,0,0,0,0,0,0,0,0,0,0,0,0,0,0,0,0,0,0,0,0,0,0,0,0,0,0,0,0,0,0,0,0,0,0,0,0,0,0,0,0,0,0,0,0,0,0,0,0,0,0,0,0,0,0,0,0,0,0,0,0,0,0,0,0,0,0,0,0,0,0,0,0,0,0,0,0,0,0,0,0,0,0,0,0,0,0,0,0,0,0,0,0,0,0,0,0,0,0,0,0,0,0,0,0,0,0,0,0,0,0,0,0,0,0,0,0,0,0,0,0,0,0,0,0,0,0,0,0,0,0,0,0,0,0,0,0,0,0,0,0,0,0,0,0,0,0,0,0,0,0,0,0,0,0,0,0,0,0,0,0,0,0,0,0,0,0,0,0,0,0,0,0,0,0,0,0
0.292062737149342,0.0414646134948831,0.0608784701040422,0.110222318206388,0.0288617220663268,0.0134149855448879,0.0282967922317904,0.0218473650065526,0.0241589937091692,0.0141496429431266,0.789566882358631,0.30706539542504,0.105000441423639,0.03847587289584,0.0110268727904194,0.404620752713203,0,0,0,0,0,0,0,0,0,0,0,0,0,0,0,0,0,0,0,0,0,0,0,0,0,0,0,0,0,0,0,0,0,0,0,0,0,0,0,0,0,0,0,0,0,0,0,0,0,0,0,0,0,0,0,0,0,0,0,0,0,0,0,0,0,0,0,0,0,0,0,0,0,0,0,0,0,0,0,0,0,0,0,0,0,0,0,0,0,0,0,0,0,0,0,0,0,0,0,0,0,0,0,0,0,0,0,0,0,0,0,0,0,0,0,0,0,0,0,0,0,0,0,0,0,0,0,0,0,0,0,0,0,0,0,0,0,0,0,0,0,0,0,0,0,0,0,0,0,0,0,0,0,0,0,0,0,0,0,0,0,0,0,0,0,0,0,0,0,0,0,0,0,0,0,0,0,0,0,0,0,0,0,0
0.292062737149342,0.0414646134948831,0.0608784701040422,0.110222318206388,0.0288617220663268,0.0134149855448879,0.0282967922317904,0.0218473650065526,0.0241589937091692,0.0141496429431266,0.789566882358631,0.30706539542504,0.105000441423639,0.0384758728958401,0.0110268727904195,0.358909596733248,0.18682038138002,0,0,0,0,0,0,0,0,0,0,0,0,0,0,0,0,0,0,0,0,0,0,0,0,0,0,0,0,0,0,0,0,0,0,0,0,0,0,0,0,0,0,0,0,0,0,0,0,0,0,0,0,0,0,0,0,0,0,0,0,0,0,0,0,0,0,0,0,0,0,0,0,0,0,0,0,0,0,0,0,0,0,0,0,0,0,0,0,0,0,0,0,0,0,0,0,0,0,0,0,0,0,0,0,0,0,0,0,0,0,0,0,0,0,0,0,0,0,0,0,0,0,0,0,0,0,0,0,0,0,0,0,0,0,0,0,0,0,0,0,0,0,0,0,0,0,0,0,0,0,0,0,0,0,0,0,0,0,0,0,0,0,0,0,0,0,0,0,0,0,0,0,0,0,0,0,0,0,0,0,0,0,0
0.292062737149342,0.0414646134948831,0.0608784701040422,0.110222318206388,0.0288617220663268,0.0134149855448879,0.0282967922317904,0.0218473650065526,0.0241589937091692,0.0141496429431266,0.67856886944094,0.203450367233968,0.0695694750552999,0.0254927145387734,0.00730600501416886,0.0865036803908416,0.0211656950808943,0.615409006903013,0,0,0,0,0,0,0,0,0,0,0,0,0,0,0,0,0,0,0,0,0,0,0,0,0,0,0,0,0,0,0,0,0,0,0,0,0,0,0,0,0,0,0,0,0,0,0,0,0,0,0,0,0,0,0,0,0,0,0,0,0,0,0,0,0,0,0,0,0,0,0,0,0,0,0,0,0,0,0,0,0,0,0,0,0,0,0,0,0,0,0,0,0,0,0,0,0,0,0,0,0,0,0,0,0,0,0,0,0,0,0,0,0,0,0,0,0,0,0,0,0,0,0,0,0,0,0,0,0,0,0,0,0,0,0,0,0,0,0,0,0,0,0,0,0,0,0,0,0,0,0,0,0,0,0,0,0,0,0,0,0,0,0,0,0,0,0,0,0,0,0,0,0,0,0,0,0,0,0,0,0,0
0.292062737149342,0.0414646134948831,0.0608784701040422,0.110222318206388,0.0288617220663268,0.0134149855448879,0.0282967922317904,0.0218473650065526,0.0241589937091692,0.0141496429431266,0.67856886944094,0.203450367233968,0.0695694750552999,0.0254927145387734,0.00730600501416886,0.0865036803908416,0.0211656950808943,0.211260478509444,0.578011467051747,0,0,0,0,0,0,0,0,0,0,0,0,0,0,0,0,0,0,0,0,0,0,0,0,0,0,0,0,0,0,0,0,0,0,0,0,0,0,0,0,0,0,0,0,0,0,0,0,0,0,0,0,0,0,0,0,0,0,0,0,0,0,0,0,0,0,0,0,0,0,0,0,0,0,0,0,0,0,0,0,0,0,0,0,0,0,0,0,0,0,0,0,0,0,0,0,0,0,0,0,0,0,0,0,0,0,0,0,0,0,0,0,0,0,0,0,0,0,0,0,0,0,0,0,0,0,0,0,0,0,0,0,0,0,0,0,0,0,0,0,0,0,0,0,0,0,0,0,0,0,0,0,0,0,0,0,0,0,0,0,0,0,0,0,0,0,0,0,0,0,0,0,0,0,0,0,0,0,0,0,0
0.292062737149342,0.0414646134948831,0.0608784701040422,0.110222318206388,0.0288617220663268,0.0134149855448879,0.0282967922317904,0.0218473650065526,0.0241589937091692,0.0141496429431266,0.67856886944094,0.203450367233968,0.0695694750552999,0.0254927145387734,0.00730600501416886,0.0865036803908416,0.0211656950808943,0.211260478509444,0.498062425753813,0.293310545489829,0,0,0,0,0,0,0,0,0,0,0,0,0,0,0,0,0,0,0,0,0,0,0,0,0,0,0,0,0,0,0,0,0,0,0,0,0,0,0,0,0,0,0,0,0,0,0,0,0,0,0,0,0,0,0,0,0,0,0,0,0,0,0,0,0,0,0,0,0,0,0,0,0,0,0,0,0,0,0,0,0,0,0,0,0,0,0,0,0,0,0,0,0,0,0,0,0,0,0,0,0,0,0,0,0,0,0,0,0,0,0,0,0,0,0,0,0,0,0,0,0,0,0,0,0,0,0,0,0,0,0,0,0,0,0,0,0,0,0,0,0,0,0,0,0,0,0,0,0,0,0,0,0,0,0,0,0,0,0,0,0,0,0,0,0,0,0,0,0,0,0,0,0,0,0,0,0,0,0,0
0.292062737149342,0.0414646134948831,0.0608784701040422,0.110222318206388,0.0288617220663268,0.0134149855448879,0.0282967922317904,0.0218473650065526,0.0241589937091692,0.0141496429431266,0.67856886944094,0.203450367233968,0.0695694750552999,0.0254927145387734,0.00730600501416886,0.0865036803908416,0.0211656950808943,0.211260478509444,0.486146024715728,0.132511119032276,0.283196225298328,0,0,0,0,0,0,0,0,0,0,0,0,0,0,0,0,0,0,0,0,0,0,0,0,0,0,0,0,0,0,0,0,0,0,0,0,0,0,0,0,0,0,0,0,0,0,0,0,0,0,0,0,0,0,0,0,0,0,0,0,0,0,0,0,0,0,0,0,0,0,0,0,0,0,0,0,0,0,0,0,0,0,0,0,0,0,0,0,0,0,0,0,0,0,0,0,0,0,0,0,0,0,0,0,0,0,0,0,0,0,0,0,0,0,0,0,0,0,0,0,0,0,0,0,0,0,0,0,0,0,0,0,0,0,0,0,0,0,0,0,0,0,0,0,0,0,0,0,0,0,0,0,0,0,0,0,0,0,0,0,0,0,0,0,0,0,0,0,0,0,0,0,0,0,0,0,0,0,0
0.292062737149342,0.0414646134948831,0.0608784701040422,0.110222318206388,0.0288617220663268,0.0134149855448879,0.0282967922317904,0.0218473650065526,0.0241589937091692,0.0141496429431266,0.67856886944094,0.203450367233968,0.0695694750552999,0.0254927145387734,0.00730600501416886,0.0865036803908416,0.0211656950808943,0.211260478509444,0.432990613878093,0.118022297537059,0.0852328011379108,0.354150379394184,0,0,0,0,0,0,0,0,0,0,0,0,0,0,0,0,0,0,0,0,0,0,0,0,0,0,0,0,0,0,0,0,0,0,0,0,0,0,0,0,0,0,0,0,0,0,0,0,0,0,0,0,0,0,0,0,0,0,0,0,0,0,0,0,0,0,0,0,0,0,0,0,0,0,0,0,0,0,0,0,0,0,0,0,0,0,0,0,0,0,0,0,0,0,0,0,0,0,0,0,0,0,0,0,0,0,0,0,0,0,0,0,0,0,0,0,0,0,0,0,0,0,0,0,0,0,0,0,0,0,0,0,0,0,0,0,0,0,0,0,0,0,0,0,0,0,0,0,0,0,0,0,0,0,0,0,0,0,0,0,0,0,0,0,0,0,0,0,0,0,0,0,0,0,0,0,0,0
0.292062737149342,0.0414646134948831,0.0608784701040422,0.110222318206388,0.0288617220663268,0.0134149855448879,0.0282967922317904,0.0218473650065526,0.0241589937091692,0.0141496429431266,0.67856886944094,0.203450367233968,0.0695694750552999,0.0254927145387734,0.00730600501416886,0.0865036803908416,0.0211656950808943,0.211260478509444,0.432990613878093,0.118022297537059,0.0852328011379108,0.288615684924276,0.205240048822679,0,0,0,0,0,0,0,0,0,0,0,0,0,0,0,0,0,0,0,0,0,0,0,0,0,0,0,0,0,0,0,0,0,0,0,0,0,0,0,0,0,0,0,0,0,0,0,0,0,0,0,0,0,0,0,0,0,0,0,0,0,0,0,0,0,0,0,0,0,0,0,0,0,0,0,0,0,0,0,0,0,0,0,0,0,0,0,0,0,0,0,0,0,0,0,0,0,0,0,0,0,0,0,0,0,0,0,0,0,0,0,0,0,0,0,0,0,0,0,0,0,0,0,0,0,0,0,0,0,0,0,0,0,0,0,0,0,0,0,0,0,0,0,0,0,0,0,0,0,0,0,0,0,0,0,0,0,0,0,0,0,0,0,0,0,0,0,0,0,0,0,0,0,0,0,0,0
0.292062737149342,0.0414646134948831,0.0608784701040422,0.110222318206388,0.0288617220663268,0.0134149855448879,0.0282967922317904,0.0218473650065526,0.0241589937091692,0.0141496429431266,0.67856886944094,0.203450367233968,0.0695694750552999,0.0254927145387734,0.00730600501416886,0.0865036803908416,0.0211656950808943,0.211260478509444,0.432990613878093,0.118022297537059,0.0852328011379108,0.229727197876272,0.0733536257207619,0.259359116640574,0,0,0,0,0,0,0,0,0,0,0,0,0,0,0,0,0,0,0,0,0,0,0,0,0,0,0,0,0,0,0,0,0,0,0,0,0,0,0,0,0,0,0,0,0,0,0,0,0,0,0,0,0,0,0,0,0,0,0,0,0,0,0,0,0,0,0,0,0,0,0,0,0,0,0,0,0,0,0,0,0,0,0,0,0,0,0,0,0,0,0,0,0,0,0,0,0,0,0,0,0,0,0,0,0,0,0,0,0,0,0,0,0,0,0,0,0,0,0,0,0,0,0,0,0,0,0,0,0,0,0,0,0,0,0,0,0,0,0,0,0,0,0,0,0,0,0,0,0,0,0,0,0,0,0,0,0,0,0,0,0,0,0,0,0,0,0,0,0,0,0,0,0,0,0,0
0.292062737149342,0.0414646134948831,0.0608784701040422,0.110222318206388,0.0288617220663268,0.0134149855448879,0.0282967922317904,0.0218473650065526,0.0241589937091692,0.0141496429431266,0.67856886944094,0.203450367233968,0.0695694750552999,0.0254927145387734,0.00730600501416886,0.0865036803908416,0.0211656950808943,0.211260478509444,0.413099210375936,0.11260040369614,0.081317242729223,0.11206466946479,0.0357830935841931,0.0436407372266851,0.358345531128934,0,0,0,0,0,0,0,0,0,0,0,0,0,0,0,0,0,0,0,0,0,0,0,0,0,0,0,0,0,0,0,0,0,0,0,0,0,0,0,0,0,0,0,0,0,0,0,0,0,0,0,0,0,0,0,0,0,0,0,0,0,0,0,0,0,0,0,0,0,0,0,0,0,0,0,0,0,0,0,0,0,0,0,0,0,0,0,0,0,0,0,0,0,0,0,0,0,0,0,0,0,0,0,0,0,0,0,0,0,0,0,0,0,0,0,0,0,0,0,0,0,0,0,0,0,0,0,0,0,0,0,0,0,0,0,0,0,0,0,0,0,0,0,0,0,0,0,0,0,0,0,0,0,0,0,0,0,0,0,0,0,0,0,0,0,0,0,0,0,0,0,0,0,0,0
0.292062737149342,0.0414646134948831,0.0608784701040422,0.110222318206388,0.0288617220663268,0.0134149855448879,0.0282967922317904,0.0218473650065526,0.0241589937091692,0.0141496429431266,0.67856886944094,0.203450367233968,0.0695694750552999,0.0254927145387734,0.00730600501416886,0.0865036803908416,0.0211656950808943,0.211260478509444,0.413099210375936,0.11260040369614,0.081317242729223,0.11206466946479,0.0357830935841931,0.0436407372266851,0.0986056378567317,0.344511897999104,0,0,0,0,0,0,0,0,0,0,0,0,0,0,0,0,0,0,0,0,0,0,0,0,0,0,0,0,0,0,0,0,0,0,0,0,0,0,0,0,0,0,0,0,0,0,0,0,0,0,0,0,0,0,0,0,0,0,0,0,0,0,0,0,0,0,0,0,0,0,0,0,0,0,0,0,0,0,0,0,0,0,0,0,0,0,0,0,0,0,0,0,0,0,0,0,0,0,0,0,0,0,0,0,0,0,0,0,0,0,0,0,0,0,0,0,0,0,0,0,0,0,0,0,0,0,0,0,0,0,0,0,0,0,0,0,0,0,0,0,0,0,0,0,0,0,0,0,0,0,0,0,0,0,0,0,0,0,0,0,0,0,0,0,0,0,0,0,0,0,0,0,0,0
0.292062737149342,0.0414646134948831,0.0608784701040422,0.110222318206388,0.0288617220663268,0.0134149855448879,0.0282967922317904,0.0218473650065526,0.0241589937091692,0.0141496429431266,0.67856886944094,0.203450367233968,0.0695694750552999,0.0254927145387734,0.00730600501416886,0.0865036803908416,0.0211656950808943,0.211260478509444,0.377992193479707,0.103031118217514,0.0744065400632661,0.102540913075156,0.0327420863890537,0.0399319523616962,0.0844943673272976,0.0637033381986465,0.388186496259044,0,0,0,0,0,0,0,0,0,0,0,0,0,0,0,0,0,0,0,0,0,0,0,0,0,0,0,0,0,0,0,0,0,0,0,0,0,0,0,0,0,0,0,0,0,0,0,0,0,0,0,0,0,0,0,0,0,0,0,0,0,0,0,0,0,0,0,0,0,0,0,0,0,0,0,0,0,0,0,0,0,0,0,0,0,0,0,0,0,0,0,0,0,0,0,0,0,0,0,0,0,0,0,0,0,0,0,0,0,0,0,0,0,0,0,0,0,0,0,0,0,0,0,0,0,0,0,0,0,0,0,0,0,0,0,0,0,0,0,0,0,0,0,0,0,0,0,0,0,0,0,0,0,0,0,0,0,0,0,0,0,0,0,0,0,0,0,0,0,0,0,0,0
0.292062737149342,0.0414646134948831,0.0608784701040422,0.110222318206388,0.0288617220663268,0.0134149855448879,0.0282967922317904,0.0218473650065526,0.0241589937091692,0.0141496429431266,0.67856886944094,0.203450367233968,0.0695694750552999,0.0254927145387734,0.00730600501416886,0.0865036803908416,0.0211656950808943,0.211260478509444,0.377992193479707,0.103031118217514,0.0744065400632661,0.102540913075156,0.0327420863890537,0.0399319523616962,0.0844943673272976,0.0637033381986465,0.23605852370177,0.308164127155666,0,0,0,0,0,0,0,0,0,0,0,0,0,0,0,0,0,0,0,0,0,0,0,0,0,0,0,0,0,0,0,0,0,0,0,0,0,0,0,0,0,0,0,0,0,0,0,0,0,0,0,0,0,0,0,0,0,0,0,0,0,0,0,0,0,0,0,0,0,0,0,0,0,0,0,0,0,0,0,0,0,0,0,0,0,0,0,0,0,0,0,0,0,0,0,0,0,0,0,0,0,0,0,0,0,0,0,0,0,0,0,0,0,0,0,0,0,0,0,0,0,0,0,0,0,0,0,0,0,0,0,0,0,0,0,0,0,0,0,0,0,0,0,0,0,0,0,0,0,0,0,0,0,0,0,0,0,0,0,0,0,0,0,0,0,0,0,0,0,0,0,0
0.292062737149342,0.0414646134948831,0.0608784701040422,0.110222318206388,0.0288617220663268,0.0134149855448879,0.0282967922317904,0.0218473650065526,0.0241589937091692,0.0141496429431266,0.67856886944094,0.203450367233968,0.0695694750552999,0.0254927145387734,0.00730600501416886,0.0865036803908416,0.0211656950808943,0.211260478509444,0.377992193479707,0.103031118217514,0.0744065400632661,0.102540913075156,0.0327420863890537,0.0399319523616962,0.0844943673272976,0.0637033381986465,0.23605852370177,0.199027561000413,0.235272521191575,0,0,0,0,0,0,0,0,0,0,0,0,0,0,0,0,0,0,0,0,0,0,0,0,0,0,0,0,0,0,0,0,0,0,0,0,0,0,0,0,0,0,0,0,0,0,0,0,0,0,0,0,0,0,0,0,0,0,0,0,0,0,0,0,0,0,0,0,0,0,0,0,0,0,0,0,0,0,0,0,0,0,0,0,0,0,0,0,0,0,0,0,0,0,0,0,0,0,0,0,0,0,0,0,0,0,0,0,0,0,0,0,0,0,0,0,0,0,0,0,0,0,0,0,0,0,0,0,0,0,0,0,0,0,0,0,0,0,0,0,0,0,0,0,0,0,0,0,0,0,0,0,0,0,0,0,0,0,0,0,0,0,0,0,0,0,0,0,0,0,0
0.292062737149342,0.0414646134948831,0.0608784701040422,0.110222318206388,0.0288617220663268,0.0134149855448879,0.0282967922317904,0.0218473650065526,0.0241589937091692,0.0141496429431266,0.67856886944094,0.203450367233968,0.0695694750552999,0.0254927145387734,0.00730600501416886,0.0865036803908416,0.0211656950808943,0.211260478509444,0.377992193479707,0.103031118217514,0.0744065400632661,0.102540913075156,0.0327420863890537,0.0399319523616962,0.0844943673272976,0.0637033381986465,0.186733996381729,0.0921829044128814,0.0427611588250367,0.324796807101188,0,0,0,0,0,0,0,0,0,0,0,0,0,0,0,0,0,0,0,0,0,0,0,0,0,0,0,0,0,0,0,0,0,0,0,0,0,0,0,0,0,0,0,0,0,0,0,0,0,0,0,0,0,0,0,0,0,0,0,0,0,0,0,0,0,0,0,0,0,0,0,0,0,0,0,0,0,0,0,0,0,0,0,0,0,0,0,0,0,0,0,0,0,0,0,0,0,0,0,0,0,0,0,0,0,0,0,0,0,0,0,0,0,0,0,0,0,0,0,0,0,0,0,0,0,0,0,0,0,0,0,0,0,0,0,0,0,0,0,0,0,0,0,0,0,0,0,0,0,0,0,0,0,0,0,0,0,0,0,0,0,0,0,0,0,0,0,0,0,0
0.292062737149342,0.0414646134948831,0.0608784701040422,0.110222318206388,0.0288617220663268,0.0134149855448879,0.0282967922317904,0.0218473650065526,0.0241589937091692,0.0141496429431266,0.67856886944094,0.203450367233968,0.0695694750552999,0.0254927145387734,0.00730600501416886,0.0865036803908416,0.0211656950808943,0.211260478509444,0.377992193479707,0.103031118217514,0.0744065400632661,0.102540913075156,0.0327420863890537,0.0399319523616962,0.0844943673272976,0.0637033381986465,0.186733996381729,0.0921829044128814,0.0427611588250367,0.19114400383802,0.262596526442939,0,0,0,0,0,0,0,0,0,0,0,0,0,0,0,0,0,0,0,0,0,0,0,0,0,0,0,0,0,0,0,0,0,0,0,0,0,0,0,0,0,0,0,0,0,0,0,0,0,0,0,0,0,0,0,0,0,0,0,0,0,0,0,0,0,0,0,0,0,0,0,0,0,0,0,0,0,0,0,0,0,0,0,0,0,0,0,0,0,0,0,0,0,0,0,0,0,0,0,0,0,0,0,0,0,0,0,0,0,0,0,0,0,0,0,0,0,0,0,0,0,0,0,0,0,0,0,0,0,0,0,0,0,0,0,0,0,0,0,0,0,0,0,0,0,0,0,0,0,0,0,0,0,0,0,0,0,0,0,0,0,0,0,0,0,0,0,0,0
0.292062737149342,0.0414646134948831,0.0608784701040422,0.110222318206388,0.0288617220663268,0.0134149855448879,0.0282967922317904,0.0218473650065526,0.0241589937091692,0.0141496429431266,0.67856886944094,0.203450367233968,0.0695694750552999,0.0254927145387734,0.00730600501416886,0.0865036803908416,0.0211656950808943,0.211260478509444,0.216256708149567,0.0589461127690846,0.0425694331693777,0.0586656568437163,0.018732386389418,0.0228458489796546,0.0483408759508224,0.036445922573577,0.0516949359860357,0.0255196666647092,0.0118378838935686,0.0232619142001112,0.0118395322444896,0.519537106445748,0,0,0,0,0,0,0,0,0,0,0,0,0,0,0,0,0,0,0,0,0,0,0,0,0,0,0,0,0,0,0,0,0,0,0,0,0,0,0,0,0,0,0,0,0,0,0,0,0,0,0,0,0,0,0,0,0,0,0,0,0,0,0,0,0,0,0,0,0,0,0,0,0,0,0,0,0,0,0,0,0,0,0,0,0,0,0,0,0,0,0,0,0,0,0,0,0,0,0,0,0,0,0,0,0,0,0,0,0,0,0,0,0,0,0,0,0,0,0,0,0,0,0,0,0,0,0,0,0,0,0,0,0,0,0,0,0,0,0,0,0,0,0,0,0,0,0,0,0,0,0,0,0,0,0,0,0,0,0,0,0,0,0,0,0,0,0,0
0.292062737149342,0.0414646134948831,0.0608784701040422,0.110222318206388,0.0288617220663268,0.0134149855448879,0.0282967922317904,0.0218473650065526,0.0241589937091692,0.0141496429431266,0.67856886944094,0.203450367233968,0.0695694750552999,0.0254927145387734,0.00730600501416886,0.0865036803908416,0.0211656950808945,0.211260478509444,0.216256708149567,0.0589461127690846,0.0425694331693777,0.0586656568437162,0.018732386389418,0.0228458489796546,0.0483408759508223,0.0364459225735769,0.0516949359860357,0.0255196666647092,0.0118378838935686,0.0232619142001112,0.0118395322444896,0.201781377640574,0.478751585450631,0,0,0,0,0,0,0,0,0,0,0,0,0,0,0,0,0,0,0,0,0,0,0,0,0,0,0,0,0,0,0,0,0,0,0,0,0,0,0,0,0,0,0,0,0,0,0,0,0,0,0,0,0,0,0,0,0,0,0,0,0,0,0,0,0,0,0,0,0,0,0,0,0,0,0,0,0,0,0,0,0,0,0,0,0,0,0,0,0,0,0,0,0,0,0,0,0,0,0,0,0,0,0,0,0,0,0,0,0,0,0,0,0,0,0,0,0,0,0,0,0,0,0,0,0,0,0,0,0,0,0,0,0,0,0,0,0,0,0,0,0,0,0,0,0,0,0,0,0,0,0,0,0,0,0,0,0,0,0,0,0,0,0,0,0,0,0
0.292062737149342,0.0414646134948831,0.0608784701040422,0.110222318206388,0.0288617220663268,0.0134149855448879,0.0282967922317904,0.0218473650065526,0.0241589937091692,0.0141496429431266,0.67856886944094,0.203450367233968,0.0695694750552999,0.0254927145387734,0.00730600501416886,0.0865036803908416,0.0211656950808945,0.211260478509444,0.216256708149567,0.0589461127690846,0.0425694331693777,0.0586656568437162,0.018732386389418,0.0228458489796546,0.0483408759508223,0.0364459225735769,0.0516949359860357,0.0255196666647092,0.0118378838935686,0.0232619142001112,0.0118395322444896,0.201781377640574,0.237800324283694,0.415516649909558,0,0,0,0,0,0,0,0,0,0,0,0,0,0,0,0,0,0,0,0,0,0,0,0,0,0,0,0,0,0,0,0,0,0,0,0,0,0,0,0,0,0,0,0,0,0,0,0,0,0,0,0,0,0,0,0,0,0,0,0,0,0,0,0,0,0,0,0,0,0,0,0,0,0,0,0,0,0,0,0,0,0,0,0,0,0,0,0,0,0,0,0,0,0,0,0,0,0,0,0,0,0,0,0,0,0,0,0,0,0,0,0,0,0,0,0,0,0,0,0,0,0,0,0,0,0,0,0,0,0,0,0,0,0,0,0,0,0,0,0,0,0,0,0,0,0,0,0,0,0,0,0,0,0,0,0,0,0,0,0,0,0,0,0,0,0
0.292062737149342,0.0414646134948831,0.0608784701040422,0.110222318206388,0.0288617220663268,0.0134149855448879,0.0282967922317904,0.0218473650065526,0.0241589937091692,0.0141496429431266,0.67856886944094,0.203450367233968,0.0695694750552999,0.0254927145387734,0.00730600501416886,0.0865036803908416,0.0211656950808945,0.211260478509444,0.216256708149567,0.0589461127690846,0.0425694331693777,0.0586656568437162,0.018732386389418,0.0228458489796546,0.0483408759508223,0.0364459225735769,0.0516949359860357,0.0255196666647092,0.0118378838935686,0.0232619142001112,0.0118395322444896,0.201781377640574,0.237800324283694,0.288446604770592,0.299086346305512,0,0,0,0,0,0,0,0,0,0,0,0,0,0,0,0,0,0,0,0,0,0,0,0,0,0,0,0,0,0,0,0,0,0,0,0,0,0,0,0,0,0,0,0,0,0,0,0,0,0,0,0,0,0,0,0,0,0,0,0,0,0,0,0,0,0,0,0,0,0,0,0,0,0,0,0,0,0,0,0,0,0,0,0,0,0,0,0,0,0,0,0,0,0,0,0,0,0,0,0,0,0,0,0,0,0,0,0,0,0,0,0,0,0,0,0,0,0,0,0,0,0,0,0,0,0,0,0,0,0,0,0,0,0,0,0,0,0,0,0,0,0,0,0,0,0,0,0,0,0,0,0,0,0,0,0,0,0,0,0,0,0,0,0,0
0.292062737149342,0.0414646134948831,0.0608784701040422,0.110222318206388,0.0288617220663268,0.0134149855448879,0.0282967922317904,0.0218473650065526,0.0241589937091692,0.0141496429431266,0.67856886944094,0.203450367233968,0.0695694750552999,0.0254927145387734,0.00730600501416886,0.0865036803908416,0.0211656950808945,0.211260478509444,0.216256708149567,0.0589461127690846,0.0425694331693777,0.0586656568437162,0.018732386389418,0.0228458489796546,0.0483408759508223,0.0364459225735769,0.0516949359860357,0.0255196666647092,0.0118378838935686,0.0232619142001112,0.0118395322444896,0.201781377640574,0.237800324283694,0.288446604770592,0.154072168507852,0.256348219097907,0,0,0,0,0,0,0,0,0,0,0,0,0,0,0,0,0,0,0,0,0,0,0,0,0,0,0,0,0,0,0,0,0,0,0,0,0,0,0,0,0,0,0,0,0,0,0,0,0,0,0,0,0,0,0,0,0,0,0,0,0,0,0,0,0,0,0,0,0,0,0,0,0,0,0,0,0,0,0,0,0,0,0,0,0,0,0,0,0,0,0,0,0,0,0,0,0,0,0,0,0,0,0,0,0,0,0,0,0,0,0,0,0,0,0,0,0,0,0,0,0,0,0,0,0,0,0,0,0,0,0,0,0,0,0,0,0,0,0,0,0,0,0,0,0,0,0,0,0,0,0,0,0,0,0,0,0,0,0,0,0,0,0,0
0.292062737149342,0.0414646134948831,0.0608784701040422,0.110222318206388,0.0288617220663268,0.0134149855448879,0.0282967922317904,0.0218473650065526,0.0241589937091692,0.0141496429431266,0.67856886944094,0.203450367233968,0.0695694750552999,0.0254927145387734,0.00730600501416886,0.0865036803908416,0.0211656950808945,0.211260478509444,0.216256708149567,0.0589461127690846,0.0425694331693777,0.0586656568437162,0.018732386389418,0.0228458489796546,0.0483408759508223,0.0364459225735769,0.0516949359860357,0.0255196666647092,0.0118378838935686,0.0232619142001112,0.0118395322444896,0.201781377640574,0.237800324283694,0.288446604770592,0.154072168507852,0.159472418371103,0.200706146426911,0,0,0,0,0,0,0,0,0,0,0,0,0,0,0,0,0,0,0,0,0,0,0,0,0,0,0,0,0,0,0,0,0,0,0,0,0,0,0,0,0,0,0,0,0,0,0,0,0,0,0,0,0,0,0,0,0,0,0,0,0,0,0,0,0,0,0,0,0,0,0,0,0,0,0,0,0,0,0,0,0,0,0,0,0,0,0,0,0,0,0,0,0,0,0,0,0,0,0,0,0,0,0,0,0,0,0,0,0,0,0,0,0,0,0,0,0,0,0,0,0,0,0,0,0,0,0,0,0,0,0,0,0,0,0,0,0,0,0,0,0,0,0,0,0,0,0,0,0,0,0,0,0,0,0,0,0,0,0,0,0,0,0
0.292062737149342,0.0414646134948831,0.0608784701040422,0.110222318206388,0.0288617220663268,0.0134149855448879,0.0282967922317904,0.0218473650065526,0.0241589937091692,0.0141496429431266,0.67856886944094,0.203450367233968,0.0695694750552999,0.0254927145387734,0.00730600501416886,0.0865036803908416,0.0211656950808945,0.211260478509444,0.216256708149567,0.0589461127690846,0.0425694331693777,0.0586656568437162,0.018732386389418,0.0228458489796546,0.0483408759508223,0.0364459225735769,0.0516949359860357,0.0255196666647092,0.0118378838935686,0.0232619142001112,0.0118395322444896,0.201781377640574,0.237800324283694,0.288446604770592,0.154072168507852,0.159472418371103,0.144244039701511,0.139558640807832,0,0,0,0,0,0,0,0,0,0,0,0,0,0,0,0,0,0,0,0,0,0,0,0,0,0,0,0,0,0,0,0,0,0,0,0,0,0,0,0,0,0,0,0,0,0,0,0,0,0,0,0,0,0,0,0,0,0,0,0,0,0,0,0,0,0,0,0,0,0,0,0,0,0,0,0,0,0,0,0,0,0,0,0,0,0,0,0,0,0,0,0,0,0,0,0,0,0,0,0,0,0,0,0,0,0,0,0,0,0,0,0,0,0,0,0,0,0,0,0,0,0,0,0,0,0,0,0,0,0,0,0,0,0,0,0,0,0,0,0,0,0,0,0,0,0,0,0,0,0,0,0,0,0,0,0,0,0,0,0,0,0
0.292062737149342,0.0414646134948831,0.0608784701040422,0.110222318206388,0.0288617220663268,0.0134149855448879,0.0282967922317904,0.0218473650065526,0.0241589937091692,0.0141496429431266,0.67856886944094,0.203450367233968,0.0695694750552999,0.0254927145387734,0.00730600501416886,0.0865036803908416,0.0211656950808945,0.211260478509444,0.216256708149567,0.0589461127690846,0.0425694331693777,0.0586656568437162,0.018732386389418,0.0228458489796546,0.0483408759508223,0.0364459225735769,0.0516949359860357,0.0255196666647092,0.0118378838935686,0.0232619142001112,0.0118395322444896,0.201781377640574,0.237800324283694,0.288446604770592,0.154072168507852,0.0912898394107073,0.0440633057261861,0.017826965469029,0.23477904302063,0,0,0,0,0,0,0,0,0,0,0,0,0,0,0,0,0,0,0,0,0,0,0,0,0,0,0,0,0,0,0,0,0,0,0,0,0,0,0,0,0,0,0,0,0,0,0,0,0,0,0,0,0,0,0,0,0,0,0,0,0,0,0,0,0,0,0,0,0,0,0,0,0,0,0,0,0,0,0,0,0,0,0,0,0,0,0,0,0,0,0,0,0,0,0,0,0,0,0,0,0,0,0,0,0,0,0,0,0,0,0,0,0,0,0,0,0,0,0,0,0,0,0,0,0,0,0,0,0,0,0,0,0,0,0,0,0,0,0,0,0,0,0,0,0,0,0,0,0,0,0,0,0,0,0,0,0,0,0,0,0
0.292062737149342,0.0414646134948831,0.0608784701040422,0.110222318206388,0.0288617220663268,0.0134149855448879,0.0282967922317904,0.0218473650065526,0.0241589937091692,0.0141496429431266,0.67856886944094,0.203450367233968,0.0695694750552999,0.0254927145387734,0.00730600501416886,0.0865036803908416,0.0211656950808945,0.211260478509444,0.216256708149567,0.0589461127690846,0.0425694331693777,0.0586656568437162,0.018732386389418,0.0228458489796546,0.0483408759508223,0.0364459225735769,0.0516949359860357,0.0255196666647092,0.0118378838935686,0.0232619142001112,0.0118395322444896,0.201781377640574,0.237800324283694,0.288446604770592,0.154072168507852,0.0912898394107073,0.0440633057261861,0.017826965469029,0.158398514676691,0.173294863137662,0,0,0,0,0,0,0,0,0,0,0,0,0,0,0,0,0,0,0,0,0,0,0,0,0,0,0,0,0,0,0,0,0,0,0,0,0,0,0,0,0,0,0,0,0,0,0,0,0,0,0,0,0,0,0,0,0,0,0,0,0,0,0,0,0,0,0,0,0,0,0,0,0,0,0,0,0,0,0,0,0,0,0,0,0,0,0,0,0,0,0,0,0,0,0,0,0,0,0,0,0,0,0,0,0,0,0,0,0,0,0,0,0,0,0,0,0,0,0,0,0,0,0,0,0,0,0,0,0,0,0,0,0,0,0,0,0,0,0,0,0,0,0,0,0,0,0,0,0,0,0,0,0,0,0,0,0,0,0,0
0.292062737149342,0.0414646134948831,0.0608784701040422,0.110222318206388,0.0288617220663268,0.0134149855448879,0.0282967922317904,0.0218473650065526,0.0241589937091692,0.0141496429431266,0.67856886944094,0.203450367233968,0.0695694750552999,0.0254927145387734,0.00730600501416886,0.0865036803908416,0.0211656950808945,0.211260478509444,0.216256708149567,0.0589461127690846,0.0425694331693777,0.0586656568437162,0.018732386389418,0.0228458489796546,0.0483408759508223,0.0364459225735769,0.0516949359860357,0.0255196666647092,0.0118378838935686,0.0232619142001112,0.0118395322444896,0.201781377640574,0.237800324283694,0.288446604770592,0.154072168507852,0.0912898394107073,0.0440633057261861,0.017826965469029,0.108981715201192,0.0480342050317053,0.202328692850177,0,0,0,0,0,0,0,0,0,0,0,0,0,0,0,0,0,0,0,0,0,0,0,0,0,0,0,0,0,0,0,0,0,0,0,0,0,0,0,0,0,0,0,0,0,0,0,0,0,0,0,0,0,0,0,0,0,0,0,0,0,0,0,0,0,0,0,0,0,0,0,0,0,0,0,0,0,0,0,0,0,0,0,0,0,0,0,0,0,0,0,0,0,0,0,0,0,0,0,0,0,0,0,0,0,0,0,0,0,0,0,0,0,0,0,0,0,0,0,0,0,0,0,0,0,0,0,0,0,0,0,0,0,0,0,0,0,0,0,0,0,0,0,0,0,0,0,0,0,0,0,0,0,0,0,0,0,0,0
0.292062737149342,0.0414646134948831,0.0608784701040422,0.110222318206388,0.0288617220663268,0.0134149855448879,0.0282967922317904,0.0218473650065526,0.0241589937091692,0.0141496429431266,0.67856886944094,0.203450367233968,0.0695694750552999,0.0254927145387734,0.00730600501416886,0.0865036803908416,0.0211656950808945,0.211260478509444,0.216256708149567,0.0589461127690846,0.0425694331693777,0.0586656568437162,0.018732386389418,0.0228458489796546,0.0483408759508223,0.0364459225735769,0.0516949359860357,0.0255196666647092,0.0118378838935686,0.0232619142001112,0.0118395322444896,0.201781377640574,0.237800324283694,0.288446604770592,0.154072168507852,0.0912898394107073,0.0440633057261861,0.017826965469029,0.097099279349561,0.042796965381736,0.0502109291686549,0.203322923792703,0,0,0,0,0,0,0,0,0,0,0,0,0,0,0,0,0,0,0,0,0,0,0,0,0,0,0,0,0,0,0,0,0,0,0,0,0,0,0,0,0,0,0,0,0,0,0,0,0,0,0,0,0,0,0,0,0,0,0,0,0,0,0,0,0,0,0,0,0,0,0,0,0,0,0,0,0,0,0,0,0,0,0,0,0,0,0,0,0,0,0,0,0,0,0,0,0,0,0,0,0,0,0,0,0,0,0,0,0,0,0,0,0,0,0,0,0,0,0,0,0,0,0,0,0,0,0,0,0,0,0,0,0,0,0,0,0,0,0,0,0,0,0,0,0,0,0,0,0,0,0,0,0,0,0,0,0,0
0.292062737149342,0.0414646134948831,0.0608784701040422,0.110222318206388,0.0288617220663268,0.0134149855448879,0.0282967922317904,0.0218473650065526,0.0241589937091692,0.0141496429431266,0.67856886944094,0.203450367233968,0.0695694750552999,0.0254927145387734,0.00730600501416886,0.0865036803908416,0.0211656950808945,0.211260478509444,0.216256708149567,0.0589461127690846,0.0425694331693777,0.0586656568437162,0.018732386389418,0.0228458489796546,0.0483408759508223,0.0364459225735769,0.0516949359860357,0.0255196666647092,0.0118378838935686,0.0232619142001112,0.0118395322444896,0.201781377640574,0.237800324283694,0.212222902960101,0.0901651786909594,0.0510057346989203,0.0246191832117919,0.00996033597024224,0.0304821021079745,0.0134351302853766,0.0157625749656208,0.0139203795656224,0.338566052498683,0,0,0,0,0,0,0,0,0,0,0,0,0,0,0,0,0,0,0,0,0,0,0,0,0,0,0,0,0,0,0,0,0,0,0,0,0,0,0,0,0,0,0,0,0,0,0,0,0,0,0,0,0,0,0,0,0,0,0,0,0,0,0,0,0,0,0,0,0,0,0,0,0,0,0,0,0,0,0,0,0,0,0,0,0,0,0,0,0,0,0,0,0,0,0,0,0,0,0,0,0,0,0,0,0,0,0,0,0,0,0,0,0,0,0,0,0,0,0,0,0,0,0,0,0,0,0,0,0,0,0,0,0,0,0,0,0,0,0,0,0,0,0,0,0,0,0,0,0,0,0,0,0,0,0,0,0
0.292062737149342,0.0414646134948831,0.0608784701040422,0.110222318206388,0.0288617220663268,0.0134149855448879,0.0282967922317904,0.0218473650065526,0.0241589937091692,0.0141496429431266,0.67856886944094,0.203450367233968,0.0695694750552999,0.0254927145387734,0.00730600501416886,0.0865036803908416,0.0211656950808945,0.211260478509444,0.216256708149567,0.0589461127690846,0.0425694331693777,0.0586656568437162,0.018732386389418,0.0228458489796546,0.0483408759508223,0.0364459225735769,0.0516949359860357,0.0255196666647092,0.0118378838935686,0.0232619142001112,0.0118395322444896,0.201781377640574,0.237800324283694,0.212222902960101,0.0901651786909594,0.0510057346989203,0.0246191832117919,0.00996033597024224,0.0304821021079745,0.0134351302853766,0.0157625749656208,0.0139203795656224,0.253686711974394,0.22420977693259,0,0,0,0,0,0,0,0,0,0,0,0,0,0,0,0,0,0,0,0,0,0,0,0,0,0,0,0,0,0,0,0,0,0,0,0,0,0,0,0,0,0,0,0,0,0,0,0,0,0,0,0,0,0,0,0,0,0,0,0,0,0,0,0,0,0,0,0,0,0,0,0,0,0,0,0,0,0,0,0,0,0,0,0,0,0,0,0,0,0,0,0,0,0,0,0,0,0,0,0,0,0,0,0,0,0,0,0,0,0,0,0,0,0,0,0,0,0,0,0,0,0,0,0,0,0,0,0,0,0,0,0,0,0,0,0,0,0,0,0,0,0,0,0,0,0,0,0,0,0,0,0,0,0,0,0
0.291118827875226,0.0413306051869164,0.0606817187036886,0.109866093823281,0.028768444685613,0.0133716300337003,0.0282053406317813,0.0217767571274169,0.0240809149428124,0.0141039131135365,0.196195679645499,0.0588239232172274,0.0201147312465137,0.00737074846811648,0.00211239666863769,0.0250109445487837,0.00611967055751728,0.0593353264592918,0.0414875590489416,0.0113084600017198,0.00816669174060053,0.0112546562059259,0.00359369655215999,0.00438283980495575,0.00927390859986747,0.00699193277194741,0.00991736500385735,0.00489579577309195,0.00227102738801181,0.00446265943482807,0.00227134361430025,0.02245851515874,0.0149061059409973,0.00864380531165965,0.00367241348424199,0.00207745551665796,0.00100273544300172,0.000405682910584258,0.00124153120344884,0.000547210734109175,0.000642007188257541,0.000566974860636351,0.00362768154660088,0.00137333537154444,0.919202800769632,0,0,0,0,0,0,0,0,0,0,0,0,0,0,0,0,0,0,0,0,0,0,0,0,0,0,0,0,0,0,0,0,0,0,0,0,0,0,0,0,0,0,0,0,0,0,0,0,0,0,0,0,0,0,0,0,0,0,0,0,0,0,0,0,0,0,0,0,0,0,0,0,0,0,0,0,0,0,0,0,0,0,0,0,0,0,0,0,0,0,0,0,0,0,0,0,0,0,0,0,0,0,0,0,0,0,0,0,0,0,0,0,0,0,0,0,0,0,0,0,0,0,0,0,0,0,0,0,0,0,0,0,0,0,0,0,0,0,0,0,0,0,0,0,0,0,0,0,0,0,0,0,0,0,0
0.291118827875226,0.0413306051869164,0.0606817187036886,0.109866093823281,0.028768444685613,0.0133716300337003,0.0282053406317813,0.0217767571274169,0.0240809149428124,0.0141039131135365,0.196195679645499,0.0588239232172274,0.0201147312465137,0.00737074846811648,0.00211239666863769,0.0250109445487837,0.00611967055751728,0.0593353264592918,0.0414875590489416,0.0113084600017198,0.00816669174060053,0.0112546562059259,0.00359369655215999,0.00438283980495575,0.00927390859986747,0.00699193277194741,0.00991736500385735,0.00489579577309195,0.00227102738801181,0.00446265943482807,0.00227134361430025,0.02245851515874,0.0149061059409973,0.00864380531165965,0.00367241348424199,0.00207745551665796,0.00100273544300172,0.000405682910584258,0.00124153120344884,0.000547210734109175,0.000642007188257541,0.000566974860636351,0.00362768154660088,0.00137333537154444,0.810110209215256,0.434344607273936,0,0,0,0,0,0,0,0,0,0,0,0,0,0,0,0,0,0,0,0,0,0,0,0,0,0,0,0,0,0,0,0,0,0,0,0,0,0,0,0,0,0,0,0,0,0,0,0,0,0,0,0,0,0,0,0,0,0,0,0,0,0,0,0,0,0,0,0,0,0,0,0,0,0,0,0,0,0,0,0,0,0,0,0,0,0,0,0,0,0,0,0,0,0,0,0,0,0,0,0,0,0,0,0,0,0,0,0,0,0,0,0,0,0,0,0,0,0,0,0,0,0,0,0,0,0,0,0,0,0,0,0,0,0,0,0,0,0,0,0,0,0,0,0,0,0,0,0,0,0,0,0,0,0
0.291118827875226,0.0413306051869164,0.0606817187036886,0.109866093823281,0.028768444685613,0.0133716300337003,0.0282053406317813,0.0217767571274169,0.0240809149428124,0.0141039131135365,0.196195679645499,0.0588239232172274,0.0201147312465137,0.00737074846811648,0.00211239666863769,0.0250109445487837,0.00611967055751728,0.0593353264592918,0.0414875590489416,0.0113084600017198,0.00816669174060053,0.0112546562059259,0.00359369655215999,0.00438283980495575,0.00927390859986747,0.00699193277194741,0.00991736500385735,0.00489579577309195,0.00227102738801181,0.00446265943482807,0.00227134361430025,0.02245851515874,0.0149061059409973,0.00864380531165965,0.00367241348424199,0.00207745551665796,0.00100273544300172,0.000405682910584258,0.00124153120344884,0.000547210734109175,0.000642007188257541,0.000566974860636351,0.00362768154660088,0.00137333537154444,0.806607228176355,0.202592299788249,0.391503420726947,0,0,0,0,0,0,0,0,0,0,0,0,0,0,0,0,0,0,0,0,0,0,0,0,0,0,0,0,0,0,0,0,0,0,0,0,0,0,0,0,0,0,0,0,0,0,0,0,0,0,0,0,0,0,0,0,0,0,0,0,0,0,0,0,0,0,0,0,0,0,0,0,0,0,0,0,0,0,0,0,0,0,0,0,0,0,0,0,0,0,0,0,0,0,0,0,0,0,0,0,0,0,0,0,0,0,0,0,0,0,0,0,0,0,0,0,0,0,0,0,0,0,0,0,0,0,0,0,0,0,0,0,0,0,0,0,0,0,0,0,0,0,0,0,0,0,0,0,0,0,0,0,0
0.291118827875226,0.0413306051869164,0.0606817187036886,0.109866093823281,0.028768444685613,0.0133716300337003,0.0282053406317813,0.0217767571274169,0.0240809149428124,0.0141039131135365,0.196195679645499,0.0588239232172274,0.0201147312465137,0.00737074846811648,0.00211239666863769,0.0250109445487837,0.00611967055751728,0.0593353264592918,0.0414875590489416,0.0113084600017198,0.00816669174060053,0.0112546562059259,0.00359369655215999,0.00438283980495575,0.00927390859986747,0.00699193277194741,0.00991736500385735,0.00489579577309195,0.00227102738801181,0.00446265943482807,0.00227134361430025,0.02245851515874,0.0149061059409973,0.00864380531165965,0.00367241348424199,0.00207745551665796,0.00100273544300172,0.000405682910584258,0.00124153120344884,0.000547210734109175,0.000642007188257541,0.000566974860636351,0.00362768154660088,0.00137333537154444,0.806607228176355,0.202592299788249,0.253845427547909,0.298056080887339,0,0,0,0,0,0,0,0,0,0,0,0,0,0,0,0,0,0,0,0,0,0,0,0,0,0,0,0,0,0,0,0,0,0,0,0,0,0,0,0,0,0,0,0,0,0,0,0,0,0,0,0,0,0,0,0,0,0,0,0,0,0,0,0,0,0,0,0,0,0,0,0,0,0,0,0,0,0,0,0,0,0,0,0,0,0,0,0,0,0,0,0,0,0,0,0,0,0,0,0,0,0,0,0,0,0,0,0,0,0,0,0,0,0,0,0,0,0,0,0,0,0,0,0,0,0,0,0,0,0,0,0,0,0,0,0,0,0,0,0,0,0,0,0,0,0,0,0,0,0,0,0
0.291118827875226,0.0413306051869164,0.0606817187036886,0.109866093823281,0.028768444685613,0.0133716300337003,0.0282053406317813,0.0217767571274169,0.0240809149428124,0.0141039131135365,0.196195679645499,0.0588239232172274,0.0201147312465137,0.00737074846811648,0.00211239666863769,0.0250109445487837,0.00611967055751728,0.0593353264592918,0.0414875590489416,0.0113084600017198,0.00816669174060053,0.0112546562059259,0.00359369655215999,0.00438283980495575,0.00927390859986747,0.00699193277194741,0.00991736500385735,0.00489579577309195,0.00227102738801181,0.00446265943482807,0.00227134361430025,0.02245851515874,0.0149061059409973,0.00864380531165965,0.00367241348424199,0.00207745551665796,0.00100273544300172,0.000405682910584258,0.00124153120344884,0.000547210734109175,0.000642007188257538,0.000566974860636351,0.00362768154660088,0.00137333537154444,0.478242855431537,0.120118338337021,0.0753837033676932,0.0348161637672574,0.771293897885029,0,0,0,0,0,0,0,0,0,0,0,0,0,0,0,0,0,0,0,0,0,0,0,0,0,0,0,0,0,0,0,0,0,0,0,0,0,0,0,0,0,0,0,0,0,0,0,0,0,0,0,0,0,0,0,0,0,0,0,0,0,0,0,0,0,0,0,0,0,0,0,0,0,0,0,0,0,0,0,0,0,0,0,0,0,0,0,0,0,0,0,0,0,0,0,0,0,0,0,0,0,0,0,0,0,0,0,0,0,0,0,0,0,0,0,0,0,0,0,0,0,0,0,0,0,0,0,0,0,0,0,0,0,0,0,0,0,0,0,0,0,0,0,0,0,0,0,0,0,0,0
0.291118827875226,0.0413306051869164,0.0606817187036886,0.109866093823281,0.028768444685613,0.0133716300337003,0.0282053406317813,0.0217767571274169,0.0240809149428124,0.0141039131135365,0.196195679645499,0.0588239232172274,0.0201147312465137,0.00737074846811648,0.00211239666863769,0.0250109445487837,0.00611967055751728,0.0593353264592918,0.0414875590489416,0.0113084600017198,0.00816669174060053,0.0112546562059259,0.00359369655215999,0.00438283980495575,0.00927390859986747,0.00699193277194741,0.00991736500385735,0.00489579577309195,0.00227102738801181,0.00446265943482807,0.00227134361430025,0.02245851515874,0.0149061059409973,0.00864380531165965,0.00367241348424199,0.00207745551665796,0.00100273544300172,0.000405682910584258,0.00124153120344884,0.000547210734109175,0.000642007188257538,0.000566974860636351,0.00362768154660088,0.00137333537154444,0.478242855431537,0.120118338337021,0.0753837033676932,0.0348161637672574,0.763019124506812,0.112676938863013,0,0,0,0,0,0,0,0,0,0,0,0,0,0,0,0,0,0,0,0,0,0,0,0,0,0,0,0,0,0,0,0,0,0,0,0,0,0,0,0,0,0,0,0,0,0,0,0,0,0,0,0,0,0,0,0,0,0,0,0,0,0,0,0,0,0,0,0,0,0,0,0,0,0,0,0,0,0,0,0,0,0,0,0,0,0,0,0,0,0,0,0,0,0,0,0,0,0,0,0,0,0,0,0,0,0,0,0,0,0,0,0,0,0,0,0,0,0,0,0,0,0,0,0,0,0,0,0,0,0,0,0,0,0,0,0,0,0,0,0,0,0,0,0,0,0,0,0,0,0
0.291118827875226,0.0413306051869164,0.0606817187036886,0.109866093823281,0.028768444685613,0.0133716300337003,0.0282053406317813,0.0217767571274169,0.0240809149428124,0.0141039131135365,0.196195679645499,0.0588239232172274,0.0201147312465137,0.00737074846811648,0.00211239666863769,0.0250109445487837,0.00611967055751728,0.0593353264592918,0.0414875590489416,0.0113084600017198,0.00816669174060053,0.0112546562059259,0.00359369655215999,0.00438283980495575,0.00927390859986747,0.00699193277194741,0.00991736500385735,0.00489579577309195,0.00227102738801181,0.00446265943482807,0.00227134361430025,0.02245851515874,0.0149061059409973,0.00864380531165965,0.00367241348424199,0.00207745551665796,0.00100273544300172,0.000405682910584258,0.00124153120344884,0.000547210734109175,0.000642007188257538,0.000566974860636351,0.00362768154660088,0.00137333537154444,0.478242855431537,0.120118338337021,0.0753837033676932,0.0348161637672574,0.501884393177688,0.0368574054062488,0.584506513679757,0,0,0,0,0,0,0,0,0,0,0,0,0,0,0,0,0,0,0,0,0,0,0,0,0,0,0,0,0,0,0,0,0,0,0,0,0,0,0,0,0,0,0,0,0,0,0,0,0,0,0,0,0,0,0,0,0,0,0,0,0,0,0,0,0,0,0,0,0,0,0,0,0,0,0,0,0,0,0,0,0,0,0,0,0,0,0,0,0,0,0,0,0,0,0,0,0,0,0,0,0,0,0,0,0,0,0,0,0,0,0,0,0,0,0,0,0,0,0,0,0,0,0,0,0,0,0,0,0,0,0,0,0,0,0,0,0,0,0,0,0,0,0,0,0,0,0,0,0
0.291118827875226,0.0413306051869164,0.0606817187036886,0.109866093823281,0.028768444685613,0.0133716300337003,0.0282053406317813,0.0217767571274169,0.0240809149428124,0.0141039131135365,0.196195679645499,0.0588239232172274,0.0201147312465137,0.00737074846811648,0.00211239666863769,0.0250109445487837,0.00611967055751728,0.0593353264592918,0.0414875590489416,0.0113084600017198,0.00816669174060053,0.0112546562059259,0.00359369655215999,0.00438283980495575,0.00927390859986747,0.00699193277194741,0.00991736500385735,0.00489579577309195,0.00227102738801181,0.00446265943482807,0.00227134361430025,0.02245851515874,0.0149061059409973,0.00864380531165965,0.00367241348424199,0.00207745551665796,0.00100273544300172,0.000405682910584258,0.00124153120344884,0.000547210734109175,0.000642007188257538,0.000566974860636351,0.00362768154660088,0.00137333537154444,0.478242855431537,0.120118338337021,0.0753837033676932,0.0348161637672574,0.501884393177688,0.0368574054062488,0.415767765792959,0.410834552419335,0,0,0,0,0,0,0,0,0,0,0,0,0,0,0,0,0,0,0,0,0,0,0,0,0,0,0,0,0,0,0,0,0,0,0,0,0,0,0,0,0,0,0,0,0,0,0,0,0,0,0,0,0,0,0,0,0,0,0,0,0,0,0,0,0,0,0,0,0,0,0,0,0,0,0,0,0,0,0,0,0,0,0,0,0,0,0,0,0,0,0,0,0,0,0,0,0,0,0,0,0,0,0,0,0,0,0,0,0,0,0,0,0,0,0,0,0,0,0,0,0,0,0,0,0,0,0,0,0,0,0,0,0,0,0,0,0,0,0,0,0,0,0,0,0,0,0,0
0.291118827875226,0.0413306051869164,0.0606817187036886,0.109866093823281,0.028768444685613,0.0133716300337003,0.0282053406317813,0.0217767571274169,0.0240809149428124,0.0141039131135365,0.196195679645499,0.0588239232172274,0.0201147312465137,0.00737074846811648,0.00211239666863769,0.0250109445487837,0.00611967055751728,0.0593353264592918,0.0414875590489416,0.0113084600017198,0.00816669174060053,0.0112546562059259,0.00359369655215999,0.00438283980495575,0.00927390859986747,0.00699193277194741,0.00991736500385735,0.00489579577309195,0.00227102738801181,0.00446265943482807,0.00227134361430025,0.02245851515874,0.0149061059409973,0.00864380531165965,0.00367241348424199,0.00207745551665796,0.00100273544300172,0.000405682910584258,0.00124153120344884,0.000547210734109175,0.000642007188257538,0.000566974860636351,0.00362768154660088,0.00137333537154444,0.478242855431537,0.120118338337021,0.0753837033676932,0.0348161637672574,0.501884393177688,0.0368574054062488,0.415767765792959,0.358054592110964,0.201449593024774,0,0,0,0,0,0,0,0,0,0,0,0,0,0,0,0,0,0,0,0,0,0,0,0,0,0,0,0,0,0,0,0,0,0,0,0,0,0,0,0,0,0,0,0,0,0,0,0,0,0,0,0,0,0,0,0,0,0,0,0,0,0,0,0,0,0,0,0,0,0,0,0,0,0,0,0,0,0,0,0,0,0,0,0,0,0,0,0,0,0,0,0,0,0,0,0,0,0,0,0,0,0,0,0,0,0,0,0,0,0,0,0,0,0,0,0,0,0,0,0,0,0,0,0,0,0,0,0,0,0,0,0,0,0,0,0,0,0,0,0,0,0,0,0,0,0,0
0.291118827875226,0.0413306051869164,0.0606817187036886,0.109866093823281,0.028768444685613,0.0133716300337003,0.0282053406317813,0.0217767571274169,0.0240809149428124,0.0141039131135365,0.196195679645499,0.0588239232172274,0.0201147312465137,0.00737074846811648,0.00211239666863769,0.0250109445487837,0.00611967055751728,0.0593353264592918,0.0414875590489416,0.0113084600017198,0.00816669174060053,0.0112546562059259,0.00359369655215999,0.00438283980495575,0.00927390859986747,0.00699193277194741,0.00991736500385735,0.00489579577309195,0.00227102738801181,0.00446265943482807,0.00227134361430025,0.02245851515874,0.0149061059409973,0.00864380531165965,0.00367241348424199,0.00207745551665796,0.00100273544300172,0.000405682910584258,0.00124153120344884,0.000547210734109175,0.000642007188257538,0.000566974860636351,0.00362768154660088,0.00137333537154444,0.478242855431537,0.120118338337021,0.0753837033676932,0.0348161637672574,0.501884393177688,0.0368574054062488,0.401455234221098,0.164886456497278,0.0432003882392761,0.389137176827523,0,0,0,0,0,0,0,0,0,0,0,0,0,0,0,0,0,0,0,0,0,0,0,0,0,0,0,0,0,0,0,0,0,0,0,0,0,0,0,0,0,0,0,0,0,0,0,0,0,0,0,0,0,0,0,0,0,0,0,0,0,0,0,0,0,0,0,0,0,0,0,0,0,0,0,0,0,0,0,0,0,0,0,0,0,0,0,0,0,0,0,0,0,0,0,0,0,0,0,0,0,0,0,0,0,0,0,0,0,0,0,0,0,0,0,0,0,0,0,0,0,0,0,0,0,0,0,0,0,0,0,0,0,0,0,0,0,0,0,0,0,0,0,0,0,0
0.291118827875226,0.0413306051869164,0.0606817187036886,0.109866093823281,0.028768444685613,0.0133716300337003,0.0282053406317813,0.0217767571274169,0.0240809149428124,0.0141039131135365,0.196195679645499,0.0588239232172274,0.0201147312465137,0.00737074846811648,0.00211239666863769,0.0250109445487837,0.00611967055751728,0.0593353264592918,0.0414875590489416,0.0113084600017198,0.00816669174060053,0.0112546562059259,0.00359369655215999,0.00438283980495575,0.00927390859986747,0.00699193277194741,0.00991736500385735,0.00489579577309195,0.00227102738801181,0.00446265943482807,0.00227134361430025,0.02245851515874,0.0149061059409973,0.00864380531165965,0.00367241348424199,0.00207745551665796,0.00100273544300172,0.000405682910584258,0.00124153120344884,0.000547210734109175,0.000642007188257538,0.000566974860636351,0.00362768154660088,0.00137333537154444,0.478242855431537,0.120118338337021,0.0753837033676932,0.0348161637672574,0.438077348100642,0.0321715411710827,0.199889033065294,0.0820988034164021,0.0215099545281761,0.0568532779830973,0.59292216480585,0,0,0,0,0,0,0,0,0,0,0,0,0,0,0,0,0,0,0,0,0,0,0,0,0,0,0,0,0,0,0,0,0,0,0,0,0,0,0,0,0,0,0,0,0,0,0,0,0,0,0,0,0,0,0,0,0,0,0,0,0,0,0,0,0,0,0,0,0,0,0,0,0,0,0,0,0,0,0,0,0,0,0,0,0,0,0,0,0,0,0,0,0,0,0,0,0,0,0,0,0,0,0,0,0,0,0,0,0,0,0,0,0,0,0,0,0,0,0,0,0,0,0,0,0,0,0,0,0,0,0,0,0,0,0,0,0,0,0,0,0,0,0,0,0
0.291118827875226,0.0413306051869164,0.0606817187036886,0.109866093823281,0.028768444685613,0.0133716300337003,0.0282053406317813,0.0217767571274169,0.0240809149428124,0.0141039131135365,0.196195679645499,0.0588239232172274,0.0201147312465137,0.00737074846811648,0.00211239666863769,0.0250109445487837,0.00611967055751728,0.0593353264592918,0.0414875590489416,0.0113084600017198,0.00816669174060053,0.0112546562059259,0.00359369655215999,0.00438283980495575,0.00927390859986747,0.00699193277194741,0.00991736500385735,0.00489579577309195,0.00227102738801181,0.00446265943482807,0.00227134361430025,0.02245851515874,0.0149061059409973,0.00864380531165965,0.00367241348424199,0.00207745551665796,0.00100273544300172,0.000405682910584258,0.00124153120344884,0.000547210734109175,0.000642007188257538,0.000566974860636351,0.00362768154660088,0.00137333537154444,0.478242855431537,0.120118338337021,0.0753837033676932,0.0348161637672574,0.438077348100642,0.0321715411710827,0.199889033065294,0.0820988034164021,0.0215099545281761,0.0568532779830973,0.487295707882103,0.337786303152949,0,0,0,0,0,0,0,0,0,0,0,0,0,0,0,0,0,0,0,0,0,0,0,0,0,0,0,0,0,0,0,0,0,0,0,0,0,0,0,0,0,0,0,0,0,0,0,0,0,0,0,0,0,0,0,0,0,0,0,0,0,0,0,0,0,0,0,0,0,0,0,0,0,0,0,0,0,0,0,0,0,0,0,0,0,0,0,0,0,0,0,0,0,0,0,0,0,0,0,0,0,0,0,0,0,0,0,0,0,0,0,0,0,0,0,0,0,0,0,0,0,0,0,0,0,0,0,0,0,0,0,0,0,0,0,0,0,0,0,0,0,0,0,0
0.291118827875226,0.0413306051869164,0.0606817187036886,0.109866093823281,0.028768444685613,0.0133716300337003,0.0282053406317813,0.0217767571274169,0.0240809149428124,0.0141039131135365,0.196195679645499,0.0588239232172274,0.0201147312465137,0.00737074846811648,0.00211239666863769,0.0250109445487837,0.00611967055751728,0.0593353264592918,0.0414875590489416,0.0113084600017198,0.00816669174060053,0.0112546562059259,0.00359369655215999,0.00438283980495575,0.00927390859986747,0.00699193277194741,0.00991736500385735,0.00489579577309195,0.00227102738801181,0.00446265943482807,0.00227134361430025,0.02245851515874,0.0149061059409973,0.00864380531165965,0.00367241348424199,0.00207745551665796,0.00100273544300172,0.000405682910584258,0.00124153120344884,0.000547210734109175,0.000642007188257538,0.000566974860636351,0.00362768154660088,0.00137333537154444,0.478242855431537,0.120118338337021,0.0753837033676932,0.0348161637672574,0.438077348100642,0.0321715411710827,0.199889033065294,0.0820988034164021,0.0215099545281763,0.0568532779830973,0.467260168421557,0.14611319521033,0.334478045198997,0,0,0,0,0,0,0,0,0,0,0,0,0,0,0,0,0,0,0,0,0,0,0,0,0,0,0,0,0,0,0,0,0,0,0,0,0,0,0,0,0,0,0,0,0,0,0,0,0,0,0,0,0,0,0,0,0,0,0,0,0,0,0,0,0,0,0,0,0,0,0,0,0,0,0,0,0,0,0,0,0,0,0,0,0,0,0,0,0,0,0,0,0,0,0,0,0,0,0,0,0,0,0,0,0,0,0,0,0,0,0,0,0,0,0,0,0,0,0,0,0,0,0,0,0,0,0,0,0,0,0,0,0,0,0,0,0,0,0,0,0,0,0
0.291118827875226,0.0413306051869164,0.0606817187036886,0.109866093823281,0.028768444685613,0.0133716300337003,0.0282053406317813,0.0217767571274169,0.0240809149428124,0.0141039131135365,0.196195679645499,0.0588239232172274,0.0201147312465137,0.00737074846811648,0.00211239666863769,0.0250109445487837,0.00611967055751728,0.0593353264592918,0.0414875590489416,0.0113084600017198,0.00816669174060053,0.0112546562059259,0.00359369655215999,0.00438283980495575,0.00927390859986747,0.00699193277194741,0.00991736500385735,0.00489579577309195,0.00227102738801181,0.00446265943482807,0.00227134361430025,0.02245851515874,0.0149061059409973,0.00864380531165965,0.00367241348424199,0.00207745551665796,0.00100273544300172,0.000405682910584258,0.00124153120344884,0.000547210734109175,0.000642007188257538,0.000566974860636351,0.00362768154660088,0.00137333537154444,0.451473171930359,0.113394704385254,0.0711640943188994,0.0328673261125189,0.23201515667979,0.0170387380169316,0.105865517873253,0.0434812866277299,0.0113921331282426,0.0301107150511182,0.0844547156318289,0.0264091595764125,0.0201927199072693,0.738653578667408,0,0,0,0,0,0,0,0,0,0,0,0,0,0,0,0,0,0,0,0,0,0,0,0,0,0,0,0,0,0,0,0,0,0,0,0,0,0,0,0,0,0,0,0,0,0,0,0,0,0,0,0,0,0,0,0,0,0,0,0,0,0,0,0,0,0,0,0,0,0,0,0,0,0,0,0,0,0,0,0,0,0,0,0,0,0,0,0,0,0,0,0,0,0,0,0,0,0,0,0,0,0,0,0,0,0,0,0,0,0,0,0,0,0,0,0,0,0,0,0,0,0,0,0,0,0,0,0,0,0,0,0,0,0,0,0,0,0,0,0,0,0
0.291118827875226,0.0413306051869164,0.0606817187036886,0.109866093823281,0.028768444685613,0.0133716300337003,0.0282053406317813,0.0217767571274169,0.0240809149428124,0.0141039131135365,0.196195679645499,0.0588239232172274,0.0201147312465137,0.00737074846811648,0.00211239666863769,0.0250109445487837,0.00611967055751728,0.0593353264592918,0.0414875590489416,0.0113084600017198,0.00816669174060053,0.0112546562059259,0.00359369655215999,0.00438283980495575,0.00927390859986747,0.00699193277194741,0.00991736500385735,0.00489579577309195,0.00227102738801181,0.00446265943482807,0.00227134361430025,0.02245851515874,0.0149061059409973,0.00864380531165965,0.00367241348424199,0.00207745551665796,0.00100273544300172,0.000405682910584258,0.00124153120344884,0.000547210734109175,0.000642007188257538,0.000566974860636351,0.00362768154660088,0.00137333537154444,0.451473171930359,0.113394704385254,0.0711640943188994,0.0328673261125189,0.23201515667979,0.0170387380169316,0.105865517873253,0.0434812866277299,0.0113921331282426,0.0301107150511182,0.0844547156318289,0.0264091595764125,0.0201927199072693,0.465531793941258,0.573488673042461,0,0,0,0,0,0,0,0,0,0,0,0,0,0,0,0,0,0,0,0,0,0,0,0,0,0,0,0,0,0,0,0,0,0,0,0,0,0,0,0,0,0,0,0,0,0,0,0,0,0,0,0,0,0,0,0,0,0,0,0,0,0,0,0,0,0,0,0,0,0,0,0,0,0,0,0,0,0,0,0,0,0,0,0,0,0,0,0,0,0,0,0,0,0,0,0,0,0,0,0,0,0,0,0,0,0,0,0,0,0,0,0,0,0,0,0,0,0,0,0,0,0,0,0,0,0,0,0,0,0,0,0,0,0,0,0,0,0,0,0,0
0.291118827875226,0.0413306051869164,0.0606817187036886,0.109866093823281,0.028768444685613,0.0133716300337003,0.0282053406317813,0.0217767571274169,0.0240809149428124,0.0141039131135365,0.196195679645499,0.0588239232172274,0.0201147312465137,0.00737074846811648,0.00211239666863769,0.0250109445487837,0.00611967055751728,0.0593353264592918,0.0414875590489416,0.0113084600017198,0.00816669174060053,0.0112546562059259,0.00359369655215999,0.00438283980495575,0.00927390859986747,0.00699193277194741,0.00991736500385735,0.00489579577309195,0.00227102738801181,0.00446265943482807,0.00227134361430025,0.02245851515874,0.0149061059409973,0.00864380531165965,0.00367241348424199,0.00207745551665796,0.00100273544300172,0.000405682910584258,0.00124153120344884,0.000547210734109175,0.000642007188257538,0.000566974860636351,0.00362768154660088,0.00137333537154444,0.451473171930359,0.113394704385254,0.0711640943188994,0.0328673261125189,0.23201515667979,0.0170387380169316,0.105865517873253,0.0434812866277299,0.0113921331282426,0.0301107150511182,0.0844547156318289,0.0264091595764125,0.0201927199072693,0.465531793941258,0.548828146348932,0.166363829852518,0,0,0,0,0,0,0,0,0,0,0,0,0,0,0,0,0,0,0,0,0,0,0,0,0,0,0,0,0,0,0,0,0,0,0,0,0,0,0,0,0,0,0,0,0,0,0,0,0,0,0,0,0,0,0,0,0,0,0,0,0,0,0,0,0,0,0,0,0,0,0,0,0,0,0,0,0,0,0,0,0,0,0,0,0,0,0,0,0,0,0,0,0,0,0,0,0,0,0,0,0,0,0,0,0,0,0,0,0,0,0,0,0,0,0,0,0,0,0,0,0,0,0,0,0,0,0,0,0,0,0,0,0,0,0,0,0,0,0,0
0.291118827875226,0.0413306051869164,0.0606817187036886,0.109866093823281,0.028768444685613,0.0133716300337003,0.0282053406317813,0.0217767571274169,0.0240809149428124,0.0141039131135365,0.196195679645499,0.0588239232172274,0.0201147312465137,0.00737074846811648,0.00211239666863769,0.0250109445487837,0.00611967055751728,0.0593353264592918,0.0414875590489416,0.0113084600017198,0.00816669174060053,0.0112546562059259,0.00359369655215999,0.00438283980495575,0.00927390859986747,0.00699193277194741,0.00991736500385735,0.00489579577309195,0.00227102738801181,0.00446265943482807,0.00227134361430025,0.02245851515874,0.0149061059409973,0.00864380531165965,0.00367241348424199,0.00207745551665796,0.00100273544300172,0.000405682910584258,0.00124153120344884,0.000547210734109175,0.000642007188257538,0.000566974860636351,0.00362768154660088,0.00137333537154444,0.451473171930359,0.113394704385254,0.0711640943188994,0.0328673261125189,0.23201515667979,0.0170387380169316,0.105865517873253,0.0434812866277299,0.0113921331282426,0.0301107150511182,0.0844547156318289,0.0264091595764125,0.0201927199072693,0.465531793941258,0.264077728291575,0.0391449023112411,0.507562693764433,0,0,0,0,0,0,0,0,0,0,0,0,0,0,0,0,0,0,0,0,0,0,0,0,0,0,0,0,0,0,0,0,0,0,0,0,0,0,0,0,0,0,0,0,0,0,0,0,0,0,0,0,0,0,0,0,0,0,0,0,0,0,0,0,0,0,0,0,0,0,0,0,0,0,0,0,0,0,0,0,0,0,0,0,0,0,0,0,0,0,0,0,0,0,0,0,0,0,0,0,0,0,0,0,0,0,0,0,0,0,0,0,0,0,0,0,0,0,0,0,0,0,0,0,0,0,0,0,0,0,0,0,0,0,0,0,0,0,0
0.291118827875226,0.0413306051869164,0.0606817187036886,0.109866093823281,0.028768444685613,0.0133716300337003,0.0282053406317813,0.0217767571274169,0.0240809149428124,0.0141039131135365,0.196195679645499,0.0588239232172274,0.0201147312465137,0.00737074846811648,0.00211239666863769,0.0250109445487837,0.00611967055751728,0.0593353264592918,0.0414875590489416,0.0113084600017198,0.00816669174060053,0.0112546562059259,0.00359369655215999,0.00438283980495575,0.00927390859986747,0.00699193277194741,0.00991736500385735,0.00489579577309195,0.00227102738801181,0.00446265943482807,0.00227134361430025,0.02245851515874,0.0149061059409973,0.00864380531165965,0.00367241348424199,0.00207745551665796,0.00100273544300172,0.000405682910584258,0.00124153120344884,0.000547210734109175,0.000642007188257538,0.000566974860636351,0.00362768154660088,0.00137333537154444,0.451473171930359,0.113394704385254,0.0711640943188994,0.0328673261125189,0.23201515667979,0.0170387380169316,0.105865517873253,0.0434812866277299,0.0113921331282426,0.0301107150511182,0.0844547156318289,0.0264091595764125,0.0201927199072693,0.465531793941258,0.264077728291575,0.0391449023112411,0.36229866000899,0.355470911689125,0,0,0,0,0,0,0,0,0,0,0,0,0,0,0,0,0,0,0,0,0,0,0,0,0,0,0,0,0,0,0,0,0,0,0,0,0,0,0,0,0,0,0,0,0,0,0,0,0,0,0,0,0,0,0,0,0,0,0,0,0,0,0,0,0,0,0,0,0,0,0,0,0,0,0,0,0,0,0,0,0,0,0,0,0,0,0,0,0,0,0,0,0,0,0,0,0,0,0,0,0,0,0,0,0,0,0,0,0,0,0,0,0,0,0,0,0,0,0,0,0,0,0,0,0,0,0,0,0,0,0,0,0,0,0,0,0,0
0.291118827875226,0.0413306051869164,0.0606817187036886,0.109866093823281,0.028768444685613,0.0133716300337003,0.0282053406317813,0.0217767571274169,0.0240809149428124,0.0141039131135365,0.196195679645499,0.0588239232172274,0.0201147312465137,0.00737074846811648,0.00211239666863769,0.0250109445487837,0.00611967055751728,0.0593353264592918,0.0414875590489416,0.0113084600017198,0.00816669174060053,0.0112546562059259,0.00359369655215999,0.00438283980495575,0.00927390859986747,0.00699193277194741,0.00991736500385735,0.00489579577309195,0.00227102738801181,0.00446265943482807,0.00227134361430025,0.02245851515874,0.0149061059409973,0.00864380531165965,0.00367241348424199,0.00207745551665796,0.00100273544300172,0.000405682910584258,0.00124153120344884,0.000547210734109175,0.000642007188257538,0.000566974860636351,0.00362768154660088,0.00137333537154444,0.451473171930359,0.113394704385254,0.0711640943188994,0.0328673261125189,0.23201515667979,0.0170387380169316,0.105865517873253,0.0434812866277299,0.0113921331282426,0.0301107150511182,0.0844547156318289,0.0264091595764125,0.0201927199072693,0.231235018838344,0.110124792354247,0.016324073471251,0.0658732649034814,0.0269192664205646,0.688971404444025,0,0,0,0,0,0,0,0,0,0,0,0,0,0,0,0,0,0,0,0,0,0,0,0,0,0,0,0,0,0,0,0,0,0,0,0,0,0,0,0,0,0,0,0,0,0,0,0,0,0,0,0,0,0,0,0,0,0,0,0,0,0,0,0,0,0,0,0,0,0,0,0,0,0,0,0,0,0,0,0,0,0,0,0,0,0,0,0,0,0,0,0,0,0,0,0,0,0,0,0,0,0,0,0,0,0,0,0,0,0,0,0,0,0,0,0,0,0,0,0,0,0,0,0,0,0,0,0,0,0,0,0,0,0,0,0,0
0.291118827875226,0.0413306051869164,0.0606817187036886,0.109866093823281,0.028768444685613,0.0133716300337003,0.0282053406317813,0.0217767571274169,0.0240809149428124,0.0141039131135365,0.196195679645499,0.0588239232172274,0.0201147312465137,0.00737074846811648,0.00211239666863769,0.0250109445487837,0.00611967055751728,0.0593353264592918,0.0414875590489416,0.0113084600017198,0.00816669174060053,0.0112546562059259,0.00359369655215999,0.00438283980495575,0.00927390859986747,0.00699193277194741,0.00991736500385735,0.00489579577309195,0.00227102738801181,0.00446265943482807,0.00227134361430025,0.02245851515874,0.0149061059409973,0.00864380531165965,0.00367241348424199,0.00207745551665796,0.00100273544300172,0.000405682910584258,0.00124153120344884,0.000547210734109175,0.000642007188257538,0.000566974860636351,0.00362768154660088,0.00137333537154444,0.451473171930359,0.113394704385254,0.0711640943188994,0.0328673261125189,0.23201515667979,0.0170387380169316,0.105865517873253,0.0434812866277299,0.0113921331282426,0.0301107150511182,0.0844547156318289,0.0264091595764125,0.0201927199072693,0.231235018838344,0.110124792354247,0.016324073471251,0.0658732649034814,0.0269192664205646,0.634229064839328,0.269137677508378,0,0,0,0,0,0,0,0,0,0,0,0,0,0,0,0,0,0,0,0,0,0,0,0,0,0,0,0,0,0,0,0,0,0,0,0,0,0,0,0,0,0,0,0,0,0,0,0,0,0,0,0,0,0,0,0,0,0,0,0,0,0,0,0,0,0,0,0,0,0,0,0,0,0,0,0,0,0,0,0,0,0,0,0,0,0,0,0,0,0,0,0,0,0,0,0,0,0,0,0,0,0,0,0,0,0,0,0,0,0,0,0,0,0,0,0,0,0,0,0,0,0,0,0,0,0,0,0,0,0,0,0,0,0,0,0
0.291118827875226,0.0413306051869164,0.0606817187036886,0.109866093823281,0.028768444685613,0.0133716300337003,0.0282053406317813,0.0217767571274169,0.0240809149428124,0.0141039131135365,0.196195679645499,0.0588239232172274,0.0201147312465137,0.00737074846811648,0.00211239666863769,0.0250109445487837,0.00611967055751728,0.0593353264592918,0.0414875590489416,0.0113084600017198,0.00816669174060053,0.0112546562059259,0.00359369655215999,0.00438283980495575,0.00927390859986747,0.00699193277194741,0.00991736500385735,0.00489579577309195,0.00227102738801181,0.00446265943482807,0.00227134361430025,0.02245851515874,0.0149061059409972,0.00864380531165959,0.00367241348424197,0.00207745551665795,0.00100273544300172,0.000405682910584256,0.00124153120344884,0.000547210734109172,0.000642007188257534,0.000566974860636347,0.00362768154660086,0.00137333537154443,0.451473171930359,0.113394704385254,0.0711640943188994,0.0328673261125189,0.23201515667979,0.0170387380169316,0.105865517873253,0.0434812866277298,0.0113921331282426,0.0301107150511182,0.0844547156318288,0.0264091595764125,0.0201927199072692,0.231235018838345,0.110124792354247,0.016324073471251,0.0658732649034814,0.0269192664205646,0.310973242952611,0.0632516525790256,0.611536153317309,0,0,0,0,0,0,0,0,0,0,0,0,0,0,0,0,0,0,0,0,0,0,0,0,0,0,0,0,0,0,0,0,0,0,0,0,0,0,0,0,0,0,0,0,0,0,0,0,0,0,0,0,0,0,0,0,0,0,0,0,0,0,0,0,0,0,0,0,0,0,0,0,0,0,0,0,0,0,0,0,0,0,0,0,0,0,0,0,0,0,0,0,0,0,0,0,0,0,0,0,0,0,0,0,0,0,0,0,0,0,0,0,0,0,0,0,0,0,0,0,0,0,0,0,0,0,0,0,0,0,0,0,0,0,0
0.291118827875226,0.0413306051869164,0.0606817187036886,0.109866093823281,0.028768444685613,0.0133716300337003,0.0282053406317813,0.0217767571274169,0.0240809149428124,0.0141039131135365,0.196195679645499,0.0588239232172274,0.0201147312465137,0.00737074846811648,0.00211239666863769,0.0250109445487837,0.00611967055751728,0.0593353264592918,0.0414875590489416,0.0113084600017198,0.00816669174060053,0.0112546562059259,0.00359369655215999,0.00438283980495575,0.00927390859986747,0.00699193277194741,0.00991736500385735,0.00489579577309195,0.00227102738801181,0.00446265943482807,0.00227134361430025,0.02245851515874,0.0149061059409972,0.00864380531165959,0.00367241348424197,0.00207745551665795,0.00100273544300172,0.000405682910584256,0.00124153120344884,0.000547210734109172,0.000642007188257534,0.000566974860636347,0.00362768154660086,0.00137333537154443,0.451473171930359,0.113394704385254,0.0711640943188994,0.0328673261125189,0.23201515667979,0.0170387380169316,0.105865517873253,0.0434812866277298,0.0113921331282426,0.0301107150511182,0.0844547156318288,0.0264091595764125,0.0201927199072692,0.231235018838345,0.110124792354247,0.016324073471251,0.0658732649034814,0.0269192664205646,0.310973242952611,0.0632516525790256,0.603416979296173,0.0993197659643555,0,0,0,0,0,0,0,0,0,0,0,0,0,0,0,0,0,0,0,0,0,0,0,0,0,0,0,0,0,0,0,0,0,0,0,0,0,0,0,0,0,0,0,0,0,0,0,0,0,0,0,0,0,0,0,0,0,0,0,0,0,0,0,0,0,0,0,0,0,0,0,0,0,0,0,0,0,0,0,0,0,0,0,0,0,0,0,0,0,0,0,0,0,0,0,0,0,0,0,0,0,0,0,0,0,0,0,0,0,0,0,0,0,0,0,0,0,0,0,0,0,0,0,0,0,0,0,0,0,0,0,0,0,0
0.291118827875226,0.0413306051869164,0.0606817187036886,0.109866093823281,0.028768444685613,0.0133716300337003,0.0282053406317813,0.0217767571274169,0.0240809149428124,0.0141039131135365,0.196195679645499,0.0588239232172274,0.0201147312465137,0.00737074846811648,0.00211239666863769,0.0250109445487837,0.00611967055751728,0.0593353264592918,0.0414875590489416,0.0113084600017198,0.00816669174060053,0.0112546562059259,0.00359369655215999,0.00438283980495575,0.00927390859986747,0.00699193277194741,0.00991736500385735,0.00489579577309195,0.00227102738801181,0.00446265943482807,0.00227134361430025,0.02245851515874,0.0149061059409972,0.00864380531165959,0.00367241348424197,0.00207745551665795,0.00100273544300172,0.000405682910584256,0.00124153120344884,0.000547210734109172,0.000642007188257534,0.000566974860636347,0.00362768154660086,0.00137333537154443,0.451473171930359,0.113394704385254,0.0711640943188994,0.0328673261125189,0.23201515667979,0.0170387380169316,0.105865517873253,0.0434812866277298,0.0113921331282426,0.0301107150511182,0.0844547156318288,0.0264091595764125,0.0201927199072692,0.231235018838345,0.110124792354247,0.016324073471251,0.0658732649034814,0.0269192664205646,0.310973242952611,0.0632516525790256,0.293740791105649,0.0240126683438732,0.535832255640482,0,0,0,0,0,0,0,0,0,0,0,0,0,0,0,0,0,0,0,0,0,0,0,0,0,0,0,0,0,0,0,0,0,0,0,0,0,0,0,0,0,0,0,0,0,0,0,0,0,0,0,0,0,0,0,0,0,0,0,0,0,0,0,0,0,0,0,0,0,0,0,0,0,0,0,0,0,0,0,0,0,0,0,0,0,0,0,0,0,0,0,0,0,0,0,0,0,0,0,0,0,0,0,0,0,0,0,0,0,0,0,0,0,0,0,0,0,0,0,0,0,0,0,0,0,0,0,0,0,0,0,0,0
0.291118827875226,0.0413306051869164,0.0606817187036886,0.109866093823281,0.028768444685613,0.0133716300337003,0.0282053406317813,0.0217767571274169,0.0240809149428124,0.0141039131135365,0.196195679645499,0.0588239232172274,0.0201147312465137,0.00737074846811648,0.00211239666863769,0.0250109445487837,0.00611967055751728,0.0593353264592918,0.0414875590489416,0.0113084600017198,0.00816669174060053,0.0112546562059259,0.00359369655215999,0.00438283980495575,0.00927390859986747,0.00699193277194741,0.00991736500385735,0.00489579577309195,0.00227102738801181,0.00446265943482807,0.00227134361430025,0.02245851515874,0.0149061059409972,0.00864380531165959,0.00367241348424197,0.00207745551665795,0.00100273544300172,0.000405682910584256,0.00124153120344884,0.000547210734109172,0.000642007188257534,0.000566974860636347,0.00362768154660086,0.00137333537154443,0.451473171930359,0.113394704385254,0.0711640943188994,0.0328673261125189,0.23201515667979,0.0170387380169316,0.105865517873253,0.0434812866277298,0.0113921331282426,0.0301107150511182,0.0844547156318288,0.0264091595764125,0.0201927199072692,0.231235018838345,0.110124792354247,0.016324073471251,0.0658732649034814,0.0269192664205646,0.310973242952611,0.0632516525790256,0.293740791105649,0.0240126683438732,0.402500830650764,0.353707912705118,0,0,0,0,0,0,0,0,0,0,0,0,0,0,0,0,0,0,0,0,0,0,0,0,0,0,0,0,0,0,0,0,0,0,0,0,0,0,0,0,0,0,0,0,0,0,0,0,0,0,0,0,0,0,0,0,0,0,0,0,0,0,0,0,0,0,0,0,0,0,0,0,0,0,0,0,0,0,0,0,0,0,0,0,0,0,0,0,0,0,0,0,0,0,0,0,0,0,0,0,0,0,0,0,0,0,0,0,0,0,0,0,0,0,0,0,0,0,0,0,0,0,0,0,0,0,0,0,0,0,0,0
0.291118827875226,0.0413306051869164,0.0606817187036886,0.109866093823281,0.028768444685613,0.0133716300337003,0.0282053406317813,0.0217767571274169,0.0240809149428124,0.0141039131135365,0.196195679645499,0.0588239232172274,0.0201147312465137,0.00737074846811648,0.00211239666863769,0.0250109445487837,0.00611967055751728,0.0593353264592918,0.0414875590489416,0.0113084600017198,0.00816669174060053,0.0112546562059259,0.00359369655215999,0.00438283980495575,0.00927390859986747,0.00699193277194741,0.00991736500385735,0.00489579577309195,0.00227102738801181,0.00446265943482807,0.00227134361430025,0.02245851515874,0.0149061059409972,0.00864380531165959,0.00367241348424197,0.00207745551665795,0.00100273544300172,0.000405682910584256,0.00124153120344884,0.000547210734109172,0.000642007188257534,0.000566974860636347,0.00362768154660086,0.00137333537154443,0.451473171930359,0.113394704385254,0.0711640943188994,0.0328673261125189,0.23201515667979,0.0170387380169316,0.105865517873253,0.0434812866277298,0.0113921331282426,0.0301107150511182,0.0844547156318288,0.0264091595764125,0.0201927199072692,0.231235018838345,0.110124792354247,0.016324073471251,0.0658732649034814,0.0269192664205646,0.310973242952611,0.0632516525790256,0.293740791105649,0.0240126683438732,0.402500830650764,0.239678644313757,0.260121961722056,0,0,0,0,0,0,0,0,0,0,0,0,0,0,0,0,0,0,0,0,0,0,0,0,0,0,0,0,0,0,0,0,0,0,0,0,0,0,0,0,0,0,0,0,0,0,0,0,0,0,0,0,0,0,0,0,0,0,0,0,0,0,0,0,0,0,0,0,0,0,0,0,0,0,0,0,0,0,0,0,0,0,0,0,0,0,0,0,0,0,0,0,0,0,0,0,0,0,0,0,0,0,0,0,0,0,0,0,0,0,0,0,0,0,0,0,0,0,0,0,0,0,0,0,0,0,0,0,0,0,0
0.291118827875226,0.0413306051869164,0.0606817187036886,0.109866093823281,0.028768444685613,0.0133716300337003,0.0282053406317813,0.0217767571274169,0.0240809149428124,0.0141039131135365,0.196195679645499,0.0588239232172274,0.0201147312465137,0.00737074846811648,0.00211239666863769,0.0250109445487837,0.00611967055751728,0.0593353264592918,0.0414875590489416,0.0113084600017198,0.00816669174060053,0.0112546562059259,0.00359369655215999,0.00438283980495575,0.00927390859986747,0.00699193277194741,0.00991736500385735,0.00489579577309195,0.00227102738801181,0.00446265943482807,0.00227134361430025,0.02245851515874,0.0149061059409972,0.00864380531165959,0.00367241348424197,0.00207745551665795,0.00100273544300172,0.000405682910584256,0.00124153120344884,0.000547210734109172,0.000642007188257534,0.000566974860636347,0.00362768154660086,0.00137333537154443,0.451473171930359,0.113394704385254,0.0711640943188994,0.0328673261125189,0.23201515667979,0.0170387380169316,0.105865517873253,0.0434812866277298,0.0113921331282426,0.0301107150511182,0.0844547156318288,0.0264091595764125,0.0201927199072692,0.231235018838345,0.110124792354247,0.016324073471251,0.0658732649034814,0.0269192664205646,0.310973242952611,0.0632516525790256,0.293740791105649,0.0240126683438732,0.402500830650764,0.239678644313757,0.215383210472614,0.145854405544161,0,0,0,0,0,0,0,0,0,0,0,0,0,0,0,0,0,0,0,0,0,0,0,0,0,0,0,0,0,0,0,0,0,0,0,0,0,0,0,0,0,0,0,0,0,0,0,0,0,0,0,0,0,0,0,0,0,0,0,0,0,0,0,0,0,0,0,0,0,0,0,0,0,0,0,0,0,0,0,0,0,0,0,0,0,0,0,0,0,0,0,0,0,0,0,0,0,0,0,0,0,0,0,0,0,0,0,0,0,0,0,0,0,0,0,0,0,0,0,0,0,0,0,0,0,0,0,0,0,0
0.291118827875226,0.0413306051869164,0.0606817187036886,0.109866093823281,0.028768444685613,0.0133716300337003,0.0282053406317813,0.0217767571274169,0.0240809149428124,0.0141039131135365,0.196195679645499,0.0588239232172274,0.0201147312465137,0.00737074846811648,0.00211239666863769,0.0250109445487837,0.00611967055751728,0.0593353264592918,0.0414875590489416,0.0113084600017198,0.00816669174060053,0.0112546562059259,0.00359369655215999,0.00438283980495575,0.00927390859986747,0.00699193277194741,0.00991736500385735,0.00489579577309195,0.00227102738801181,0.00446265943482807,0.00227134361430025,0.02245851515874,0.0149061059409972,0.00864380531165959,0.00367241348424197,0.00207745551665795,0.00100273544300172,0.000405682910584256,0.00124153120344884,0.000547210734109172,0.000642007188257534,0.000566974860636347,0.00362768154660086,0.00137333537154443,0.451473171930359,0.113394704385254,0.0711640943188994,0.0328673261125189,0.23201515667979,0.0170387380169316,0.105865517873253,0.0434812866277298,0.0113921331282426,0.0301107150511182,0.0844547156318288,0.0264091595764125,0.0201927199072692,0.231235018838345,0.110124792354247,0.016324073471251,0.0658732649034814,0.0269192664205646,0.310973242952611,0.0632516525790256,0.293740791105649,0.0240126683438732,0.402500830650764,0.234527861833188,0.102809621783508,0.0315353799418075,0.241953861334805,0,0,0,0,0,0,0,0,0,0,0,0,0,0,0,0,0,0,0,0,0,0,0,0,0,0,0,0,0,0,0,0,0,0,0,0,0,0,0,0,0,0,0,0,0,0,0,0,0,0,0,0,0,0,0,0,0,0,0,0,0,0,0,0,0,0,0,0,0,0,0,0,0,0,0,0,0,0,0,0,0,0,0,0,0,0,0,0,0,0,0,0,0,0,0,0,0,0,0,0,0,0,0,0,0,0,0,0,0,0,0,0,0,0,0,0,0,0,0,0,0,0,0,0,0,0,0,0,0
0.291118827875226,0.0413306051869164,0.0606817187036886,0.109866093823281,0.028768444685613,0.0133716300337003,0.0282053406317813,0.0217767571274169,0.0240809149428124,0.0141039131135365,0.196195679645499,0.0588239232172274,0.0201147312465137,0.00737074846811648,0.00211239666863769,0.0250109445487837,0.00611967055751728,0.0593353264592918,0.0414875590489416,0.0113084600017198,0.00816669174060053,0.0112546562059259,0.00359369655215999,0.00438283980495575,0.00927390859986747,0.00699193277194741,0.00991736500385735,0.00489579577309195,0.00227102738801181,0.00446265943482807,0.00227134361430025,0.02245851515874,0.0149061059409972,0.00864380531165959,0.00367241348424197,0.00207745551665795,0.00100273544300172,0.000405682910584256,0.00124153120344884,0.000547210734109172,0.000642007188257534,0.000566974860636347,0.00362768154660086,0.00137333537154443,0.451473171930359,0.113394704385254,0.0711640943188994,0.0328673261125189,0.23201515667979,0.0170387380169316,0.105865517873253,0.0434812866277298,0.0113921331282426,0.0301107150511182,0.0844547156318288,0.0264091595764125,0.0201927199072692,0.231235018838345,0.110124792354247,0.016324073471251,0.0658732649034814,0.0269192664205646,0.310973242952611,0.0632516525790256,0.293740791105649,0.0240126683438732,0.402500830650764,0.189680813491285,0.083150089469956,0.0255050997965152,0.0547758430718875,0.280295622539432,0,0,0,0,0,0,0,0,0,0,0,0,0,0,0,0,0,0,0,0,0,0,0,0,0,0,0,0,0,0,0,0,0,0,0,0,0,0,0,0,0,0,0,0,0,0,0,0,0,0,0,0,0,0,0,0,0,0,0,0,0,0,0,0,0,0,0,0,0,0,0,0,0,0,0,0,0,0,0,0,0,0,0,0,0,0,0,0,0,0,0,0,0,0,0,0,0,0,0,0,0,0,0,0,0,0,0,0,0,0,0,0,0,0,0,0,0,0,0,0,0,0,0,0,0,0,0,0
0.291118827875226,0.0413306051869164,0.0606817187036886,0.109866093823281,0.028768444685613,0.0133716300337003,0.0282053406317813,0.0217767571274169,0.0240809149428124,0.0141039131135365,0.196195679645499,0.0588239232172274,0.0201147312465137,0.00737074846811648,0.00211239666863769,0.0250109445487837,0.00611967055751728,0.0593353264592918,0.0414875590489416,0.0113084600017198,0.00816669174060053,0.0112546562059259,0.00359369655215999,0.00438283980495575,0.00927390859986747,0.00699193277194741,0.00991736500385735,0.00489579577309195,0.00227102738801181,0.00446265943482807,0.00227134361430025,0.02245851515874,0.0149061059409972,0.00864380531165959,0.00367241348424197,0.00207745551665795,0.00100273544300172,0.000405682910584256,0.00124153120344884,0.000547210734109172,0.000642007188257534,0.000566974860636347,0.00362768154660086,0.00137333537154443,0.451473171930359,0.113394704385254,0.0711640943188994,0.0328673261125189,0.23201515667979,0.0170387380169316,0.105865517873253,0.0434812866277298,0.0113921331282426,0.0301107150511182,0.0844547156318288,0.0264091595764125,0.0201927199072692,0.231235018838345,0.110124792354247,0.016324073471251,0.0658732649034814,0.0269192664205646,0.310973242952611,0.0632516525790256,0.293740791105649,0.0240126683438732,0.402500830650764,0.189680813491285,0.0831500894699561,0.0255050997965153,0.0547758430718876,0.229007432664195,0.161620641625139,0,0,0,0,0,0,0,0,0,0,0,0,0,0,0,0,0,0,0,0,0,0,0,0,0,0,0,0,0,0,0,0,0,0,0,0,0,0,0,0,0,0,0,0,0,0,0,0,0,0,0,0,0,0,0,0,0,0,0,0,0,0,0,0,0,0,0,0,0,0,0,0,0,0,0,0,0,0,0,0,0,0,0,0,0,0,0,0,0,0,0,0,0,0,0,0,0,0,0,0,0,0,0,0,0,0,0,0,0,0,0,0,0,0,0,0,0,0,0,0,0,0,0,0,0,0,0
0.291118827875226,0.0413306051869164,0.0606817187036886,0.109866093823281,0.028768444685613,0.0133716300337003,0.0282053406317813,0.0217767571274169,0.0240809149428124,0.0141039131135365,0.196195679645499,0.0588239232172274,0.0201147312465137,0.00737074846811648,0.00211239666863769,0.0250109445487837,0.00611967055751728,0.0593353264592918,0.0414875590489416,0.0113084600017198,0.00816669174060053,0.0112546562059259,0.00359369655215999,0.00438283980495575,0.00927390859986747,0.00699193277194741,0.00991736500385735,0.00489579577309195,0.00227102738801181,0.00446265943482807,0.00227134361430025,0.02245851515874,0.0149061059409972,0.00864380531165959,0.00367241348424197,0.00207745551665795,0.00100273544300172,0.000405682910584256,0.00124153120344884,0.000547210734109172,0.000642007188257534,0.000566974860636347,0.00362768154660086,0.00137333537154443,0.451473171930359,0.113394704385254,0.0711640943188994,0.0328673261125189,0.23201515667979,0.0170387380169316,0.105865517873253,0.0434812866277298,0.0113921331282426,0.0301107150511182,0.0844547156318288,0.0264091595764125,0.0201927199072692,0.231235018838345,0.110124792354247,0.016324073471251,0.0658732649034814,0.0269192664205646,0.310973242952611,0.0632516525790256,0.293740791105649,0.0240126683438732,0.299543992593193,0.112914147365587,0.0494980028979247,0.0151828039114248,0.0326072389866545,0.0436392428733729,0.0138483411029407,0.422847532937233,0,0,0,0,0,0,0,0,0,0,0,0,0,0,0,0,0,0,0,0,0,0,0,0,0,0,0,0,0,0,0,0,0,0,0,0,0,0,0,0,0,0,0,0,0,0,0,0,0,0,0,0,0,0,0,0,0,0,0,0,0,0,0,0,0,0,0,0,0,0,0,0,0,0,0,0,0,0,0,0,0,0,0,0,0,0,0,0,0,0,0,0,0,0,0,0,0,0,0,0,0,0,0,0,0,0,0,0,0,0,0,0,0,0,0,0,0,0,0,0,0,0,0,0,0,0
0.291118827875226,0.0413306051869164,0.0606817187036886,0.109866093823281,0.028768444685613,0.0133716300337003,0.0282053406317813,0.0217767571274169,0.0240809149428124,0.0141039131135365,0.196195679645499,0.0588239232172274,0.0201147312465137,0.00737074846811648,0.00211239666863769,0.0250109445487837,0.00611967055751728,0.0593353264592918,0.0414875590489416,0.0113084600017198,0.00816669174060053,0.0112546562059259,0.00359369655215999,0.00438283980495575,0.00927390859986747,0.00699193277194741,0.00991736500385735,0.00489579577309195,0.00227102738801181,0.00446265943482807,0.00227134361430025,0.02245851515874,0.0149061059409972,0.00864380531165959,0.00367241348424197,0.00207745551665795,0.00100273544300172,0.000405682910584256,0.00124153120344884,0.000547210734109172,0.000642007188257534,0.000566974860636347,0.00362768154660086,0.00137333537154443,0.451473171930359,0.113394704385254,0.0711640943188994,0.0328673261125189,0.23201515667979,0.0170387380169316,0.105865517873253,0.0434812866277298,0.0113921331282426,0.0301107150511182,0.0844547156318288,0.0264091595764125,0.0201927199072692,0.231235018838345,0.110124792354247,0.016324073471251,0.0658732649034814,0.0269192664205646,0.310973242952611,0.0632516525790256,0.293740791105649,0.0240126683438732,0.196715965724709,0.07415276584488,0.0325062350849194,0.00997082234228284,0.0214137644736123,0.0286586812541729,0.00909445644416542,0.0810542005652914,0.483561751854182,0,0,0,0,0,0,0,0,0,0,0,0,0,0,0,0,0,0,0,0,0,0,0,0,0,0,0,0,0,0,0,0,0,0,0,0,0,0,0,0,0,0,0,0,0,0,0,0,0,0,0,0,0,0,0,0,0,0,0,0,0,0,0,0,0,0,0,0,0,0,0,0,0,0,0,0,0,0,0,0,0,0,0,0,0,0,0,0,0,0,0,0,0,0,0,0,0,0,0,0,0,0,0,0,0,0,0,0,0,0,0,0,0,0,0,0,0,0,0,0,0,0,0,0,0
0.291118827875226,0.0413306051869164,0.0606817187036886,0.109866093823281,0.028768444685613,0.0133716300337003,0.0282053406317813,0.0217767571274169,0.0240809149428124,0.0141039131135365,0.196195679645499,0.0588239232172274,0.0201147312465137,0.00737074846811648,0.00211239666863769,0.0250109445487837,0.00611967055751728,0.0593353264592918,0.0414875590489416,0.0113084600017198,0.00816669174060053,0.0112546562059259,0.00359369655215999,0.00438283980495575,0.00927390859986747,0.00699193277194741,0.00991736500385735,0.00489579577309195,0.00227102738801181,0.00446265943482807,0.00227134361430025,0.02245851515874,0.0149061059409972,0.00864380531165959,0.00367241348424197,0.00207745551665795,0.00100273544300172,0.000405682910584256,0.00124153120344884,0.000547210734109172,0.000642007188257534,0.000566974860636347,0.00362768154660086,0.00137333537154443,0.451473171930359,0.113394704385254,0.0711640943188994,0.0328673261125189,0.23201515667979,0.0170387380169316,0.105865517873253,0.0434812866277298,0.0113921331282426,0.0301107150511182,0.0844547156318288,0.0264091595764125,0.0201927199072692,0.231235018838345,0.110124792354247,0.016324073471251,0.0658732649034814,0.0269192664205646,0.310973242952611,0.0632516525790256,0.293740791105649,0.0240126683438732,0.196715965724709,0.07415276584488,0.0325062350849194,0.00997082234228284,0.0214137644736123,0.0286586812541729,0.00909445644416542,0.0810542005652914,0.448598048800393,0.180531876602904,0,0,0,0,0,0,0,0,0,0,0,0,0,0,0,0,0,0,0,0,0,0,0,0,0,0,0,0,0,0,0,0,0,0,0,0,0,0,0,0,0,0,0,0,0,0,0,0,0,0,0,0,0,0,0,0,0,0,0,0,0,0,0,0,0,0,0,0,0,0,0,0,0,0,0,0,0,0,0,0,0,0,0,0,0,0,0,0,0,0,0,0,0,0,0,0,0,0,0,0,0,0,0,0,0,0,0,0,0,0,0,0,0,0,0,0,0,0,0,0,0,0,0,0
0.291118827875226,0.0413306051869164,0.0606817187036886,0.109866093823281,0.028768444685613,0.0133716300337003,0.0282053406317813,0.0217767571274169,0.0240809149428124,0.0141039131135365,0.196195679645499,0.0588239232172274,0.0201147312465137,0.00737074846811648,0.00211239666863769,0.0250109445487837,0.00611967055751728,0.0593353264592918,0.0414875590489416,0.0113084600017198,0.00816669174060053,0.0112546562059259,0.00359369655215999,0.00438283980495575,0.00927390859986747,0.00699193277194741,0.00991736500385735,0.00489579577309195,0.00227102738801181,0.00446265943482807,0.00227134361430025,0.02245851515874,0.0149061059409972,0.00864380531165959,0.00367241348424197,0.00207745551665795,0.00100273544300172,0.000405682910584256,0.00124153120344884,0.000547210734109172,0.000642007188257534,0.000566974860636347,0.00362768154660086,0.00137333537154443,0.451473171930359,0.113394704385254,0.0711640943188994,0.0328673261125189,0.23201515667979,0.0170387380169316,0.105865517873253,0.0434812866277298,0.0113921331282426,0.0301107150511182,0.0844547156318288,0.0264091595764125,0.0201927199072692,0.231235018838345,0.110124792354247,0.016324073471251,0.0658732649034814,0.0269192664205646,0.310973242952611,0.0632516525790256,0.293740791105649,0.0240126683438732,0.196715965724709,0.07415276584488,0.0325062350849194,0.00997082234228284,0.0214137644736123,0.0286586812541729,0.00909445644416542,0.0810542005652914,0.448598048800393,0.135160173681891,0.119680766708972,0,0,0,0,0,0,0,0,0,0,0,0,0,0,0,0,0,0,0,0,0,0,0,0,0,0,0,0,0,0,0,0,0,0,0,0,0,0,0,0,0,0,0,0,0,0,0,0,0,0,0,0,0,0,0,0,0,0,0,0,0,0,0,0,0,0,0,0,0,0,0,0,0,0,0,0,0,0,0,0,0,0,0,0,0,0,0,0,0,0,0,0,0,0,0,0,0,0,0,0,0,0,0,0,0,0,0,0,0,0,0,0,0,0,0,0,0,0,0,0,0,0,0
0.291118827875226,0.0413306051869164,0.0606817187036886,0.109866093823281,0.028768444685613,0.0133716300337003,0.0282053406317813,0.0217767571274169,0.0240809149428124,0.0141039131135365,0.196195679645499,0.0588239232172274,0.0201147312465137,0.00737074846811648,0.00211239666863769,0.0250109445487837,0.00611967055751728,0.0593353264592918,0.0414875590489416,0.0113084600017198,0.00816669174060053,0.0112546562059259,0.00359369655215999,0.00438283980495575,0.00927390859986747,0.00699193277194741,0.00991736500385735,0.00489579577309195,0.00227102738801181,0.00446265943482807,0.00227134361430025,0.02245851515874,0.0149061059409972,0.00864380531165959,0.00367241348424197,0.00207745551665795,0.00100273544300172,0.000405682910584256,0.00124153120344884,0.000547210734109172,0.000642007188257534,0.000566974860636347,0.00362768154660086,0.00137333537154443,0.451473171930359,0.113394704385254,0.0711640943188994,0.0328673261125189,0.23201515667979,0.0170387380169316,0.105865517873253,0.0434812866277298,0.0113921331282426,0.0301107150511182,0.0844547156318288,0.0264091595764125,0.0201927199072692,0.231235018838345,0.110124792354247,0.016324073471251,0.0658732649034814,0.0269192664205646,0.310973242952611,0.0632516525790256,0.293740791105649,0.0240126683438732,0.196715965724709,0.07415276584488,0.0325062350849194,0.00997082234228284,0.0214137644736123,0.0286586812541729,0.00909445644416542,0.0810542005652914,0.316405159402316,0.0612783528659757,0.0232309944043469,0.359756900321452,0,0,0,0,0,0,0,0,0,0,0,0,0,0,0,0,0,0,0,0,0,0,0,0,0,0,0,0,0,0,0,0,0,0,0,0,0,0,0,0,0,0,0,0,0,0,0,0,0,0,0,0,0,0,0,0,0,0,0,0,0,0,0,0,0,0,0,0,0,0,0,0,0,0,0,0,0,0,0,0,0,0,0,0,0,0,0,0,0,0,0,0,0,0,0,0,0,0,0,0,0,0,0,0,0,0,0,0,0,0,0,0,0,0,0,0,0,0,0,0,0,0
0.291118827875226,0.0413306051869164,0.0606817187036886,0.109866093823281,0.028768444685613,0.0133716300337003,0.0282053406317813,0.0217767571274169,0.0240809149428124,0.0141039131135365,0.196195679645499,0.0588239232172274,0.0201147312465137,0.00737074846811648,0.00211239666863769,0.0250109445487837,0.00611967055751728,0.0593353264592918,0.0414875590489416,0.0113084600017198,0.00816669174060053,0.0112546562059259,0.00359369655215999,0.00438283980495575,0.00927390859986747,0.00699193277194741,0.00991736500385735,0.00489579577309195,0.00227102738801181,0.00446265943482807,0.00227134361430025,0.02245851515874,0.0149061059409972,0.00864380531165959,0.00367241348424197,0.00207745551665795,0.00100273544300172,0.000405682910584256,0.00124153120344884,0.000547210734109172,0.000642007188257534,0.000566974860636347,0.00362768154660086,0.00137333537154443,0.451473171930359,0.113394704385254,0.0711640943188994,0.0328673261125189,0.23201515667979,0.0170387380169316,0.105865517873253,0.0434812866277298,0.0113921331282426,0.0301107150511182,0.0844547156318288,0.0264091595764125,0.0201927199072692,0.231235018838345,0.110124792354247,0.016324073471251,0.0658732649034814,0.0269192664205646,0.310973242952611,0.0632516525790256,0.24975162715504,0.0204166502331632,0.147209597282755,0.0554911684835152,0.0243255790570968,0.0074615231975601,0.0160246863179357,0.0214463168281197,0.00680570723234883,0.0606557590754489,0.0806621861596053,0.015621887821824,0.00592235221086742,0.0344353380898011,0.522850778175309,0,0,0,0,0,0,0,0,0,0,0,0,0,0,0,0,0,0,0,0,0,0,0,0,0,0,0,0,0,0,0,0,0,0,0,0,0,0,0,0,0,0,0,0,0,0,0,0,0,0,0,0,0,0,0,0,0,0,0,0,0,0,0,0,0,0,0,0,0,0,0,0,0,0,0,0,0,0,0,0,0,0,0,0,0,0,0,0,0,0,0,0,0,0,0,0,0,0,0,0,0,0,0,0,0,0,0,0,0,0,0,0,0,0,0,0,0,0,0,0,0
0.291118827875226,0.0413306051869164,0.0606817187036886,0.109866093823281,0.028768444685613,0.0133716300337003,0.0282053406317813,0.0217767571274169,0.0240809149428124,0.0141039131135365,0.196195679645499,0.0588239232172274,0.0201147312465137,0.00737074846811648,0.00211239666863769,0.0250109445487837,0.00611967055751728,0.0593353264592918,0.0414875590489416,0.0113084600017198,0.00816669174060053,0.0112546562059259,0.00359369655215999,0.00438283980495575,0.00927390859986747,0.00699193277194741,0.00991736500385735,0.00489579577309195,0.00227102738801181,0.00446265943482807,0.00227134361430025,0.02245851515874,0.0149061059409972,0.00864380531165959,0.00367241348424197,0.00207745551665795,0.00100273544300172,0.000405682910584256,0.00124153120344884,0.000547210734109172,0.000642007188257534,0.000566974860636347,0.00362768154660086,0.00137333537154443,0.451473171930359,0.113394704385254,0.0711640943188994,0.0328673261125189,0.23201515667979,0.0170387380169316,0.105865517873253,0.0434812866277298,0.0113921331282426,0.0301107150511182,0.0844547156318288,0.0264091595764125,0.0201927199072692,0.231235018838345,0.110124792354247,0.016324073471251,0.0658732649034814,0.0269192664205646,0.310973242952611,0.0632516525790256,0.24975162715504,0.0204166502331632,0.147209597282755,0.0554911684835152,0.0243255790570968,0.0074615231975601,0.0160246863179357,0.0214463168281197,0.00680570723234883,0.0606557590754489,0.0806621861596053,0.015621887821824,0.00592235221086742,0.0344353380898011,0.322282923679664,0.411711857192641,0,0,0,0,0,0,0,0,0,0,0,0,0,0,0,0,0,0,0,0,0,0,0,0,0,0,0,0,0,0,0,0,0,0,0,0,0,0,0,0,0,0,0,0,0,0,0,0,0,0,0,0,0,0,0,0,0,0,0,0,0,0,0,0,0,0,0,0,0,0,0,0,0,0,0,0,0,0,0,0,0,0,0,0,0,0,0,0,0,0,0,0,0,0,0,0,0,0,0,0,0,0,0,0,0,0,0,0,0,0,0,0,0,0,0,0,0,0,0,0
0.291118827875226,0.0413306051869164,0.0606817187036886,0.109866093823281,0.028768444685613,0.0133716300337003,0.0282053406317813,0.0217767571274169,0.0240809149428124,0.0141039131135365,0.196195679645499,0.0588239232172274,0.0201147312465137,0.00737074846811648,0.00211239666863769,0.0250109445487837,0.00611967055751728,0.0593353264592918,0.0414875590489416,0.0113084600017198,0.00816669174060053,0.0112546562059259,0.00359369655215999,0.00438283980495575,0.00927390859986747,0.00699193277194741,0.00991736500385735,0.00489579577309195,0.00227102738801181,0.00446265943482807,0.00227134361430025,0.02245851515874,0.0149061059409972,0.00864380531165959,0.00367241348424197,0.00207745551665795,0.00100273544300172,0.000405682910584256,0.00124153120344884,0.000547210734109172,0.000642007188257534,0.000566974860636347,0.00362768154660086,0.00137333537154443,0.451473171930359,0.113394704385254,0.0711640943188994,0.0328673261125189,0.23201515667979,0.0170387380169316,0.105865517873253,0.0434812866277298,0.0113921331282426,0.0301107150511182,0.0844547156318288,0.0264091595764125,0.0201927199072692,0.231235018838345,0.110124792354247,0.016324073471251,0.0658732649034814,0.0269192664205646,0.310973242952611,0.0632516525790256,0.24975162715504,0.0204166502331632,0.147209597282755,0.0554911684835152,0.0243255790570968,0.0074615231975601,0.0160246863179357,0.0214463168281197,0.0068057072323489,0.0606557590754489,0.0806621861596054,0.015621887821824,0.00592235221086746,0.0344353380898011,0.322282923679664,0.262887558718939,0.316854516811439,0,0,0,0,0,0,0,0,0,0,0,0,0,0,0,0,0,0,0,0,0,0,0,0,0,0,0,0,0,0,0,0,0,0,0,0,0,0,0,0,0,0,0,0,0,0,0,0,0,0,0,0,0,0,0,0,0,0,0,0,0,0,0,0,0,0,0,0,0,0,0,0,0,0,0,0,0,0,0,0,0,0,0,0,0,0,0,0,0,0,0,0,0,0,0,0,0,0,0,0,0,0,0,0,0,0,0,0,0,0,0,0,0,0,0,0,0,0,0
0.291118827875226,0.0413306051869164,0.0606817187036886,0.109866093823281,0.028768444685613,0.0133716300337003,0.0282053406317813,0.0217767571274169,0.0240809149428124,0.0141039131135365,0.196195679645499,0.0588239232172274,0.0201147312465137,0.00737074846811648,0.00211239666863769,0.0250109445487837,0.00611967055751728,0.0593353264592918,0.0414875590489416,0.0113084600017198,0.00816669174060053,0.0112546562059259,0.00359369655215999,0.00438283980495575,0.00927390859986747,0.00699193277194741,0.00991736500385735,0.00489579577309195,0.00227102738801181,0.00446265943482807,0.00227134361430025,0.02245851515874,0.0149061059409972,0.00864380531165959,0.00367241348424197,0.00207745551665795,0.00100273544300172,0.000405682910584256,0.00124153120344884,0.000547210734109172,0.000642007188257534,0.000566974860636347,0.00362768154660086,0.00137333537154443,0.451473171930359,0.113394704385254,0.0711640943188994,0.0328673261125189,0.23201515667979,0.0170387380169316,0.105865517873253,0.0434812866277298,0.0113921331282426,0.0301107150511182,0.0844547156318288,0.0264091595764125,0.0201927199072692,0.231235018838345,0.110124792354247,0.016324073471251,0.0658732649034814,0.0269192664205646,0.310973242952611,0.0632516525790256,0.24975162715504,0.0204166502331632,0.147209597282755,0.0554911684835152,0.0243255790570968,0.0074615231975601,0.0160246863179357,0.0214463168281197,0.0068057072323489,0.0606557590754489,0.0806621861596054,0.015621887821824,0.00592235221086746,0.0344353380898011,0.32162425525633,0.156681148972444,0.0735920141348472,0.374120311776692,0,0,0,0,0,0,0,0,0,0,0,0,0,0,0,0,0,0,0,0,0,0,0,0,0,0,0,0,0,0,0,0,0,0,0,0,0,0,0,0,0,0,0,0,0,0,0,0,0,0,0,0,0,0,0,0,0,0,0,0,0,0,0,0,0,0,0,0,0,0,0,0,0,0,0,0,0,0,0,0,0,0,0,0,0,0,0,0,0,0,0,0,0,0,0,0,0,0,0,0,0,0,0,0,0,0,0,0,0,0,0,0,0,0,0,0,0,0
0.291118827875226,0.0413306051869164,0.0606817187036886,0.109866093823281,0.028768444685613,0.0133716300337003,0.0282053406317813,0.0217767571274169,0.0240809149428124,0.0141039131135365,0.196195679645499,0.0588239232172274,0.0201147312465137,0.00737074846811648,0.00211239666863769,0.0250109445487837,0.00611967055751728,0.0593353264592918,0.0414875590489416,0.0113084600017198,0.00816669174060053,0.0112546562059259,0.00359369655215999,0.00438283980495575,0.00927390859986747,0.00699193277194741,0.00991736500385735,0.00489579577309195,0.00227102738801181,0.00446265943482807,0.00227134361430025,0.02245851515874,0.0149061059409972,0.00864380531165959,0.00367241348424197,0.00207745551665795,0.00100273544300172,0.000405682910584256,0.00124153120344884,0.000547210734109172,0.000642007188257534,0.000566974860636347,0.00362768154660086,0.00137333537154443,0.451473171930359,0.113394704385254,0.0711640943188994,0.0328673261125189,0.23201515667979,0.0170387380169316,0.105865517873253,0.0434812866277298,0.0113921331282426,0.0301107150511182,0.0844547156318288,0.0264091595764125,0.0201927199072692,0.231235018838345,0.110124792354247,0.016324073471251,0.0658732649034814,0.0269192664205646,0.310973242952611,0.0632516525790256,0.24975162715504,0.0204166502331632,0.147209597282755,0.0554911684835152,0.0243255790570968,0.0074615231975601,0.0160246863179357,0.0214463168281197,0.0068057072323489,0.0606557590754489,0.0806621861596054,0.015621887821824,0.00592235221086746,0.0344353380898011,0.305967584759312,0.149053909787387,0.0700095544860782,0.0883745420888366,0.380563145788872,0,0,0,0,0,0,0,0,0,0,0,0,0,0,0,0,0,0,0,0,0,0,0,0,0,0,0,0,0,0,0,0,0,0,0,0,0,0,0,0,0,0,0,0,0,0,0,0,0,0,0,0,0,0,0,0,0,0,0,0,0,0,0,0,0,0,0,0,0,0,0,0,0,0,0,0,0,0,0,0,0,0,0,0,0,0,0,0,0,0,0,0,0,0,0,0,0,0,0,0,0,0,0,0,0,0,0,0,0,0,0,0,0,0,0,0,0
0.291118827875226,0.0413306051869164,0.0606817187036886,0.109866093823281,0.028768444685613,0.0133716300337003,0.0282053406317813,0.0217767571274169,0.0240809149428124,0.0141039131135365,0.196195679645499,0.0588239232172274,0.0201147312465137,0.00737074846811648,0.00211239666863769,0.0250109445487837,0.00611967055751728,0.0593353264592918,0.0414875590489416,0.0113084600017198,0.00816669174060053,0.0112546562059259,0.00359369655215999,0.00438283980495575,0.00927390859986747,0.00699193277194741,0.00991736500385735,0.00489579577309195,0.00227102738801181,0.00446265943482807,0.00227134361430025,0.02245851515874,0.0149061059409972,0.00864380531165959,0.00367241348424197,0.00207745551665795,0.00100273544300172,0.000405682910584256,0.00124153120344884,0.000547210734109172,0.000642007188257534,0.000566974860636347,0.00362768154660086,0.00137333537154443,0.451473171930359,0.113394704385254,0.0711640943188994,0.0328673261125189,0.23201515667979,0.0170387380169316,0.105865517873253,0.0434812866277298,0.0113921331282426,0.0301107150511182,0.0844547156318288,0.0264091595764125,0.0201927199072692,0.231235018838345,0.110124792354247,0.016324073471251,0.0658732649034814,0.0269192664205646,0.268257357488904,0.0545632833762529,0.160169712881785,0.013093524326965,0.0944078691250536,0.0355873738430619,0.0156003828989658,0.00478519416200676,0.0102768876255253,0.0137538659822198,0.00436460889476458,0.0388995083892304,0.0517299500498586,0.010018566507836,0.00379809919160444,0.0220839330564472,0.0639396905196459,0.0311485965745222,0.0146302728466464,0.0184681030032011,0.0172593042826903,0.593678424657185,0,0,0,0,0,0,0,0,0,0,0,0,0,0,0,0,0,0,0,0,0,0,0,0,0,0,0,0,0,0,0,0,0,0,0,0,0,0,0,0,0,0,0,0,0,0,0,0,0,0,0,0,0,0,0,0,0,0,0,0,0,0,0,0,0,0,0,0,0,0,0,0,0,0,0,0,0,0,0,0,0,0,0,0,0,0,0,0,0,0,0,0,0,0,0,0,0,0,0,0,0,0,0,0,0,0,0,0,0,0,0,0,0,0,0,0
0.291118827875226,0.0413306051869164,0.0606817187036886,0.109866093823281,0.028768444685613,0.0133716300337003,0.0282053406317813,0.0217767571274169,0.0240809149428124,0.0141039131135365,0.196195679645499,0.0588239232172274,0.0201147312465137,0.00737074846811648,0.00211239666863769,0.0250109445487837,0.00611967055751728,0.0593353264592918,0.0414875590489416,0.0113084600017198,0.00816669174060053,0.0112546562059259,0.00359369655215999,0.00438283980495575,0.00927390859986747,0.00699193277194741,0.00991736500385735,0.00489579577309195,0.00227102738801181,0.00446265943482807,0.00227134361430025,0.02245851515874,0.0149061059409972,0.00864380531165959,0.00367241348424197,0.00207745551665795,0.00100273544300172,0.000405682910584256,0.00124153120344884,0.000547210734109172,0.000642007188257534,0.000566974860636347,0.00362768154660086,0.00137333537154443,0.451473171930359,0.113394704385254,0.0711640943188994,0.0328673261125189,0.23201515667979,0.0170387380169316,0.105865517873253,0.0434812866277298,0.0113921331282426,0.0301107150511182,0.0844547156318288,0.0264091595764125,0.0201927199072692,0.231235018838345,0.110124792354247,0.016324073471251,0.0658732649034814,0.0269192664205646,0.268257357488904,0.0545632833762529,0.160169712881785,0.013093524326965,0.0944078691250536,0.0355873738430619,0.0156003828989658,0.00478519416200676,0.0102768876255253,0.0137538659822198,0.00436460889476458,0.0388995083892304,0.0517299500498586,0.010018566507836,0.00379809919160444,0.0220839330564472,0.0639396905196459,0.0311485965745222,0.0146302728466464,0.0184681030032011,0.0172593042826903,0.576633943655803,0.141235147634693,0,0,0,0,0,0,0,0,0,0,0,0,0,0,0,0,0,0,0,0,0,0,0,0,0,0,0,0,0,0,0,0,0,0,0,0,0,0,0,0,0,0,0,0,0,0,0,0,0,0,0,0,0,0,0,0,0,0,0,0,0,0,0,0,0,0,0,0,0,0,0,0,0,0,0,0,0,0,0,0,0,0,0,0,0,0,0,0,0,0,0,0,0,0,0,0,0,0,0,0,0,0,0,0,0,0,0,0,0,0,0,0,0,0,0
0.291118827875226,0.0413306051869164,0.0606817187036886,0.109866093823281,0.028768444685613,0.0133716300337003,0.0282053406317813,0.0217767571274169,0.0240809149428124,0.0141039131135365,0.196195679645499,0.0588239232172274,0.0201147312465137,0.00737074846811648,0.00211239666863769,0.0250109445487837,0.00611967055751728,0.0593353264592918,0.0414875590489416,0.0113084600017198,0.00816669174060053,0.0112546562059259,0.00359369655215999,0.00438283980495575,0.00927390859986747,0.00699193277194741,0.00991736500385735,0.00489579577309195,0.00227102738801181,0.00446265943482807,0.00227134361430025,0.02245851515874,0.0149061059409972,0.00864380531165959,0.00367241348424197,0.00207745551665795,0.00100273544300172,0.000405682910584256,0.00124153120344884,0.000547210734109172,0.000642007188257534,0.000566974860636347,0.00362768154660086,0.00137333537154443,0.320810903604546,0.0805767869268102,0.0505682703249683,0.0233550900580399,0.164866921651494,0.0121075033453729,0.0752266459250884,0.0308972309324329,0.00809510010800494,0.0213962784597493,0.0600124111908278,0.0187660017779582,0.0143486814332432,0.111275568557709,0.0529945634665538,0.00785551671981459,0.0316997185015989,0.0129541653818398,0.0697592940992356,0.0141889719920222,0.0416515178234126,0.00340492064363242,0.0245504032740246,0.00925435969911951,0.00405681957392225,0.00124437133800956,0.00267246510218632,0.00357663995141244,0.00113499975683096,0.0101156675494064,0.0134521745574719,0.00260528968903226,0.000987681087316171,0.00574284185669077,0.0166272706080712,0.00810007274193934,0.00380454618585245,0.00480255915779896,0.00448821569956078,0.0274178082826103,0.00330882446897163,0.817521503536117,0,0,0,0,0,0,0,0,0,0,0,0,0,0,0,0,0,0,0,0,0,0,0,0,0,0,0,0,0,0,0,0,0,0,0,0,0,0,0,0,0,0,0,0,0,0,0,0,0,0,0,0,0,0,0,0,0,0,0,0,0,0,0,0,0,0,0,0,0,0,0,0,0,0,0,0,0,0,0,0,0,0,0,0,0,0,0,0,0,0,0,0,0,0,0,0,0,0,0,0,0,0,0,0,0,0,0,0,0,0,0,0,0,0
0.291118827875226,0.0413306051869164,0.0606817187036886,0.109866093823281,0.028768444685613,0.0133716300337003,0.0282053406317813,0.0217767571274169,0.0240809149428124,0.0141039131135365,0.196195679645499,0.0588239232172274,0.0201147312465137,0.00737074846811648,0.00211239666863769,0.0250109445487837,0.00611967055751728,0.0593353264592918,0.0414875590489416,0.0113084600017198,0.00816669174060053,0.0112546562059259,0.00359369655215999,0.00438283980495575,0.00927390859986747,0.00699193277194741,0.00991736500385735,0.00489579577309195,0.00227102738801181,0.00446265943482807,0.00227134361430025,0.02245851515874,0.0149061059409972,0.00864380531165959,0.00367241348424197,0.00207745551665795,0.00100273544300172,0.000405682910584256,0.00124153120344884,0.000547210734109172,0.000642007188257534,0.000566974860636347,0.00362768154660086,0.00137333537154443,0.320810903604546,0.0805767869268102,0.0505682703249683,0.0233550900580399,0.164866921651494,0.0121075033453729,0.0752266459250884,0.0308972309324329,0.00809510010800494,0.0213962784597493,0.0600124111908278,0.0187660017779582,0.0143486814332432,0.111275568557709,0.0529945634665538,0.00785551671981459,0.0316997185015989,0.0129541653818398,0.0697592940992356,0.0141889719920222,0.0416515178234126,0.00340492064363242,0.0245504032740246,0.00925435969911951,0.00405681957392225,0.00124437133800956,0.00267246510218632,0.00357663995141244,0.00113499975683096,0.0101156675494064,0.0134521745574719,0.00260528968903226,0.000987681087316171,0.00574284185669077,0.0166272706080712,0.00810007274193934,0.00380454618585245,0.00480255915779896,0.00448821569956078,0.0274178082826103,0.00330882446897163,0.703002323202576,0.417287841083027,0,0,0,0,0,0,0,0,0,0,0,0,0,0,0,0,0,0,0,0,0,0,0,0,0,0,0,0,0,0,0,0,0,0,0,0,0,0,0,0,0,0,0,0,0,0,0,0,0,0,0,0,0,0,0,0,0,0,0,0,0,0,0,0,0,0,0,0,0,0,0,0,0,0,0,0,0,0,0,0,0,0,0,0,0,0,0,0,0,0,0,0,0,0,0,0,0,0,0,0,0,0,0,0,0,0,0,0,0,0,0,0,0
0.291118827875226,0.0413306051869164,0.0606817187036886,0.109866093823281,0.028768444685613,0.0133716300337003,0.0282053406317813,0.0217767571274169,0.0240809149428124,0.0141039131135365,0.196195679645499,0.0588239232172274,0.0201147312465137,0.00737074846811648,0.00211239666863769,0.0250109445487837,0.00611967055751728,0.0593353264592918,0.0414875590489416,0.0113084600017198,0.00816669174060053,0.0112546562059259,0.00359369655215999,0.00438283980495575,0.00927390859986747,0.00699193277194741,0.00991736500385735,0.00489579577309195,0.00227102738801181,0.00446265943482807,0.00227134361430025,0.02245851515874,0.0149061059409972,0.00864380531165959,0.00367241348424197,0.00207745551665795,0.00100273544300172,0.000405682910584256,0.00124153120344884,0.000547210734109172,0.000642007188257534,0.000566974860636347,0.00362768154660086,0.00137333537154443,0.320810903604546,0.0805767869268102,0.0505682703249683,0.0233550900580399,0.164866921651494,0.0121075033453729,0.0752266459250884,0.0308972309324329,0.00809510010800494,0.0213962784597493,0.0600124111908278,0.0187660017779582,0.0143486814332432,0.111275568557709,0.0529945634665538,0.00785551671981459,0.0316997185015989,0.0129541653818398,0.0697592940992356,0.0141889719920222,0.0416515178234126,0.00340492064363242,0.0245504032740246,0.00925435969911951,0.00405681957392225,0.00124437133800956,0.00267246510218632,0.00357663995141244,0.00113499975683096,0.0101156675494064,0.0134521745574719,0.00260528968903226,0.000987681087316171,0.00574284185669077,0.0166272706080712,0.00810007274193934,0.00380454618585245,0.00480255915779896,0.00448821569956078,0.0274178082826103,0.00330882446897163,0.329313882007337,0.090375879973059,0.74278259008293,0,0,0,0,0,0,0,0,0,0,0,0,0,0,0,0,0,0,0,0,0,0,0,0,0,0,0,0,0,0,0,0,0,0,0,0,0,0,0,0,0,0,0,0,0,0,0,0,0,0,0,0,0,0,0,0,0,0,0,0,0,0,0,0,0,0,0,0,0,0,0,0,0,0,0,0,0,0,0,0,0,0,0,0,0,0,0,0,0,0,0,0,0,0,0,0,0,0,0,0,0,0,0,0,0,0,0,0,0,0,0,0
0.291118827875226,0.0413306051869164,0.0606817187036886,0.109866093823281,0.028768444685613,0.0133716300337003,0.0282053406317813,0.0217767571274169,0.0240809149428124,0.0141039131135365,0.196195679645499,0.0588239232172274,0.0201147312465137,0.00737074846811648,0.00211239666863769,0.0250109445487837,0.00611967055751728,0.0593353264592918,0.0414875590489416,0.0113084600017198,0.00816669174060053,0.0112546562059259,0.00359369655215999,0.00438283980495575,0.00927390859986747,0.00699193277194741,0.00991736500385735,0.00489579577309195,0.00227102738801181,0.00446265943482807,0.00227134361430025,0.02245851515874,0.0149061059409972,0.00864380531165959,0.00367241348424197,0.00207745551665795,0.00100273544300172,0.000405682910584256,0.00124153120344884,0.000547210734109172,0.000642007188257534,0.000566974860636347,0.00362768154660086,0.00137333537154443,0.320810903604546,0.0805767869268102,0.0505682703249683,0.0233550900580399,0.164866921651494,0.0121075033453729,0.0752266459250884,0.0308972309324329,0.00809510010800494,0.0213962784597493,0.0600124111908278,0.0187660017779582,0.0143486814332432,0.111275568557709,0.0529945634665538,0.00785551671981459,0.0316997185015989,0.0129541653818398,0.0697592940992356,0.0141889719920222,0.0416515178234126,0.00340492064363242,0.0245504032740246,0.00925435969911951,0.00405681957392225,0.00124437133800956,0.00267246510218632,0.00357663995141244,0.00113499975683096,0.0101156675494064,0.0134521745574719,0.00260528968903226,0.000987681087316171,0.00574284185669077,0.0166272706080712,0.00810007274193934,0.00380454618585245,0.00480255915779896,0.00448821569956078,0.0274178082826103,0.00330882446897166,0.329313882007337,0.0903758799730589,0.245835769131206,0.700921358503202,0,0,0,0,0,0,0,0,0,0,0,0,0,0,0,0,0,0,0,0,0,0,0,0,0,0,0,0,0,0,0,0,0,0,0,0,0,0,0,0,0,0,0,0,0,0,0,0,0,0,0,0,0,0,0,0,0,0,0,0,0,0,0,0,0,0,0,0,0,0,0,0,0,0,0,0,0,0,0,0,0,0,0,0,0,0,0,0,0,0,0,0,0,0,0,0,0,0,0,0,0,0,0,0,0,0,0,0,0,0,0
0.291118827875226,0.0413306051869164,0.0606817187036886,0.109866093823281,0.028768444685613,0.0133716300337003,0.0282053406317813,0.0217767571274169,0.0240809149428124,0.0141039131135365,0.196195679645499,0.0588239232172274,0.0201147312465137,0.00737074846811648,0.00211239666863769,0.0250109445487837,0.00611967055751728,0.0593353264592918,0.0414875590489416,0.0113084600017198,0.00816669174060053,0.0112546562059259,0.00359369655215999,0.00438283980495575,0.00927390859986747,0.00699193277194741,0.00991736500385735,0.00489579577309195,0.00227102738801181,0.00446265943482807,0.00227134361430025,0.02245851515874,0.0149061059409972,0.00864380531165959,0.00367241348424197,0.00207745551665795,0.00100273544300172,0.000405682910584256,0.00124153120344884,0.000547210734109172,0.000642007188257534,0.000566974860636347,0.00362768154660086,0.00137333537154443,0.320810903604546,0.0805767869268102,0.0505682703249683,0.0233550900580399,0.164866921651494,0.0121075033453729,0.0752266459250884,0.0308972309324329,0.00809510010800494,0.0213962784597493,0.0600124111908278,0.0187660017779582,0.0143486814332432,0.111275568557709,0.0529945634665538,0.00785551671981459,0.0316997185015989,0.0129541653818398,0.0697592940992356,0.0141889719920222,0.0416515178234126,0.00340492064363242,0.0245504032740246,0.00925435969911951,0.00405681957392225,0.00124437133800956,0.00267246510218632,0.00357663995141244,0.00113499975683096,0.0101156675494064,0.0134521745574719,0.00260528968903226,0.000987681087316171,0.00574284185669077,0.0166272706080712,0.00810007274193934,0.00380454618585245,0.00480255915779896,0.00448821569956078,0.0274178082826103,0.00330882446897166,0.329313882007337,0.0903758799730589,0.245835769131206,0.589537723059822,0.37912534061365,0,0,0,0,0,0,0,0,0,0,0,0,0,0,0,0,0,0,0,0,0,0,0,0,0,0,0,0,0,0,0,0,0,0,0,0,0,0,0,0,0,0,0,0,0,0,0,0,0,0,0,0,0,0,0,0,0,0,0,0,0,0,0,0,0,0,0,0,0,0,0,0,0,0,0,0,0,0,0,0,0,0,0,0,0,0,0,0,0,0,0,0,0,0,0,0,0,0,0,0,0,0,0,0,0,0,0,0,0,0
0.291118827875226,0.0413306051869164,0.0606817187036886,0.109866093823281,0.028768444685613,0.0133716300337003,0.0282053406317813,0.0217767571274169,0.0240809149428124,0.0141039131135365,0.196195679645499,0.0588239232172274,0.0201147312465137,0.00737074846811648,0.00211239666863769,0.0250109445487837,0.00611967055751728,0.0593353264592918,0.0414875590489416,0.0113084600017198,0.00816669174060053,0.0112546562059259,0.00359369655215999,0.00438283980495575,0.00927390859986747,0.00699193277194741,0.00991736500385735,0.00489579577309195,0.00227102738801181,0.00446265943482807,0.00227134361430025,0.02245851515874,0.0149061059409972,0.00864380531165959,0.00367241348424197,0.00207745551665795,0.00100273544300172,0.000405682910584256,0.00124153120344884,0.000547210734109172,0.000642007188257534,0.000566974860636347,0.00362768154660086,0.00137333537154443,0.320810903604546,0.0805767869268102,0.0505682703249683,0.0233550900580399,0.164866921651494,0.0121075033453729,0.0752266459250884,0.0308972309324329,0.00809510010800494,0.0213962784597493,0.0600124111908278,0.0187660017779582,0.0143486814332432,0.111275568557709,0.0529945634665538,0.00785551671981459,0.0316997185015989,0.0129541653818398,0.0697592940992356,0.0141889719920222,0.0416515178234126,0.00340492064363242,0.0245504032740246,0.00925435969911951,0.00405681957392225,0.00124437133800956,0.00267246510218632,0.00357663995141244,0.00113499975683096,0.0101156675494064,0.0134521745574719,0.00260528968903226,0.000987681087316171,0.00574284185669077,0.0166272706080712,0.00810007274193934,0.00380454618585245,0.00480255915779896,0.00448821569956078,0.0274178082826103,0.00330882446897166,0.329313882007337,0.0903758799730589,0.245835769131206,0.589537723059822,0.219444727885384,0.309160209759804,0,0,0,0,0,0,0,0,0,0,0,0,0,0,0,0,0,0,0,0,0,0,0,0,0,0,0,0,0,0,0,0,0,0,0,0,0,0,0,0,0,0,0,0,0,0,0,0,0,0,0,0,0,0,0,0,0,0,0,0,0,0,0,0,0,0,0,0,0,0,0,0,0,0,0,0,0,0,0,0,0,0,0,0,0,0,0,0,0,0,0,0,0,0,0,0,0,0,0,0,0,0,0,0,0,0,0,0,0
0.291118827875226,0.0413306051869164,0.0606817187036886,0.109866093823281,0.028768444685613,0.0133716300337003,0.0282053406317813,0.0217767571274169,0.0240809149428124,0.0141039131135365,0.196195679645499,0.0588239232172274,0.0201147312465137,0.00737074846811648,0.00211239666863769,0.0250109445487837,0.00611967055751728,0.0593353264592918,0.0414875590489416,0.0113084600017198,0.00816669174060053,0.0112546562059259,0.00359369655215999,0.00438283980495575,0.00927390859986747,0.00699193277194741,0.00991736500385735,0.00489579577309195,0.00227102738801181,0.00446265943482807,0.00227134361430025,0.02245851515874,0.0149061059409972,0.00864380531165959,0.00367241348424197,0.00207745551665795,0.00100273544300172,0.000405682910584256,0.00124153120344884,0.000547210734109172,0.000642007188257534,0.000566974860636347,0.00362768154660086,0.00137333537154443,0.320810903604546,0.0805767869268102,0.0505682703249683,0.0233550900580399,0.164866921651494,0.0121075033453729,0.0752266459250884,0.0308972309324329,0.00809510010800494,0.0213962784597493,0.0600124111908278,0.0187660017779582,0.0143486814332432,0.111275568557709,0.0529945634665538,0.00785551671981459,0.0316997185015989,0.0129541653818398,0.0697592940992356,0.0141889719920222,0.0416515178234126,0.00340492064363242,0.0245504032740246,0.00925435969911951,0.00405681957392225,0.00124437133800956,0.00267246510218632,0.00357663995141244,0.00113499975683096,0.0101156675494064,0.0134521745574719,0.00260528968903226,0.000987681087316171,0.00574284185669077,0.0166272706080712,0.00810007274193934,0.00380454618585245,0.00480255915779896,0.00448821569956078,0.0274178082826103,0.00330882446897166,0.329313882007337,0.0903758799730589,0.245835769131206,0.32231770325621,0.0946940594852576,0.0489092870394952,0.613223422325915,0,0,0,0,0,0,0,0,0,0,0,0,0,0,0,0,0,0,0,0,0,0,0,0,0,0,0,0,0,0,0,0,0,0,0,0,0,0,0,0,0,0,0,0,0,0,0,0,0,0,0,0,0,0,0,0,0,0,0,0,0,0,0,0,0,0,0,0,0,0,0,0,0,0,0,0,0,0,0,0,0,0,0,0,0,0,0,0,0,0,0,0,0,0,0,0,0,0,0,0,0,0,0,0,0,0,0,0
0.291118827875226,0.0413306051869164,0.0606817187036886,0.109866093823281,0.028768444685613,0.0133716300337003,0.0282053406317813,0.0217767571274169,0.0240809149428124,0.0141039131135365,0.196195679645499,0.0588239232172274,0.0201147312465137,0.00737074846811648,0.00211239666863769,0.0250109445487837,0.00611967055751728,0.0593353264592918,0.0414875590489416,0.0113084600017198,0.00816669174060053,0.0112546562059259,0.00359369655215999,0.00438283980495575,0.00927390859986747,0.00699193277194741,0.00991736500385735,0.00489579577309195,0.00227102738801181,0.00446265943482807,0.00227134361430025,0.02245851515874,0.0149061059409972,0.00864380531165959,0.00367241348424197,0.00207745551665795,0.00100273544300172,0.000405682910584256,0.00124153120344884,0.000547210734109172,0.000642007188257534,0.000566974860636347,0.00362768154660086,0.00137333537154443,0.320810903604546,0.0805767869268102,0.0505682703249683,0.0233550900580399,0.164866921651494,0.0121075033453729,0.0752266459250884,0.0308972309324329,0.00809510010800494,0.0213962784597493,0.0600124111908278,0.0187660017779582,0.0143486814332432,0.111275568557709,0.0529945634665538,0.00785551671981459,0.0316997185015989,0.0129541653818398,0.0697592940992356,0.0141889719920222,0.0416515178234126,0.00340492064363242,0.0245504032740246,0.00925435969911951,0.00405681957392225,0.00124437133800956,0.00267246510218632,0.00357663995141244,0.00113499975683096,0.0101156675494064,0.0134521745574719,0.00260528968903226,0.000987681087316171,0.00574284185669077,0.0166272706080712,0.00810007274193934,0.00380454618585245,0.00480255915779896,0.00448821569956078,0.0274178082826103,0.00330882446897166,0.329313882007337,0.0903758799730589,0.245835769131206,0.32231770325621,0.0946940594852576,0.0489092870394952,0.60651746723959,0.0904407409433394,0,0,0,0,0,0,0,0,0,0,0,0,0,0,0,0,0,0,0,0,0,0,0,0,0,0,0,0,0,0,0,0,0,0,0,0,0,0,0,0,0,0,0,0,0,0,0,0,0,0,0,0,0,0,0,0,0,0,0,0,0,0,0,0,0,0,0,0,0,0,0,0,0,0,0,0,0,0,0,0,0,0,0,0,0,0,0,0,0,0,0,0,0,0,0,0,0,0,0,0,0,0,0,0,0,0,0
0.291118827875226,0.0413306051869164,0.0606817187036886,0.109866093823281,0.028768444685613,0.0133716300337003,0.0282053406317813,0.0217767571274169,0.0240809149428124,0.0141039131135365,0.196195679645499,0.0588239232172274,0.0201147312465137,0.00737074846811648,0.00211239666863769,0.0250109445487837,0.00611967055751728,0.0593353264592918,0.0414875590489416,0.0113084600017198,0.00816669174060053,0.0112546562059259,0.00359369655215999,0.00438283980495575,0.00927390859986747,0.00699193277194741,0.00991736500385735,0.00489579577309195,0.00227102738801181,0.00446265943482807,0.00227134361430025,0.02245851515874,0.0149061059409972,0.00864380531165959,0.00367241348424197,0.00207745551665795,0.00100273544300172,0.000405682910584256,0.00124153120344884,0.000547210734109172,0.000642007188257534,0.000566974860636347,0.00362768154660086,0.00137333537154443,0.320810903604546,0.0805767869268102,0.0505682703249683,0.0233550900580399,0.164866921651494,0.0121075033453729,0.0752266459250884,0.0308972309324329,0.00809510010800494,0.0213962784597493,0.0600124111908278,0.0187660017779582,0.0143486814332432,0.111275568557709,0.0529945634665538,0.00785551671981459,0.0316997185015989,0.0129541653818398,0.0697592940992356,0.0141889719920222,0.0416515178234126,0.00340492064363242,0.0245504032740246,0.00925435969911951,0.00405681957392225,0.00124437133800956,0.00267246510218632,0.00357663995141244,0.00113499975683096,0.0101156675494064,0.0134521745574719,0.00260528968903226,0.000987681087316171,0.00574284185669077,0.0166272706080712,0.00810007274193934,0.00380454618585245,0.00480255915779896,0.00448821569956078,0.0274178082826103,0.00330882446897166,0.329313882007337,0.0903758799730589,0.245835769131206,0.32231770325621,0.0946940594852576,0.0489092870394952,0.592737076275481,0.043949973983441,0.150910980012578,0,0,0,0,0,0,0,0,0,0,0,0,0,0,0,0,0,0,0,0,0,0,0,0,0,0,0,0,0,0,0,0,0,0,0,0,0,0,0,0,0,0,0,0,0,0,0,0,0,0,0,0,0,0,0,0,0,0,0,0,0,0,0,0,0,0,0,0,0,0,0,0,0,0,0,0,0,0,0,0,0,0,0,0,0,0,0,0,0,0,0,0,0,0,0,0,0,0,0,0,0,0,0,0,0,0
0.291118827875226,0.0413306051869164,0.0606817187036886,0.109866093823281,0.028768444685613,0.0133716300337003,0.0282053406317813,0.0217767571274169,0.0240809149428124,0.0141039131135365,0.196195679645499,0.0588239232172274,0.0201147312465137,0.00737074846811648,0.00211239666863769,0.0250109445487837,0.00611967055751728,0.0593353264592918,0.0414875590489416,0.0113084600017198,0.00816669174060053,0.0112546562059259,0.00359369655215999,0.00438283980495575,0.00927390859986747,0.00699193277194741,0.00991736500385735,0.00489579577309195,0.00227102738801181,0.00446265943482807,0.00227134361430025,0.02245851515874,0.0149061059409972,0.00864380531165959,0.00367241348424197,0.00207745551665795,0.00100273544300172,0.000405682910584256,0.00124153120344884,0.000547210734109172,0.000642007188257534,0.000566974860636347,0.00362768154660086,0.00137333537154443,0.320810903604546,0.0805767869268102,0.0505682703249683,0.0233550900580399,0.164866921651494,0.0121075033453729,0.0752266459250884,0.0308972309324329,0.00809510010800494,0.0213962784597493,0.0600124111908278,0.0187660017779582,0.0143486814332432,0.111275568557709,0.0529945634665538,0.00785551671981459,0.0316997185015989,0.0129541653818398,0.0697592940992356,0.0141889719920222,0.0416515178234126,0.00340492064363242,0.0245504032740246,0.00925435969911951,0.00405681957392225,0.00124437133800956,0.00267246510218632,0.00357663995141244,0.00113499975683096,0.0101156675494064,0.0134521745574719,0.00260528968903226,0.000987681087316171,0.00574284185669077,0.0166272706080712,0.00810007274193934,0.00380454618585245,0.00480255915779896,0.00448821569956078,0.0274178082826103,0.00330882446897166,0.329313882007337,0.0903758799730589,0.245835769131206,0.32231770325621,0.0946940594852576,0.0489092870394952,0.356733137203691,0.026450871265976,0.0407236331771253,0.496413508663942,0,0,0,0,0,0,0,0,0,0,0,0,0,0,0,0,0,0,0,0,0,0,0,0,0,0,0,0,0,0,0,0,0,0,0,0,0,0,0,0,0,0,0,0,0,0,0,0,0,0,0,0,0,0,0,0,0,0,0,0,0,0,0,0,0,0,0,0,0,0,0,0,0,0,0,0,0,0,0,0,0,0,0,0,0,0,0,0,0,0,0,0,0,0,0,0,0,0,0,0,0,0,0,0,0
0.291118827875226,0.0413306051869164,0.0606817187036886,0.109866093823281,0.028768444685613,0.0133716300337003,0.0282053406317813,0.0217767571274169,0.0240809149428124,0.0141039131135365,0.196195679645499,0.0588239232172274,0.0201147312465137,0.00737074846811648,0.00211239666863769,0.0250109445487837,0.00611967055751728,0.0593353264592918,0.0414875590489416,0.0113084600017198,0.00816669174060053,0.0112546562059259,0.00359369655215999,0.00438283980495575,0.00927390859986747,0.00699193277194741,0.00991736500385735,0.00489579577309195,0.00227102738801181,0.00446265943482807,0.00227134361430025,0.02245851515874,0.0149061059409972,0.00864380531165959,0.00367241348424197,0.00207745551665795,0.00100273544300172,0.000405682910584256,0.00124153120344884,0.000547210734109172,0.000642007188257534,0.000566974860636347,0.00362768154660086,0.00137333537154443,0.320810903604546,0.0805767869268102,0.0505682703249683,0.0233550900580399,0.164866921651494,0.0121075033453729,0.0752266459250884,0.0308972309324329,0.00809510010800494,0.0213962784597493,0.0600124111908278,0.0187660017779582,0.0143486814332432,0.111275568557709,0.0529945634665538,0.00785551671981459,0.0316997185015989,0.0129541653818398,0.0697592940992356,0.0141889719920222,0.0416515178234126,0.00340492064363242,0.0245504032740246,0.00925435969911951,0.00405681957392225,0.00124437133800956,0.00267246510218632,0.00357663995141244,0.00113499975683096,0.0101156675494064,0.0134521745574719,0.00260528968903226,0.000987681087316171,0.00574284185669077,0.0166272706080712,0.00810007274193934,0.00380454618585245,0.00480255915779896,0.00448821569956078,0.0274178082826103,0.00330882446897166,0.329313882007337,0.0903758799730589,0.245835769131206,0.32231770325621,0.0946940594852576,0.0489092870394952,0.208095890612094,0.0154297906180109,0.0237556308376121,0.104749420406367,0.566537038959492,0,0,0,0,0,0,0,0,0,0,0,0,0,0,0,0,0,0,0,0,0,0,0,0,0,0,0,0,0,0,0,0,0,0,0,0,0,0,0,0,0,0,0,0,0,0,0,0,0,0,0,0,0,0,0,0,0,0,0,0,0,0,0,0,0,0,0,0,0,0,0,0,0,0,0,0,0,0,0,0,0,0,0,0,0,0,0,0,0,0,0,0,0,0,0,0,0,0,0,0,0,0,0,0
0.291118827875226,0.0413306051869164,0.0606817187036886,0.109866093823281,0.028768444685613,0.0133716300337003,0.0282053406317813,0.0217767571274169,0.0240809149428124,0.0141039131135365,0.196195679645499,0.0588239232172274,0.0201147312465137,0.00737074846811648,0.00211239666863769,0.0250109445487837,0.00611967055751728,0.0593353264592918,0.0414875590489416,0.0113084600017198,0.00816669174060053,0.0112546562059259,0.00359369655215999,0.00438283980495575,0.00927390859986747,0.00699193277194741,0.00991736500385735,0.00489579577309195,0.00227102738801181,0.00446265943482807,0.00227134361430025,0.02245851515874,0.0149061059409972,0.00864380531165959,0.00367241348424197,0.00207745551665795,0.00100273544300172,0.000405682910584256,0.00124153120344884,0.000547210734109172,0.000642007188257534,0.000566974860636347,0.00362768154660086,0.00137333537154443,0.320810903604546,0.0805767869268102,0.0505682703249683,0.0233550900580399,0.164866921651494,0.0121075033453729,0.0752266459250884,0.0308972309324329,0.00809510010800494,0.0213962784597493,0.0600124111908278,0.0187660017779582,0.0143486814332432,0.111275568557709,0.0529945634665538,0.00785551671981459,0.0316997185015989,0.0129541653818398,0.0697592940992356,0.0141889719920222,0.0416515178234126,0.00340492064363242,0.0245504032740246,0.00925435969911951,0.00405681957392225,0.00124437133800956,0.00267246510218632,0.00357663995141244,0.00113499975683096,0.0101156675494064,0.0134521745574719,0.00260528968903226,0.000987681087316171,0.00574284185669077,0.0166272706080712,0.00810007274193934,0.00380454618585244,0.00480255915779895,0.00448821569956079,0.0274178082826103,0.00330882446897166,0.329313882007337,0.090375879973059,0.245835769131206,0.32231770325621,0.0946940594852576,0.0489092870394952,0.208095890612094,0.0154297906180109,0.023755630837612,0.104749420406367,0.278719574104102,0.493233834498625,0,0,0,0,0,0,0,0,0,0,0,0,0,0,0,0,0,0,0,0,0,0,0,0,0,0,0,0,0,0,0,0,0,0,0,0,0,0,0,0,0,0,0,0,0,0,0,0,0,0,0,0,0,0,0,0,0,0,0,0,0,0,0,0,0,0,0,0,0,0,0,0,0,0,0,0,0,0,0,0,0,0,0,0,0,0,0,0,0,0,0,0,0,0,0,0,0,0,0,0,0,0,0
0.291118827875226,0.0413306051869164,0.0606817187036886,0.109866093823281,0.028768444685613,0.0133716300337003,0.0282053406317813,0.0217767571274169,0.0240809149428124,0.0141039131135365,0.196195679645499,0.0588239232172274,0.0201147312465137,0.00737074846811648,0.00211239666863769,0.0250109445487837,0.00611967055751728,0.0593353264592918,0.0414875590489416,0.0113084600017198,0.00816669174060053,0.0112546562059259,0.00359369655215999,0.00438283980495575,0.00927390859986747,0.00699193277194741,0.00991736500385735,0.00489579577309195,0.00227102738801181,0.00446265943482807,0.00227134361430025,0.02245851515874,0.0149061059409972,0.00864380531165959,0.00367241348424197,0.00207745551665795,0.00100273544300172,0.000405682910584256,0.00124153120344884,0.000547210734109172,0.000642007188257534,0.000566974860636347,0.00362768154660086,0.00137333537154443,0.320810903604546,0.0805767869268102,0.0505682703249683,0.0233550900580399,0.164866921651494,0.0121075033453729,0.0752266459250884,0.0308972309324329,0.00809510010800494,0.0213962784597493,0.0600124111908278,0.0187660017779582,0.0143486814332432,0.111275568557709,0.0529945634665538,0.00785551671981459,0.0316997185015989,0.0129541653818398,0.0697592940992356,0.0141889719920222,0.0416515178234126,0.00340492064363242,0.0245504032740246,0.00925435969911951,0.00405681957392225,0.00124437133800956,0.00267246510218632,0.00357663995141244,0.00113499975683096,0.0101156675494064,0.0134521745574719,0.00260528968903226,0.000987681087316171,0.00574284185669077,0.0166272706080712,0.00810007274193934,0.00380454618585244,0.00480255915779895,0.00448821569956079,0.0274178082826103,0.00330882446897166,0.329313882007337,0.090375879973059,0.245835769131206,0.32231770325621,0.0946940594852576,0.0489092870394952,0.208095890612094,0.0154297906180109,0.023755630837612,0.104749420406367,0.278719574104102,0.426312682782517,0.248066749067644,0,0,0,0,0,0,0,0,0,0,0,0,0,0,0,0,0,0,0,0,0,0,0,0,0,0,0,0,0,0,0,0,0,0,0,0,0,0,0,0,0,0,0,0,0,0,0,0,0,0,0,0,0,0,0,0,0,0,0,0,0,0,0,0,0,0,0,0,0,0,0,0,0,0,0,0,0,0,0,0,0,0,0,0,0,0,0,0,0,0,0,0,0,0,0,0,0,0,0,0,0,0
0.291118827875226,0.0413306051869164,0.0606817187036886,0.109866093823281,0.028768444685613,0.0133716300337003,0.0282053406317813,0.0217767571274169,0.0240809149428124,0.0141039131135365,0.196195679645499,0.0588239232172274,0.0201147312465137,0.00737074846811648,0.00211239666863769,0.0250109445487837,0.00611967055751728,0.0593353264592918,0.0414875590489416,0.0113084600017198,0.00816669174060053,0.0112546562059259,0.00359369655215999,0.00438283980495575,0.00927390859986747,0.00699193277194741,0.00991736500385735,0.00489579577309195,0.00227102738801181,0.00446265943482807,0.00227134361430025,0.02245851515874,0.0149061059409972,0.00864380531165959,0.00367241348424197,0.00207745551665795,0.00100273544300172,0.000405682910584256,0.00124153120344884,0.000547210734109172,0.000642007188257534,0.000566974860636347,0.00362768154660086,0.00137333537154443,0.320810903604546,0.0805767869268102,0.0505682703249683,0.0233550900580399,0.164866921651494,0.0121075033453729,0.0752266459250884,0.0308972309324329,0.00809510010800494,0.0213962784597493,0.0600124111908278,0.0187660017779582,0.0143486814332432,0.111275568557709,0.0529945634665538,0.00785551671981459,0.0316997185015989,0.0129541653818398,0.0697592940992356,0.0141889719920222,0.0416515178234126,0.00340492064363242,0.0245504032740246,0.00925435969911951,0.00405681957392225,0.00124437133800956,0.00267246510218632,0.00357663995141244,0.00113499975683096,0.0101156675494064,0.0134521745574719,0.00260528968903226,0.000987681087316171,0.00574284185669077,0.0166272706080712,0.00810007274193934,0.00380454618585244,0.00480255915779895,0.00448821569956079,0.0274178082826103,0.00330882446897166,0.329313882007337,0.090375879973059,0.245835769131206,0.32231770325621,0.0946940594852576,0.0489092870394952,0.208095890612094,0.0154297906180109,0.023755630837612,0.104749420406367,0.278719574104102,0.327404894472354,0.0883242623121809,0.358168221994599,0,0,0,0,0,0,0,0,0,0,0,0,0,0,0,0,0,0,0,0,0,0,0,0,0,0,0,0,0,0,0,0,0,0,0,0,0,0,0,0,0,0,0,0,0,0,0,0,0,0,0,0,0,0,0,0,0,0,0,0,0,0,0,0,0,0,0,0,0,0,0,0,0,0,0,0,0,0,0,0,0,0,0,0,0,0,0,0,0,0,0,0,0,0,0,0,0,0,0,0,0
0.291118827875226,0.0413306051869164,0.0606817187036886,0.109866093823281,0.028768444685613,0.0133716300337003,0.0282053406317813,0.0217767571274169,0.0240809149428124,0.0141039131135365,0.196195679645499,0.0588239232172274,0.0201147312465137,0.00737074846811648,0.00211239666863769,0.0250109445487837,0.00611967055751728,0.0593353264592918,0.0414875590489416,0.0113084600017198,0.00816669174060053,0.0112546562059259,0.00359369655215999,0.00438283980495575,0.00927390859986747,0.00699193277194741,0.00991736500385735,0.00489579577309195,0.00227102738801181,0.00446265943482807,0.00227134361430025,0.02245851515874,0.0149061059409972,0.00864380531165959,0.00367241348424197,0.00207745551665795,0.00100273544300172,0.000405682910584256,0.00124153120344884,0.000547210734109172,0.000642007188257534,0.000566974860636347,0.00362768154660086,0.00137333537154443,0.320810903604546,0.0805767869268102,0.0505682703249683,0.0233550900580399,0.164866921651494,0.0121075033453729,0.0752266459250884,0.0308972309324329,0.00809510010800494,0.0213962784597493,0.0600124111908278,0.0187660017779582,0.0143486814332432,0.111275568557709,0.0529945634665538,0.00785551671981459,0.0316997185015989,0.0129541653818398,0.0697592940992356,0.0141889719920222,0.0416515178234126,0.00340492064363242,0.0245504032740246,0.00925435969911951,0.00405681957392225,0.00124437133800956,0.00267246510218632,0.00357663995141244,0.00113499975683096,0.0101156675494064,0.0134521745574719,0.00260528968903226,0.000987681087316171,0.00574284185669077,0.0166272706080712,0.00810007274193934,0.00380454618585244,0.00480255915779895,0.00448821569956079,0.0274178082826103,0.00330882446897166,0.329313882007337,0.090375879973059,0.245835769131206,0.32231770325621,0.0946940594852576,0.0489092870394952,0.208095890612094,0.0154297906180109,0.023755630837612,0.104749420406367,0.278719574104102,0.327404894472354,0.0883242623121809,0.183623344668931,0.307517385751387,0,0,0,0,0,0,0,0,0,0,0,0,0,0,0,0,0,0,0,0,0,0,0,0,0,0,0,0,0,0,0,0,0,0,0,0,0,0,0,0,0,0,0,0,0,0,0,0,0,0,0,0,0,0,0,0,0,0,0,0,0,0,0,0,0,0,0,0,0,0,0,0,0,0,0,0,0,0,0,0,0,0,0,0,0,0,0,0,0,0,0,0,0,0,0,0,0,0,0,0
0.291118827875226,0.0413306051869164,0.0606817187036886,0.109866093823281,0.028768444685613,0.0133716300337003,0.0282053406317813,0.0217767571274169,0.0240809149428124,0.0141039131135365,0.196195679645499,0.0588239232172274,0.0201147312465137,0.00737074846811648,0.00211239666863769,0.0250109445487837,0.00611967055751728,0.0593353264592918,0.0414875590489416,0.0113084600017198,0.00816669174060053,0.0112546562059259,0.00359369655215999,0.00438283980495575,0.00927390859986747,0.00699193277194741,0.00991736500385735,0.00489579577309195,0.00227102738801181,0.00446265943482807,0.00227134361430025,0.02245851515874,0.0149061059409972,0.00864380531165959,0.00367241348424197,0.00207745551665795,0.00100273544300172,0.000405682910584256,0.00124153120344884,0.000547210734109172,0.000642007188257534,0.000566974860636347,0.00362768154660086,0.00137333537154443,0.320810903604546,0.0805767869268102,0.0505682703249683,0.0233550900580399,0.164866921651494,0.0121075033453729,0.0752266459250884,0.0308972309324329,0.00809510010800494,0.0213962784597493,0.0600124111908278,0.0187660017779582,0.0143486814332432,0.111275568557709,0.0529945634665538,0.00785551671981459,0.0316997185015989,0.0129541653818398,0.0697592940992356,0.0141889719920222,0.0416515178234126,0.00340492064363242,0.0245504032740246,0.00925435969911951,0.00405681957392225,0.00124437133800956,0.00267246510218632,0.00357663995141244,0.00113499975683096,0.0101156675494064,0.0134521745574719,0.00260528968903226,0.000987681087316171,0.00574284185669077,0.0166272706080712,0.00810007274193934,0.00380454618585244,0.00480255915779895,0.00448821569956079,0.0274178082826103,0.00330882446897166,0.329313882007337,0.090375879973059,0.245835769131206,0.32231770325621,0.0946940594852576,0.0489092870394952,0.208095890612094,0.0154297906180109,0.023755630837612,0.104749420406367,0.249897698432937,0.145823171496897,0.0393388256190947,0.0578139766064384,0.0328148388417884,0.480920104305428,0,0,0,0,0,0,0,0,0,0,0,0,0,0,0,0,0,0,0,0,0,0,0,0,0,0,0,0,0,0,0,0,0,0,0,0,0,0,0,0,0,0,0,0,0,0,0,0,0,0,0,0,0,0,0,0,0,0,0,0,0,0,0,0,0,0,0,0,0,0,0,0,0,0,0,0,0,0,0,0,0,0,0,0,0,0,0,0,0,0,0,0,0,0,0,0,0,0,0
0.291118827875226,0.0413306051869164,0.0606817187036886,0.109866093823281,0.028768444685613,0.0133716300337003,0.0282053406317813,0.0217767571274169,0.0240809149428124,0.0141039131135365,0.196195679645499,0.0588239232172274,0.0201147312465137,0.00737074846811648,0.00211239666863769,0.0250109445487837,0.00611967055751728,0.0593353264592918,0.0414875590489416,0.0113084600017198,0.00816669174060053,0.0112546562059259,0.00359369655215999,0.00438283980495575,0.00927390859986747,0.00699193277194741,0.00991736500385735,0.00489579577309195,0.00227102738801181,0.00446265943482807,0.00227134361430025,0.02245851515874,0.0149061059409972,0.00864380531165959,0.00367241348424197,0.00207745551665795,0.00100273544300172,0.000405682910584256,0.00124153120344884,0.000547210734109172,0.000642007188257534,0.000566974860636347,0.00362768154660086,0.00137333537154443,0.320810903604546,0.0805767869268102,0.0505682703249683,0.0233550900580399,0.164866921651494,0.0121075033453729,0.0752266459250884,0.0308972309324329,0.00809510010800494,0.0213962784597493,0.0600124111908278,0.0187660017779582,0.0143486814332432,0.111275568557709,0.0529945634665538,0.00785551671981459,0.0316997185015989,0.0129541653818398,0.0697592940992356,0.0141889719920222,0.0416515178234126,0.00340492064363242,0.0245504032740246,0.00925435969911951,0.00405681957392225,0.00124437133800956,0.00267246510218632,0.00357663995141244,0.00113499975683096,0.0101156675494064,0.0134521745574719,0.00260528968903226,0.000987681087316171,0.00574284185669077,0.0166272706080712,0.00810007274193934,0.00380454618585244,0.00480255915779895,0.00448821569956079,0.0274178082826103,0.00330882446897166,0.329313882007337,0.090375879973059,0.245835769131206,0.32231770325621,0.0946940594852576,0.0489092870394952,0.208095890612094,0.0154297906180109,0.023755630837612,0.104749420406367,0.249897698432937,0.145823171496897,0.0393388256190947,0.0578139766064384,0.0328148388417884,0.369878079420387,0.307366805446571,0,0,0,0,0,0,0,0,0,0,0,0,0,0,0,0,0,0,0,0,0,0,0,0,0,0,0,0,0,0,0,0,0,0,0,0,0,0,0,0,0,0,0,0,0,0,0,0,0,0,0,0,0,0,0,0,0,0,0,0,0,0,0,0,0,0,0,0,0,0,0,0,0,0,0,0,0,0,0,0,0,0,0,0,0,0,0,0,0,0,0,0,0,0,0,0,0,0
0.291118827875226,0.0413306051869164,0.0606817187036886,0.109866093823281,0.028768444685613,0.0133716300337003,0.0282053406317813,0.0217767571274169,0.0240809149428124,0.0141039131135365,0.196195679645499,0.0588239232172274,0.0201147312465137,0.00737074846811648,0.00211239666863769,0.0250109445487837,0.00611967055751728,0.0593353264592918,0.0414875590489416,0.0113084600017198,0.00816669174060053,0.0112546562059259,0.00359369655215999,0.00438283980495575,0.00927390859986747,0.00699193277194741,0.00991736500385735,0.00489579577309195,0.00227102738801181,0.00446265943482807,0.00227134361430025,0.02245851515874,0.0149061059409972,0.00864380531165959,0.00367241348424197,0.00207745551665795,0.00100273544300172,0.000405682910584256,0.00124153120344884,0.000547210734109172,0.000642007188257534,0.000566974860636347,0.00362768154660086,0.00137333537154443,0.320810903604546,0.0805767869268102,0.0505682703249683,0.0233550900580399,0.164866921651494,0.0121075033453729,0.0752266459250884,0.0308972309324329,0.00809510010800494,0.0213962784597493,0.0600124111908278,0.0187660017779582,0.0143486814332432,0.111275568557709,0.0529945634665538,0.00785551671981459,0.0316997185015989,0.0129541653818398,0.0697592940992356,0.0141889719920222,0.0416515178234126,0.00340492064363242,0.0245504032740246,0.00925435969911951,0.00405681957392225,0.00124437133800956,0.00267246510218632,0.00357663995141244,0.00113499975683096,0.0101156675494064,0.0134521745574719,0.00260528968903226,0.000987681087316171,0.00574284185669077,0.0166272706080712,0.00810007274193934,0.00380454618585244,0.00480255915779895,0.00448821569956079,0.0274178082826103,0.00330882446897166,0.329313882007337,0.090375879973059,0.245835769131206,0.32231770325621,0.0946940594852576,0.0489092870394952,0.208095890612094,0.0154297906180109,0.023755630837612,0.104749420406367,0.249897698432937,0.145823171496897,0.0393388256190947,0.0578139766064384,0.0328148388417884,0.369878079420387,0.288297037608485,0.106579412630215,0,0,0,0,0,0,0,0,0,0,0,0,0,0,0,0,0,0,0,0,0,0,0,0,0,0,0,0,0,0,0,0,0,0,0,0,0,0,0,0,0,0,0,0,0,0,0,0,0,0,0,0,0,0,0,0,0,0,0,0,0,0,0,0,0,0,0,0,0,0,0,0,0,0,0,0,0,0,0,0,0,0,0,0,0,0,0,0,0,0,0,0,0,0,0,0,0
0.291118827875226,0.0413306051869164,0.0606817187036886,0.109866093823281,0.028768444685613,0.0133716300337003,0.0282053406317813,0.0217767571274169,0.0240809149428124,0.0141039131135365,0.196195679645499,0.0588239232172274,0.0201147312465137,0.00737074846811648,0.00211239666863769,0.0250109445487837,0.00611967055751728,0.0593353264592918,0.0414875590489416,0.0113084600017198,0.00816669174060053,0.0112546562059259,0.00359369655215999,0.00438283980495575,0.00927390859986747,0.00699193277194741,0.00991736500385735,0.00489579577309195,0.00227102738801181,0.00446265943482807,0.00227134361430025,0.02245851515874,0.0149061059409972,0.00864380531165959,0.00367241348424197,0.00207745551665795,0.00100273544300172,0.000405682910584256,0.00124153120344884,0.000547210734109172,0.000642007188257534,0.000566974860636347,0.00362768154660086,0.00137333537154443,0.320810903604546,0.0805767869268102,0.0505682703249683,0.0233550900580399,0.164866921651494,0.0121075033453729,0.0752266459250884,0.0308972309324329,0.00809510010800494,0.0213962784597493,0.0600124111908278,0.0187660017779582,0.0143486814332432,0.111275568557709,0.0529945634665538,0.00785551671981459,0.0316997185015989,0.0129541653818398,0.0697592940992356,0.0141889719920222,0.0416515178234126,0.00340492064363242,0.0245504032740246,0.00925435969911951,0.00405681957392225,0.00124437133800956,0.00267246510218632,0.00357663995141244,0.00113499975683096,0.0101156675494064,0.0134521745574719,0.00260528968903226,0.000987681087316171,0.00574284185669077,0.0166272706080712,0.00810007274193934,0.00380454618585244,0.00480255915779895,0.00448821569956079,0.0274178082826103,0.00330882446897166,0.329313882007337,0.090375879973059,0.245835769131206,0.32231770325621,0.0946940594852576,0.0489092870394952,0.208095890612094,0.0154297906180109,0.023755630837612,0.104749420406367,0.249897698432937,0.145823171496897,0.0393388256190947,0.0578139766064384,0.0328148388417884,0.369878079420387,0.249678781213641,0.0446738847056698,0.173606173065377,0,0,0,0,0,0,0,0,0,0,0,0,0,0,0,0,0,0,0,0,0,0,0,0,0,0,0,0,0,0,0,0,0,0,0,0,0,0,0,0,0,0,0,0,0,0,0,0,0,0,0,0,0,0,0,0,0,0,0,0,0,0,0,0,0,0,0,0,0,0,0,0,0,0,0,0,0,0,0,0,0,0,0,0,0,0,0,0,0,0,0,0,0,0,0,0
0.291118827875226,0.0413306051869164,0.0606817187036886,0.109866093823281,0.028768444685613,0.0133716300337003,0.0282053406317813,0.0217767571274169,0.0240809149428124,0.0141039131135365,0.196195679645499,0.0588239232172274,0.0201147312465137,0.00737074846811648,0.00211239666863769,0.0250109445487837,0.00611967055751728,0.0593353264592918,0.0414875590489416,0.0113084600017198,0.00816669174060053,0.0112546562059259,0.00359369655215999,0.00438283980495575,0.00927390859986747,0.00699193277194741,0.00991736500385735,0.00489579577309195,0.00227102738801181,0.00446265943482807,0.00227134361430025,0.02245851515874,0.0149061059409972,0.00864380531165959,0.00367241348424197,0.00207745551665795,0.00100273544300172,0.000405682910584256,0.00124153120344884,0.000547210734109172,0.000642007188257534,0.000566974860636347,0.00362768154660086,0.00137333537154443,0.320810903604546,0.0805767869268102,0.0505682703249683,0.0233550900580399,0.164866921651494,0.0121075033453729,0.0752266459250884,0.0308972309324329,0.00809510010800494,0.0213962784597493,0.0600124111908278,0.0187660017779582,0.0143486814332432,0.111275568557709,0.0529945634665538,0.00785551671981459,0.0316997185015989,0.0129541653818398,0.0697592940992356,0.0141889719920222,0.0416515178234126,0.00340492064363242,0.0245504032740246,0.00925435969911951,0.00405681957392225,0.00124437133800956,0.00267246510218632,0.00357663995141244,0.00113499975683096,0.0101156675494064,0.0134521745574719,0.00260528968903226,0.000987681087316171,0.00574284185669077,0.0166272706080712,0.00810007274193934,0.00380454618585244,0.00480255915779895,0.00448821569956079,0.0274178082826103,0.00330882446897166,0.329313882007337,0.090375879973059,0.245835769131206,0.32231770325621,0.0946940594852576,0.0489092870394952,0.208095890612094,0.0154297906180109,0.023755630837612,0.104749420406367,0.249897698432937,0.145823171496897,0.0393388256190947,0.0578139766064384,0.0328148388417884,0.215673227042451,0.0779159994505263,0.0139411541471818,0.0223034381959542,0.421908169839775,0,0,0,0,0,0,0,0,0,0,0,0,0,0,0,0,0,0,0,0,0,0,0,0,0,0,0,0,0,0,0,0,0,0,0,0,0,0,0,0,0,0,0,0,0,0,0,0,0,0,0,0,0,0,0,0,0,0,0,0,0,0,0,0,0,0,0,0,0,0,0,0,0,0,0,0,0,0,0,0,0,0,0,0,0,0,0,0,0,0,0,0,0,0,0
0.291118827875226,0.0413306051869164,0.0606817187036886,0.109866093823281,0.028768444685613,0.0133716300337003,0.0282053406317813,0.0217767571274169,0.0240809149428124,0.0141039131135365,0.196195679645499,0.0588239232172274,0.0201147312465137,0.00737074846811648,0.00211239666863769,0.0250109445487837,0.00611967055751728,0.0593353264592918,0.0414875590489416,0.0113084600017198,0.00816669174060053,0.0112546562059259,0.00359369655215999,0.00438283980495575,0.00927390859986747,0.00699193277194741,0.00991736500385735,0.00489579577309195,0.00227102738801181,0.00446265943482807,0.00227134361430025,0.02245851515874,0.0149061059409972,0.00864380531165959,0.00367241348424197,0.00207745551665795,0.00100273544300172,0.000405682910584256,0.00124153120344884,0.000547210734109172,0.000642007188257534,0.000566974860636347,0.00362768154660086,0.00137333537154443,0.320810903604546,0.0805767869268102,0.0505682703249683,0.0233550900580399,0.164866921651494,0.0121075033453729,0.0752266459250884,0.0308972309324329,0.00809510010800494,0.0213962784597493,0.0600124111908278,0.0187660017779582,0.0143486814332432,0.111275568557709,0.0529945634665538,0.00785551671981459,0.0316997185015989,0.0129541653818398,0.0697592940992356,0.0141889719920222,0.0416515178234126,0.00340492064363242,0.0245504032740246,0.00925435969911951,0.00405681957392225,0.00124437133800956,0.00267246510218632,0.00357663995141244,0.00113499975683096,0.0101156675494064,0.0134521745574719,0.00260528968903226,0.000987681087316171,0.00574284185669077,0.0166272706080712,0.00810007274193934,0.00380454618585244,0.00480255915779895,0.00448821569956079,0.0274178082826103,0.00330882446897166,0.329313882007337,0.090375879973059,0.245835769131206,0.32231770325621,0.0946940594852576,0.0489092870394952,0.208095890612094,0.0154297906180109,0.023755630837612,0.104749420406367,0.176717312352365,0.103120113179214,0.0278187897611645,0.0408836520958758,0.0232052962542712,0.0763096986034788,0.0275683102441277,0.00493267192105714,0.00789142291741004,0.0423033377558696,0.517356981546814,0,0,0,0,0,0,0,0,0,0,0,0,0,0,0,0,0,0,0,0,0,0,0,0,0,0,0,0,0,0,0,0,0,0,0,0,0,0,0,0,0,0,0,0,0,0,0,0,0,0,0,0,0,0,0,0,0,0,0,0,0,0,0,0,0,0,0,0,0,0,0,0,0,0,0,0,0,0,0,0,0,0,0,0,0,0,0,0,0,0,0,0,0,0
0.291118827875226,0.0413306051869164,0.0606817187036886,0.109866093823281,0.028768444685613,0.0133716300337003,0.0282053406317813,0.0217767571274169,0.0240809149428124,0.0141039131135365,0.196195679645499,0.0588239232172274,0.0201147312465137,0.00737074846811648,0.00211239666863769,0.0250109445487837,0.00611967055751728,0.0593353264592918,0.0414875590489416,0.0113084600017198,0.00816669174060053,0.0112546562059259,0.00359369655215999,0.00438283980495575,0.00927390859986747,0.00699193277194741,0.00991736500385735,0.00489579577309195,0.00227102738801181,0.00446265943482807,0.00227134361430025,0.02245851515874,0.0149061059409972,0.00864380531165959,0.00367241348424197,0.00207745551665795,0.00100273544300172,0.000405682910584256,0.00124153120344884,0.000547210734109172,0.000642007188257534,0.000566974860636347,0.00362768154660086,0.00137333537154443,0.320810903604546,0.0805767869268102,0.0505682703249683,0.0233550900580399,0.164866921651494,0.0121075033453729,0.0752266459250884,0.0308972309324329,0.00809510010800494,0.0213962784597493,0.0600124111908278,0.0187660017779582,0.0143486814332432,0.111275568557709,0.0529945634665538,0.00785551671981459,0.0316997185015989,0.0129541653818398,0.0697592940992356,0.0141889719920222,0.0416515178234126,0.00340492064363242,0.0245504032740246,0.00925435969911951,0.00405681957392225,0.00124437133800956,0.00267246510218632,0.00357663995141244,0.00113499975683096,0.0101156675494064,0.0134521745574719,0.00260528968903226,0.000987681087316171,0.00574284185669077,0.0166272706080712,0.00810007274193934,0.00380454618585244,0.00480255915779895,0.00448821569956079,0.0274178082826103,0.00330882446897166,0.329313882007337,0.090375879973059,0.245835769131206,0.32231770325621,0.0946940594852576,0.0489092870394952,0.208095890612094,0.0154297906180109,0.023755630837612,0.104749420406367,0.176717312352365,0.103120113179214,0.0278187897611645,0.0408836520958758,0.0232052962542712,0.0763096986034788,0.0275683102441277,0.00493267192105714,0.00789142291741004,0.0423033377558696,0.387615931702827,0.342654543009982,0,0,0,0,0,0,0,0,0,0,0,0,0,0,0,0,0,0,0,0,0,0,0,0,0,0,0,0,0,0,0,0,0,0,0,0,0,0,0,0,0,0,0,0,0,0,0,0,0,0,0,0,0,0,0,0,0,0,0,0,0,0,0,0,0,0,0,0,0,0,0,0,0,0,0,0,0,0,0,0,0,0,0,0,0,0,0,0,0,0,0,0,0
0.291118827875226,0.0413306051869164,0.0606817187036886,0.109866093823281,0.028768444685613,0.0133716300337003,0.0282053406317813,0.0217767571274169,0.0240809149428124,0.0141039131135365,0.196195679645499,0.0588239232172274,0.0201147312465137,0.00737074846811648,0.00211239666863769,0.0250109445487837,0.00611967055751728,0.0593353264592918,0.0414875590489416,0.0113084600017198,0.00816669174060053,0.0112546562059259,0.00359369655215999,0.00438283980495575,0.00927390859986747,0.00699193277194741,0.00991736500385735,0.00489579577309195,0.00227102738801181,0.00446265943482807,0.00227134361430025,0.02245851515874,0.0149061059409972,0.00864380531165959,0.00367241348424197,0.00207745551665795,0.00100273544300172,0.000405682910584256,0.00124153120344884,0.000547210734109172,0.000642007188257534,0.000566974860636347,0.00362768154660086,0.00137333537154443,0.320810903604546,0.0805767869268102,0.0505682703249683,0.0233550900580399,0.164866921651494,0.0121075033453729,0.0752266459250884,0.0308972309324329,0.00809510010800494,0.0213962784597493,0.0600124111908278,0.0187660017779582,0.0143486814332432,0.111275568557709,0.0529945634665538,0.00785551671981459,0.0316997185015989,0.0129541653818398,0.0697592940992356,0.0141889719920222,0.0416515178234126,0.00340492064363242,0.0245504032740246,0.00925435969911951,0.00405681957392225,0.00124437133800956,0.00267246510218632,0.00357663995141244,0.00113499975683096,0.0101156675494064,0.0134521745574719,0.00260528968903226,0.000987681087316171,0.00574284185669077,0.0166272706080712,0.00810007274193934,0.00380454618585244,0.00480255915779895,0.00448821569956079,0.0274178082826103,0.00330882446897166,0.329313882007337,0.090375879973059,0.245835769131206,0.32231770325621,0.0946940594852576,0.0489092870394952,0.208095890612094,0.0154297906180109,0.023755630837612,0.104749420406367,0.176717312352365,0.103120113179214,0.0278187897611645,0.0408836520958758,0.0232052962542712,0.0763096986034788,0.0275683102441277,0.00493267192105714,0.00789142291741004,0.0423033377558696,0.35112685007575,0.132948962990731,0.35593925710829,0,0,0,0,0,0,0,0,0,0,0,0,0,0,0,0,0,0,0,0,0,0,0,0,0,0,0,0,0,0,0,0,0,0,0,0,0,0,0,0,0,0,0,0,0,0,0,0,0,0,0,0,0,0,0,0,0,0,0,0,0,0,0,0,0,0,0,0,0,0,0,0,0,0,0,0,0,0,0,0,0,0,0,0,0,0,0,0,0,0,0,0
0.291118827875226,0.0413306051869164,0.0606817187036886,0.109866093823281,0.028768444685613,0.0133716300337003,0.0282053406317813,0.0217767571274169,0.0240809149428124,0.0141039131135365,0.196195679645499,0.0588239232172274,0.0201147312465137,0.00737074846811648,0.00211239666863769,0.0250109445487837,0.00611967055751728,0.0593353264592918,0.0414875590489416,0.0113084600017198,0.00816669174060053,0.0112546562059259,0.00359369655215999,0.00438283980495575,0.00927390859986747,0.00699193277194741,0.00991736500385735,0.00489579577309195,0.00227102738801181,0.00446265943482807,0.00227134361430025,0.02245851515874,0.0149061059409972,0.00864380531165959,0.00367241348424197,0.00207745551665795,0.00100273544300172,0.000405682910584256,0.00124153120344884,0.000547210734109172,0.000642007188257534,0.000566974860636347,0.00362768154660086,0.00137333537154443,0.320810903604546,0.0805767869268102,0.0505682703249683,0.0233550900580399,0.164866921651494,0.0121075033453729,0.0752266459250884,0.0308972309324329,0.00809510010800494,0.0213962784597493,0.0600124111908278,0.0187660017779582,0.0143486814332432,0.111275568557709,0.0529945634665538,0.00785551671981459,0.0316997185015989,0.0129541653818398,0.0697592940992356,0.0141889719920222,0.0416515178234126,0.00340492064363242,0.0245504032740246,0.00925435969911951,0.00405681957392225,0.00124437133800956,0.00267246510218632,0.00357663995141244,0.00113499975683096,0.0101156675494064,0.0134521745574719,0.00260528968903226,0.000987681087316171,0.00574284185669077,0.0166272706080712,0.00810007274193934,0.00380454618585244,0.00480255915779895,0.00448821569956079,0.0274178082826103,0.00330882446897166,0.329313882007337,0.090375879973059,0.245835769131206,0.32231770325621,0.0946940594852576,0.0489092870394952,0.208095890612094,0.0154297906180109,0.023755630837612,0.104749420406367,0.176717312352365,0.103120113179214,0.0278187897611645,0.0408836520958758,0.0232052962542712,0.0763096986034788,0.0275683102441277,0.00493267192105714,0.00789142291741004,0.0423033377558696,0.35112685007575,0.132948962990731,0.313893297689302,0.167820595924746,0,0,0,0,0,0,0,0,0,0,0,0,0,0,0,0,0,0,0,0,0,0,0,0,0,0,0,0,0,0,0,0,0,0,0,0,0,0,0,0,0,0,0,0,0,0,0,0,0,0,0,0,0,0,0,0,0,0,0,0,0,0,0,0,0,0,0,0,0,0,0,0,0,0,0,0,0,0,0,0,0,0,0,0,0,0,0,0,0,0,0
0.291118827875226,0.0413306051869164,0.0606817187036886,0.109866093823281,0.028768444685613,0.0133716300337003,0.0282053406317813,0.0217767571274169,0.0240809149428124,0.0141039131135365,0.196195679645499,0.0588239232172274,0.0201147312465137,0.00737074846811648,0.00211239666863769,0.0250109445487837,0.00611967055751728,0.0593353264592918,0.0414875590489416,0.0113084600017198,0.00816669174060053,0.0112546562059259,0.00359369655215999,0.00438283980495575,0.00927390859986747,0.00699193277194741,0.00991736500385735,0.00489579577309195,0.00227102738801181,0.00446265943482807,0.00227134361430025,0.02245851515874,0.0149061059409972,0.00864380531165959,0.00367241348424197,0.00207745551665795,0.00100273544300172,0.000405682910584256,0.00124153120344884,0.000547210734109172,0.000642007188257534,0.000566974860636347,0.00362768154660086,0.00137333537154443,0.320810903604546,0.0805767869268102,0.0505682703249683,0.0233550900580399,0.164866921651494,0.0121075033453729,0.0752266459250884,0.0308972309324329,0.00809510010800494,0.0213962784597493,0.0600124111908278,0.0187660017779582,0.0143486814332432,0.111275568557709,0.0529945634665538,0.00785551671981459,0.0316997185015989,0.0129541653818398,0.0697592940992356,0.0141889719920222,0.0416515178234126,0.00340492064363242,0.0245504032740246,0.00925435969911951,0.00405681957392225,0.00124437133800956,0.00267246510218632,0.00357663995141244,0.00113499975683096,0.0101156675494064,0.0134521745574719,0.00260528968903226,0.000987681087316171,0.00574284185669077,0.0166272706080712,0.00810007274193934,0.00380454618585244,0.00480255915779895,0.00448821569956079,0.0274178082826103,0.00330882446897166,0.329313882007337,0.090375879973059,0.245835769131206,0.32231770325621,0.0946940594852576,0.0489092870394952,0.208095890612094,0.0154297906180109,0.023755630837612,0.104749420406367,0.176717312352365,0.103120113179214,0.0278187897611645,0.0408836520958758,0.0232052962542712,0.0763096986034788,0.0275683102441277,0.00493267192105714,0.00789142291741004,0.0423033377558696,0.35112685007575,0.132948962990731,0.26593636077069,0.0666279926571819,0.227005104271507,0,0,0,0,0,0,0,0,0,0,0,0,0,0,0,0,0,0,0,0,0,0,0,0,0,0,0,0,0,0,0,0,0,0,0,0,0,0,0,0,0,0,0,0,0,0,0,0,0,0,0,0,0,0,0,0,0,0,0,0,0,0,0,0,0,0,0,0,0,0,0,0,0,0,0,0,0,0,0,0,0,0,0,0,0,0,0,0,0,0
0.291118827875226,0.0413306051869164,0.0606817187036886,0.109866093823281,0.028768444685613,0.0133716300337003,0.0282053406317813,0.0217767571274169,0.0240809149428124,0.0141039131135365,0.196195679645499,0.0588239232172274,0.0201147312465137,0.00737074846811648,0.00211239666863769,0.0250109445487837,0.00611967055751728,0.0593353264592918,0.0414875590489416,0.0113084600017198,0.00816669174060053,0.0112546562059259,0.00359369655215999,0.00438283980495575,0.00927390859986747,0.00699193277194741,0.00991736500385735,0.00489579577309195,0.00227102738801181,0.00446265943482807,0.00227134361430025,0.02245851515874,0.0149061059409972,0.00864380531165959,0.00367241348424197,0.00207745551665795,0.00100273544300172,0.000405682910584256,0.00124153120344884,0.000547210734109172,0.000642007188257534,0.000566974860636347,0.00362768154660086,0.00137333537154443,0.320810903604546,0.0805767869268102,0.0505682703249683,0.0233550900580399,0.164866921651494,0.0121075033453729,0.0752266459250884,0.0308972309324329,0.00809510010800494,0.0213962784597493,0.0600124111908278,0.0187660017779582,0.0143486814332432,0.111275568557709,0.0529945634665538,0.00785551671981459,0.0316997185015989,0.0129541653818398,0.0697592940992356,0.0141889719920222,0.0416515178234126,0.00340492064363242,0.0245504032740246,0.00925435969911951,0.00405681957392225,0.00124437133800956,0.00267246510218632,0.00357663995141244,0.00113499975683096,0.0101156675494064,0.0134521745574719,0.00260528968903226,0.000987681087316171,0.00574284185669077,0.0166272706080712,0.00810007274193934,0.00380454618585244,0.00480255915779895,0.00448821569956079,0.0274178082826103,0.00330882446897166,0.329313882007337,0.090375879973059,0.245835769131206,0.32231770325621,0.0946940594852576,0.0489092870394952,0.208095890612094,0.0154297906180109,0.023755630837612,0.104749420406367,0.176717312352365,0.103120113179214,0.0278187897611645,0.0408836520958758,0.0232052962542712,0.0763096986034788,0.0275683102441277,0.00493267192105714,0.00789142291741004,0.0423033377558696,0.35112685007575,0.132948962990731,0.203301314664446,0.0509353382944807,0.0656548576341286,0.280100626897511,0,0,0,0,0,0,0,0,0,0,0,0,0,0,0,0,0,0,0,0,0,0,0,0,0,0,0,0,0,0,0,0,0,0,0,0,0,0,0,0,0,0,0,0,0,0,0,0,0,0,0,0,0,0,0,0,0,0,0,0,0,0,0,0,0,0,0,0,0,0,0,0,0,0,0,0,0,0,0,0,0,0,0,0,0,0,0,0,0
0.291118827875226,0.0413306051869164,0.0606817187036886,0.109866093823281,0.028768444685613,0.0133716300337003,0.0282053406317813,0.0217767571274169,0.0240809149428124,0.0141039131135365,0.196195679645499,0.0588239232172274,0.0201147312465137,0.00737074846811648,0.00211239666863769,0.0250109445487837,0.00611967055751728,0.0593353264592918,0.0414875590489416,0.0113084600017198,0.00816669174060053,0.0112546562059259,0.00359369655215999,0.00438283980495575,0.00927390859986747,0.00699193277194741,0.00991736500385735,0.00489579577309195,0.00227102738801181,0.00446265943482807,0.00227134361430025,0.02245851515874,0.0149061059409972,0.00864380531165959,0.00367241348424197,0.00207745551665795,0.00100273544300172,0.000405682910584256,0.00124153120344884,0.000547210734109172,0.000642007188257534,0.000566974860636347,0.00362768154660086,0.00137333537154443,0.320810903604546,0.0805767869268102,0.0505682703249683,0.0233550900580399,0.164866921651494,0.0121075033453729,0.0752266459250884,0.0308972309324329,0.00809510010800494,0.0213962784597493,0.0600124111908278,0.0187660017779582,0.0143486814332432,0.111275568557709,0.0529945634665538,0.00785551671981459,0.0316997185015989,0.0129541653818398,0.0697592940992356,0.0141889719920222,0.0416515178234126,0.00340492064363242,0.0245504032740246,0.00925435969911951,0.00405681957392225,0.00124437133800956,0.00267246510218632,0.00357663995141244,0.00113499975683096,0.0101156675494064,0.0134521745574719,0.00260528968903226,0.000987681087316171,0.00574284185669077,0.0166272706080712,0.00810007274193934,0.00380454618585244,0.00480255915779895,0.00448821569956079,0.0274178082826103,0.00330882446897166,0.329313882007337,0.090375879973059,0.245835769131206,0.32231770325621,0.0946940594852576,0.0489092870394952,0.208095890612094,0.0154297906180109,0.023755630837612,0.104749420406367,0.176717312352365,0.103120113179214,0.0278187897611645,0.0408836520958758,0.0232052962542712,0.0763096986034788,0.0275683102441277,0.00493267192105714,0.00789142291741004,0.0423033377558696,0.135698756176692,0.0513803171387527,0.0441824324907069,0.0110695159512452,0.0142684336296334,0.018719322863621,0.493938796013377,0,0,0,0,0,0,0,0,0,0,0,0,0,0,0,0,0,0,0,0,0,0,0,0,0,0,0,0,0,0,0,0,0,0,0,0,0,0,0,0,0,0,0,0,0,0,0,0,0,0,0,0,0,0,0,0,0,0,0,0,0,0,0,0,0,0,0,0,0,0,0,0,0,0,0,0,0,0,0,0,0,0,0,0,0,0,0,0
0.291118827875226,0.0413306051869164,0.0606817187036886,0.109866093823281,0.028768444685613,0.0133716300337003,0.0282053406317813,0.0217767571274169,0.0240809149428124,0.0141039131135365,0.196195679645499,0.0588239232172274,0.0201147312465137,0.00737074846811648,0.00211239666863769,0.0250109445487837,0.00611967055751728,0.0593353264592918,0.0414875590489416,0.0113084600017198,0.00816669174060053,0.0112546562059259,0.00359369655215999,0.00438283980495575,0.00927390859986747,0.00699193277194741,0.00991736500385735,0.00489579577309195,0.00227102738801181,0.00446265943482807,0.00227134361430025,0.02245851515874,0.0149061059409972,0.00864380531165959,0.00367241348424197,0.00207745551665795,0.00100273544300172,0.000405682910584256,0.00124153120344884,0.000547210734109172,0.000642007188257534,0.000566974860636347,0.00362768154660086,0.00137333537154443,0.320810903604546,0.0805767869268102,0.0505682703249683,0.0233550900580399,0.164866921651494,0.0121075033453729,0.0752266459250884,0.0308972309324329,0.00809510010800494,0.0213962784597493,0.0600124111908278,0.0187660017779582,0.0143486814332432,0.111275568557709,0.0529945634665538,0.00785551671981459,0.0316997185015989,0.0129541653818398,0.0697592940992356,0.0141889719920222,0.0416515178234126,0.00340492064363242,0.0245504032740246,0.00925435969911951,0.00405681957392225,0.00124437133800956,0.00267246510218632,0.00357663995141244,0.00113499975683096,0.0101156675494064,0.0134521745574719,0.00260528968903226,0.000987681087316171,0.00574284185669077,0.0166272706080712,0.00810007274193934,0.00380454618585244,0.00480255915779895,0.00448821569956079,0.0274178082826103,0.00330882446897166,0.329313882007337,0.090375879973059,0.245835769131206,0.289875502766615,0.0851628310359399,0.0439864271409896,0.16230979168661,0.0120348657227728,0.0185288209262347,0.081702029556861,0.0998558997180107,0.0582690600228319,0.0157192877352522,0.0231017199698667,0.0131123866974215,0.043119564856593,0.0155777517578106,0.00278725601999196,0.00445912811248549,0.0239039276710159,0.0511271532884096,0.0193585366909303,0.016646593250021,0.0041706560532573,0.00537591068570946,0.00705287002231169,0.035486311415848,0.585599012186027,0,0,0,0,0,0,0,0,0,0,0,0,0,0,0,0,0,0,0,0,0,0,0,0,0,0,0,0,0,0,0,0,0,0,0,0,0,0,0,0,0,0,0,0,0,0,0,0,0,0,0,0,0,0,0,0,0,0,0,0,0,0,0,0,0,0,0,0,0,0,0,0,0,0,0,0,0,0,0,0,0,0,0,0,0,0,0
0.291118827875226,0.0413306051869164,0.0606817187036886,0.109866093823281,0.028768444685613,0.0133716300337003,0.0282053406317813,0.0217767571274169,0.0240809149428124,0.0141039131135365,0.196195679645499,0.0588239232172274,0.0201147312465137,0.00737074846811648,0.00211239666863769,0.0250109445487837,0.00611967055751728,0.0593353264592918,0.0414875590489416,0.0113084600017198,0.00816669174060053,0.0112546562059259,0.00359369655215999,0.00438283980495575,0.00927390859986747,0.00699193277194741,0.00991736500385735,0.00489579577309195,0.00227102738801181,0.00446265943482807,0.00227134361430025,0.02245851515874,0.0149061059409972,0.00864380531165959,0.00367241348424197,0.00207745551665795,0.00100273544300172,0.000405682910584256,0.00124153120344884,0.000547210734109172,0.000642007188257534,0.000566974860636347,0.00362768154660086,0.00137333537154443,0.320810903604546,0.0805767869268102,0.0505682703249683,0.0233550900580399,0.164866921651494,0.0121075033453729,0.0752266459250884,0.0308972309324329,0.00809510010800494,0.0213962784597493,0.0600124111908278,0.0187660017779582,0.0143486814332432,0.111275568557709,0.0529945634665538,0.00785551671981459,0.0316997185015989,0.0129541653818398,0.0697592940992356,0.0141889719920222,0.0416515178234126,0.00340492064363242,0.0245504032740246,0.00925435969911951,0.00405681957392225,0.00124437133800956,0.00267246510218632,0.00357663995141244,0.00113499975683096,0.0101156675494064,0.0134521745574719,0.00260528968903226,0.000987681087316171,0.00574284185669077,0.0166272706080712,0.00810007274193934,0.00380454618585244,0.00480255915779895,0.00448821569956079,0.0274178082826103,0.00330882446897166,0.329313882007337,0.090375879973059,0.245835769131206,0.289875502766615,0.0851628310359399,0.0439864271409896,0.16230979168661,0.0120348657227728,0.0185288209262347,0.081702029556861,0.0998558997180107,0.0582690600228319,0.0157192877352522,0.0231017199698667,0.0131123866974215,0.043119564856593,0.0155777517578106,0.00278725601999196,0.00445912811248549,0.0239039276710159,0.0511271532884096,0.0193585366909303,0.016646593250021,0.0041706560532573,0.00537591068570946,0.00705287002231169,0.035486311415848,0.469652932023531,0.349788974261557,0,0,0,0,0,0,0,0,0,0,0,0,0,0,0,0,0,0,0,0,0,0,0,0,0,0,0,0,0,0,0,0,0,0,0,0,0,0,0,0,0,0,0,0,0,0,0,0,0,0,0,0,0,0,0,0,0,0,0,0,0,0,0,0,0,0,0,0,0,0,0,0,0,0,0,0,0,0,0,0,0,0,0,0,0,0
0.291118827875226,0.0413306051869164,0.0606817187036886,0.109866093823281,0.028768444685613,0.0133716300337003,0.0282053406317813,0.0217767571274169,0.0240809149428124,0.0141039131135365,0.196195679645499,0.0588239232172274,0.0201147312465137,0.00737074846811648,0.00211239666863769,0.0250109445487837,0.00611967055751728,0.0593353264592918,0.0414875590489416,0.0113084600017198,0.00816669174060053,0.0112546562059259,0.00359369655215999,0.00438283980495575,0.00927390859986747,0.00699193277194741,0.00991736500385735,0.00489579577309195,0.00227102738801181,0.00446265943482807,0.00227134361430025,0.02245851515874,0.0149061059409972,0.00864380531165959,0.00367241348424197,0.00207745551665795,0.00100273544300172,0.000405682910584256,0.00124153120344884,0.000547210734109172,0.000642007188257534,0.000566974860636347,0.00362768154660086,0.00137333537154443,0.320810903604546,0.0805767869268102,0.0505682703249683,0.0233550900580399,0.164866921651494,0.0121075033453729,0.0752266459250884,0.0308972309324329,0.00809510010800494,0.0213962784597493,0.0600124111908278,0.0187660017779582,0.0143486814332432,0.111275568557709,0.0529945634665538,0.00785551671981459,0.0316997185015989,0.0129541653818398,0.0697592940992356,0.0141889719920222,0.0416515178234126,0.00340492064363242,0.0245504032740246,0.00925435969911951,0.00405681957392225,0.00124437133800956,0.00267246510218632,0.00357663995141244,0.00113499975683096,0.0101156675494064,0.0134521745574719,0.00260528968903226,0.000987681087316171,0.00574284185669077,0.0166272706080712,0.00810007274193934,0.00380454618585244,0.00480255915779895,0.00448821569956079,0.0274178082826103,0.00330882446897166,0.329313882007337,0.090375879973059,0.245835769131206,0.289875502766615,0.0851628310359399,0.0439864271409896,0.16230979168661,0.0120348657227728,0.0185288209262347,0.081702029556861,0.0998558997180107,0.0582690600228319,0.0157192877352522,0.0231017199698667,0.0131123866974215,0.043119564856593,0.0155777517578106,0.00278725601999196,0.00445912811248549,0.0239039276710159,0.0511271532884096,0.0193585366909303,0.016646593250021,0.0041706560532573,0.00537591068570946,0.00705287002231169,0.035486311415848,0.378379754221412,0.125423190960892,0.428980171881851,0,0,0,0,0,0,0,0,0,0,0,0,0,0,0,0,0,0,0,0,0,0,0,0,0,0,0,0,0,0,0,0,0,0,0,0,0,0,0,0,0,0,0,0,0,0,0,0,0,0,0,0,0,0,0,0,0,0,0,0,0,0,0,0,0,0,0,0,0,0,0,0,0,0,0,0,0,0,0,0,0,0,0,0,0
0.291118827875226,0.0413306051869164,0.0606817187036886,0.109866093823281,0.028768444685613,0.0133716300337003,0.0282053406317813,0.0217767571274169,0.0240809149428124,0.0141039131135365,0.196195679645499,0.0588239232172274,0.0201147312465137,0.00737074846811648,0.00211239666863769,0.0250109445487837,0.00611967055751728,0.0593353264592918,0.0414875590489416,0.0113084600017198,0.00816669174060053,0.0112546562059259,0.00359369655215999,0.00438283980495575,0.00927390859986747,0.00699193277194741,0.00991736500385735,0.00489579577309195,0.00227102738801181,0.00446265943482807,0.00227134361430025,0.02245851515874,0.0149061059409972,0.00864380531165959,0.00367241348424197,0.00207745551665795,0.00100273544300172,0.000405682910584256,0.00124153120344884,0.000547210734109172,0.000642007188257534,0.000566974860636347,0.00362768154660086,0.00137333537154443,0.320810903604546,0.0805767869268102,0.0505682703249683,0.0233550900580399,0.164866921651494,0.0121075033453729,0.0752266459250884,0.0308972309324329,0.00809510010800494,0.0213962784597493,0.0600124111908278,0.0187660017779582,0.0143486814332432,0.111275568557709,0.0529945634665538,0.00785551671981459,0.0316997185015989,0.0129541653818398,0.0697592940992356,0.0141889719920222,0.0416515178234126,0.00340492064363242,0.0245504032740246,0.00925435969911951,0.00405681957392225,0.00124437133800956,0.00267246510218632,0.00357663995141244,0.00113499975683096,0.0101156675494064,0.0134521745574719,0.00260528968903226,0.000987681087316171,0.00574284185669077,0.0166272706080712,0.00810007274193934,0.00380454618585244,0.00480255915779895,0.00448821569956079,0.0274178082826103,0.00330882446897166,0.329313882007337,0.090375879973059,0.245835769131206,0.289875502766615,0.0851628310359399,0.0439864271409896,0.16230979168661,0.0120348657227728,0.0185288209262347,0.081702029556861,0.0998558997180107,0.0582690600228319,0.0157192877352522,0.0231017199698667,0.0131123866974215,0.043119564856593,0.0155777517578106,0.00278725601999196,0.00445912811248549,0.0239039276710159,0.0511271532884096,0.0193585366909303,0.016646593250021,0.0041706560532573,0.00537591068570946,0.00705287002231169,0.035486311415848,0.347800996560681,0.115287116504898,0.134298483179779,0.436615927364365,0,0,0,0,0,0,0,0,0,0,0,0,0,0,0,0,0,0,0,0,0,0,0,0,0,0,0,0,0,0,0,0,0,0,0,0,0,0,0,0,0,0,0,0,0,0,0,0,0,0,0,0,0,0,0,0,0,0,0,0,0,0,0,0,0,0,0,0,0,0,0,0,0,0,0,0,0,0,0,0,0,0,0,0
0.291118827875226,0.0413306051869164,0.0606817187036886,0.109866093823281,0.028768444685613,0.0133716300337003,0.0282053406317813,0.0217767571274169,0.0240809149428124,0.0141039131135365,0.196195679645499,0.0588239232172274,0.0201147312465137,0.00737074846811648,0.00211239666863769,0.0250109445487837,0.00611967055751728,0.0593353264592918,0.0414875590489416,0.0113084600017198,0.00816669174060053,0.0112546562059259,0.00359369655215999,0.00438283980495575,0.00927390859986747,0.00699193277194741,0.00991736500385735,0.00489579577309195,0.00227102738801181,0.00446265943482807,0.00227134361430025,0.02245851515874,0.0149061059409972,0.00864380531165959,0.00367241348424197,0.00207745551665795,0.00100273544300172,0.000405682910584256,0.00124153120344884,0.000547210734109172,0.000642007188257534,0.000566974860636347,0.00362768154660086,0.00137333537154443,0.320810903604546,0.0805767869268102,0.0505682703249683,0.0233550900580399,0.164866921651494,0.0121075033453729,0.0752266459250884,0.0308972309324329,0.00809510010800494,0.0213962784597493,0.0600124111908278,0.0187660017779582,0.0143486814332432,0.111275568557709,0.0529945634665538,0.00785551671981459,0.0316997185015989,0.0129541653818398,0.0697592940992356,0.0141889719920222,0.0416515178234126,0.00340492064363242,0.0245504032740246,0.00925435969911951,0.00405681957392225,0.00124437133800956,0.00267246510218632,0.00357663995141244,0.00113499975683096,0.0101156675494064,0.0134521745574719,0.00260528968903226,0.000987681087316171,0.00574284185669077,0.0166272706080712,0.00810007274193934,0.00380454618585244,0.00480255915779895,0.00448821569956079,0.0274178082826103,0.00330882446897166,0.329313882007337,0.090375879973059,0.245835769131206,0.289875502766615,0.0851628310359399,0.0439864271409896,0.16230979168661,0.0120348657227728,0.0185288209262347,0.081702029556861,0.0998558997180107,0.0582690600228319,0.0157192877352522,0.0231017199698667,0.0131123866974215,0.043119564856593,0.0155777517578106,0.00278725601999196,0.00445912811248549,0.0239039276710159,0.0511271532884096,0.0193585366909303,0.016646593250021,0.0041706560532573,0.00537591068570946,0.00705287002231169,0.035486311415848,0.347800996560681,0.115287116504898,0.134298483179779,0.184780916067949,0.395587513813738,0,0,0,0,0,0,0,0,0,0,0,0,0,0,0,0,0,0,0,0,0,0,0,0,0,0,0,0,0,0,0,0,0,0,0,0,0,0,0,0,0,0,0,0,0,0,0,0,0,0,0,0,0,0,0,0,0,0,0,0,0,0,0,0,0,0,0,0,0,0,0,0,0,0,0,0,0,0,0,0,0,0,0
0.247085805804435,0.0350791666809376,0.0515033379082072,0.0932483567656643,0.0244170890243198,0.0113491113093231,0.0239391569719402,0.0184829254153959,0.0204385690770336,0.011970633304925,0.166520207416246,0.0499265422809974,0.0170722883671223,0.006255889864351,0.00179288724421718,0.0212279275540879,0.00519404307168313,0.0503605935001465,0.0352123805707972,0.00959800495325483,0.00693144316432731,0.00955233922171797,0.00305013390885061,0.00371991572246711,0.0078711885317739,0.0059343717330008,0.00841731928271251,0.00415528481093928,0.00192752435926729,0.00378766227706118,0.00192779275491819,0.0190615645015814,0.012651490886794,0.00733639117825613,0.00311694455361684,0.0017632310974277,0.000851067231724834,0.000344321559668281,0.00105374406758393,0.000464442668201976,0.000544900735554083,0.000481217382378419,0.00307897852119661,0.00116561226697171,0.125624129056084,0.0315525082411033,0.0198016801987423,0.00914545863186834,0.0645591007347953,0.00474109372754045,0.0294574834270557,0.0120988335574657,0.00316990441803526,0.00837842110834471,0.0234998461825863,0.00734844920398,0.00561870119718973,0.0435736324053191,0.0207517755955065,0.00307608761150048,0.0124130741297846,0.00507263227483096,0.0273165608348093,0.00555616167864473,0.0163100305869904,0.00133330939053327,0.00961352308984076,0.00362385088571266,0.00158858199638959,0.00048727478961407,0.00104649217692667,0.00140055176989008,0.00044444672649442,0.0039611244862223,0.00526764425306419,0.00102018742020973,0.000386759224780607,0.00224879983332144,0.00651095821635026,0.00317185161746054,0.00148979600032705,0.00188060101654932,0.0017575094298172,0.0107363504401812,0.00129567975228923,0.0566632913186947,0.0155504978529351,0.0353509372806954,0.02506349062728,0.00736342946226961,0.00380319617854474,0.0140337831373367,0.00104056997353839,0.0016020564869641,0.00706419836269095,0.008633835501015,0.00503811472788885,0.00135913596374929,0.00199744282084084,0.00113373561392903,0.00372824470961152,0.00134689834584031,0.000240994373329791,0.000385549363731858,0.00206680406388134,0.00442060441470029,0.00167379615828257,0.00143931353258906,0.000360607218970771,0.000464817088020215,0.000609811936546961,0.00306825111152608,0.00809342156734886,0.0026827618218035,0.00312516137382552,0.00273835012994206,0.00174326138168306,0.924831075038313,0,0,0,0,0,0,0,0,0,0,0,0,0,0,0,0,0,0,0,0,0,0,0,0,0,0,0,0,0,0,0,0,0,0,0,0,0,0,0,0,0,0,0,0,0,0,0,0,0,0,0,0,0,0,0,0,0,0,0,0,0,0,0,0,0,0,0,0,0,0,0,0,0,0,0,0,0,0,0,0,0,0
0.247085805804435,0.0350791666809376,0.0515033379082072,0.0932483567656643,0.0244170890243198,0.0113491113093231,0.0239391569719402,0.0184829254153959,0.0204385690770336,0.011970633304925,0.166520207416246,0.0499265422809974,0.0170722883671223,0.006255889864351,0.00179288724421718,0.0212279275540879,0.00519404307168313,0.0503605935001465,0.0352123805707972,0.00959800495325483,0.00693144316432731,0.00955233922171797,0.00305013390885061,0.00371991572246711,0.0078711885317739,0.0059343717330008,0.00841731928271251,0.00415528481093928,0.00192752435926729,0.00378766227706118,0.00192779275491819,0.0190615645015814,0.012651490886794,0.00733639117825613,0.00311694455361684,0.0017632310974277,0.000851067231724834,0.000344321559668281,0.00105374406758393,0.000464442668201976,0.000544900735554083,0.000481217382378419,0.00307897852119661,0.00116561226697171,0.125624129056084,0.0315525082411033,0.0198016801987423,0.00914545863186834,0.0645591007347953,0.00474109372754045,0.0294574834270557,0.0120988335574657,0.00316990441803526,0.00837842110834471,0.0234998461825863,0.00734844920398,0.00561870119718973,0.0435736324053191,0.0207517755955065,0.00307608761150048,0.0124130741297846,0.00507263227483096,0.0273165608348093,0.00555616167864473,0.0163100305869904,0.00133330939053327,0.00961352308984076,0.00362385088571266,0.00158858199638959,0.00048727478961407,0.00104649217692667,0.00140055176989008,0.00044444672649442,0.0039611244862223,0.00526764425306419,0.00102018742020973,0.000386759224780607,0.00224879983332144,0.00651095821635026,0.00317185161746054,0.00148979600032705,0.00188060101654932,0.0017575094298172,0.0107363504401812,0.00129567975228923,0.0566632913186947,0.0155504978529351,0.0353509372806954,0.02506349062728,0.00736342946226961,0.00380319617854474,0.0140337831373367,0.00104056997353839,0.0016020564869641,0.00706419836269095,0.008633835501015,0.00503811472788885,0.00135913596374929,0.00199744282084084,0.00113373561392903,0.00372824470961152,0.00134689834584031,0.000240994373329791,0.000385549363731858,0.00206680406388134,0.00442060441470029,0.00167379615828257,0.00143931353258906,0.000360607218970771,0.000464817088020215,0.000609811936546961,0.00306825111152608,0.00809342156734886,0.0026827618218035,0.00312516137382552,0.00273835012994206,0.00174326138168306,0.843288680458983,0.379706095245084,0,0,0,0,0,0,0,0,0,0,0,0,0,0,0,0,0,0,0,0,0,0,0,0,0,0,0,0,0,0,0,0,0,0,0,0,0,0,0,0,0,0,0,0,0,0,0,0,0,0,0,0,0,0,0,0,0,0,0,0,0,0,0,0,0,0,0,0,0,0,0,0,0,0,0,0,0,0,0,0,0
0.247085805804435,0.0350791666809376,0.0515033379082072,0.0932483567656643,0.0244170890243198,0.0113491113093231,0.0239391569719402,0.0184829254153959,0.0204385690770336,0.011970633304925,0.166520207416246,0.0499265422809974,0.0170722883671223,0.006255889864351,0.00179288724421718,0.0212279275540879,0.00519404307168313,0.0503605935001465,0.0352123805707972,0.00959800495325483,0.00693144316432731,0.00955233922171797,0.00305013390885061,0.00371991572246711,0.0078711885317739,0.0059343717330008,0.00841731928271251,0.00415528481093928,0.00192752435926729,0.00378766227706118,0.00192779275491819,0.0190615645015814,0.012651490886794,0.00733639117825613,0.00311694455361684,0.0017632310974277,0.000851067231724834,0.000344321559668281,0.00105374406758393,0.000464442668201976,0.000544900735554083,0.000481217382378419,0.00307897852119661,0.00116561226697171,0.125624129056084,0.0315525082411033,0.0198016801987423,0.00914545863186834,0.0645591007347953,0.00474109372754045,0.0294574834270557,0.0120988335574657,0.00316990441803526,0.00837842110834471,0.0234998461825863,0.00734844920398,0.00561870119718973,0.0435736324053191,0.0207517755955065,0.00307608761150048,0.0124130741297846,0.00507263227483096,0.0273165608348093,0.00555616167864473,0.0163100305869904,0.00133330939053327,0.00961352308984076,0.00362385088571266,0.00158858199638959,0.00048727478961407,0.00104649217692667,0.00140055176989008,0.00044444672649442,0.0039611244862223,0.00526764425306419,0.00102018742020973,0.000386759224780607,0.00224879983332144,0.00651095821635026,0.00317185161746054,0.00148979600032705,0.00188060101654932,0.0017575094298172,0.0107363504401812,0.00129567975228923,0.0566632913186947,0.0155504978529351,0.0353509372806954,0.02506349062728,0.00736342946226961,0.00380319617854474,0.0140337831373367,0.00104056997353839,0.0016020564869641,0.00706419836269095,0.008633835501015,0.00503811472788885,0.00135913596374929,0.00199744282084084,0.00113373561392903,0.00372824470961152,0.00134689834584031,0.000240994373329791,0.000385549363731858,0.00206680406388134,0.00442060441470029,0.00167379615828257,0.00143931353258906,0.000360607218970771,0.000464817088020215,0.000609811936546961,0.00306825111152608,0.00809342156734886,0.0026827618218035,0.00312516137382552,0.00273835012994206,0.00174326138168306,0.833861662457195,0.17907291338258,0.357659246966049,0,0,0,0,0,0,0,0,0,0,0,0,0,0,0,0,0,0,0,0,0,0,0,0,0,0,0,0,0,0,0,0,0,0,0,0,0,0,0,0,0,0,0,0,0,0,0,0,0,0,0,0,0,0,0,0,0,0,0,0,0,0,0,0,0,0,0,0,0,0,0,0,0,0,0,0,0,0,0,0
0.247085805804435,0.0350791666809376,0.0515033379082072,0.0932483567656643,0.0244170890243198,0.0113491113093231,0.0239391569719402,0.0184829254153959,0.0204385690770336,0.011970633304925,0.166520207416246,0.0499265422809974,0.0170722883671223,0.006255889864351,0.00179288724421718,0.0212279275540879,0.00519404307168313,0.0503605935001465,0.0352123805707972,0.00959800495325483,0.00693144316432731,0.00955233922171797,0.00305013390885061,0.00371991572246711,0.0078711885317739,0.0059343717330008,0.00841731928271251,0.00415528481093928,0.00192752435926729,0.00378766227706118,0.00192779275491819,0.0190615645015814,0.012651490886794,0.00733639117825613,0.00311694455361684,0.0017632310974277,0.000851067231724834,0.000344321559668281,0.00105374406758393,0.000464442668201976,0.000544900735554083,0.000481217382378419,0.00307897852119661,0.00116561226697171,0.125624129056084,0.0315525082411033,0.0198016801987423,0.00914545863186834,0.0645591007347953,0.00474109372754045,0.0294574834270557,0.0120988335574657,0.00316990441803526,0.00837842110834471,0.0234998461825863,0.00734844920398,0.00561870119718973,0.0435736324053191,0.0207517755955065,0.00307608761150048,0.0124130741297846,0.00507263227483096,0.0273165608348093,0.00555616167864473,0.0163100305869904,0.00133330939053327,0.00961352308984076,0.00362385088571266,0.00158858199638959,0.00048727478961407,0.00104649217692667,0.00140055176989008,0.00044444672649442,0.0039611244862223,0.00526764425306419,0.00102018742020973,0.000386759224780607,0.00224879983332144,0.00651095821635026,0.00317185161746054,0.00148979600032705,0.00188060101654932,0.0017575094298172,0.0107363504401812,0.00129567975228923,0.0566632913186947,0.0155504978529351,0.0353509372806954,0.02506349062728,0.00736342946226961,0.00380319617854474,0.0140337831373367,0.00104056997353839,0.0016020564869641,0.00706419836269095,0.008633835501015,0.00503811472788885,0.00135913596374929,0.00199744282084084,0.00113373561392903,0.00372824470961152,0.00134689834584031,0.000240994373329791,0.000385549363731858,0.00206680406388134,0.00442060441470029,0.00167379615828257,0.00143931353258906,0.000360607218970771,0.000464817088020215,0.000609811936546961,0.00306825111152608,0.00809342156734886,0.0026827618218035,0.00312516137382552,0.00273835012994206,0.00174326138168306,0.599268755973152,0.128693771236635,0.0879875424066616,0.686939284845496,0,0,0,0,0,0,0,0,0,0,0,0,0,0,0,0,0,0,0,0,0,0,0,0,0,0,0,0,0,0,0,0,0,0,0,0,0,0,0,0,0,0,0,0,0,0,0,0,0,0,0,0,0,0,0,0,0,0,0,0,0,0,0,0,0,0,0,0,0,0,0,0,0,0,0,0,0,0,0
0.247085805804435,0.0350791666809376,0.0515033379082072,0.0932483567656643,0.0244170890243198,0.0113491113093231,0.0239391569719402,0.0184829254153959,0.0204385690770336,0.011970633304925,0.166520207416246,0.0499265422809974,0.0170722883671223,0.006255889864351,0.00179288724421718,0.0212279275540879,0.00519404307168313,0.0503605935001465,0.0352123805707972,0.00959800495325483,0.00693144316432731,0.00955233922171797,0.00305013390885061,0.00371991572246711,0.0078711885317739,0.0059343717330008,0.00841731928271251,0.00415528481093928,0.00192752435926729,0.00378766227706118,0.00192779275491819,0.0190615645015814,0.012651490886794,0.00733639117825613,0.00311694455361684,0.0017632310974277,0.000851067231724834,0.000344321559668281,0.00105374406758393,0.000464442668201976,0.000544900735554083,0.000481217382378419,0.00307897852119661,0.00116561226697171,0.125624129056084,0.0315525082411033,0.0198016801987423,0.00914545863186834,0.0645591007347953,0.00474109372754045,0.0294574834270557,0.0120988335574657,0.00316990441803526,0.00837842110834471,0.0234998461825863,0.00734844920398,0.00561870119718973,0.0435736324053191,0.0207517755955065,0.00307608761150048,0.0124130741297846,0.00507263227483096,0.0273165608348093,0.00555616167864473,0.0163100305869904,0.00133330939053327,0.00961352308984076,0.00362385088571266,0.00158858199638959,0.00048727478961407,0.00104649217692667,0.00140055176989008,0.00044444672649442,0.0039611244862223,0.00526764425306419,0.00102018742020973,0.000386759224780607,0.00224879983332144,0.00651095821635026,0.00317185161746054,0.00148979600032705,0.00188060101654932,0.0017575094298172,0.0107363504401812,0.00129567975228923,0.0566632913186947,0.0155504978529351,0.0353509372806954,0.02506349062728,0.00736342946226961,0.00380319617854474,0.0140337831373367,0.00104056997353839,0.0016020564869641,0.00706419836269095,0.008633835501015,0.00503811472788885,0.00135913596374929,0.00199744282084084,0.00113373561392903,0.00372824470961152,0.00134689834584031,0.000240994373329791,0.000385549363731858,0.00206680406388134,0.00442060441470029,0.00167379615828257,0.00143931353258906,0.000360607218970771,0.000464817088020215,0.000609811936546961,0.00306825111152608,0.00809342156734886,0.0026827618218035,0.00312516137382552,0.00273835012994206,0.00174326138168306,0.599268755973152,0.128693771236635,0.0879875424066616,0.493362629624929,0.477994661825441,0,0,0,0,0,0,0,0,0,0,0,0,0,0,0,0,0,0,0,0,0,0,0,0,0,0,0,0,0,0,0,0,0,0,0,0,0,0,0,0,0,0,0,0,0,0,0,0,0,0,0,0,0,0,0,0,0,0,0,0,0,0,0,0,0,0,0,0,0,0,0,0,0,0,0,0,0,0
0.247085805804435,0.0350791666809376,0.0515033379082072,0.0932483567656643,0.0244170890243198,0.0113491113093231,0.0239391569719402,0.0184829254153959,0.0204385690770336,0.011970633304925,0.166520207416246,0.0499265422809974,0.0170722883671223,0.006255889864351,0.00179288724421718,0.0212279275540879,0.00519404307168313,0.0503605935001465,0.0352123805707972,0.00959800495325483,0.00693144316432731,0.00955233922171797,0.00305013390885061,0.00371991572246711,0.0078711885317739,0.0059343717330008,0.00841731928271251,0.00415528481093928,0.00192752435926729,0.00378766227706118,0.00192779275491819,0.0190615645015814,0.012651490886794,0.00733639117825613,0.00311694455361684,0.0017632310974277,0.000851067231724834,0.000344321559668281,0.00105374406758393,0.000464442668201976,0.000544900735554083,0.000481217382378419,0.00307897852119661,0.00116561226697171,0.125624129056084,0.0315525082411033,0.0198016801987423,0.00914545863186834,0.0645591007347953,0.00474109372754045,0.0294574834270557,0.0120988335574657,0.00316990441803526,0.00837842110834471,0.0234998461825863,0.00734844920398,0.00561870119718973,0.0435736324053191,0.0207517755955065,0.00307608761150048,0.0124130741297846,0.00507263227483096,0.0273165608348093,0.00555616167864473,0.0163100305869904,0.00133330939053327,0.00961352308984076,0.00362385088571266,0.00158858199638959,0.00048727478961407,0.00104649217692667,0.00140055176989008,0.00044444672649442,0.0039611244862223,0.00526764425306419,0.00102018742020973,0.000386759224780607,0.00224879983332144,0.00651095821635026,0.00317185161746054,0.00148979600032705,0.00188060101654932,0.0017575094298172,0.0107363504401812,0.00129567975228923,0.0566632913186947,0.0155504978529351,0.0353509372806954,0.02506349062728,0.00736342946226961,0.00380319617854474,0.0140337831373367,0.00104056997353839,0.0016020564869641,0.00706419836269095,0.008633835501015,0.00503811472788885,0.00135913596374929,0.00199744282084084,0.00113373561392903,0.00372824470961152,0.00134689834584031,0.000240994373329791,0.000385549363731858,0.00206680406388134,0.00442060441470029,0.00167379615828257,0.00143931353258906,0.000360607218970771,0.000464817088020215,0.000609811936546961,0.00306825111152608,0.00809342156734886,0.0026827618218035,0.00312516137382552,0.00273835012994206,0.00174326138168306,0.599268755973152,0.128693771236635,0.0879875424066616,0.493362629624929,0.347674076775166,0.328026878581853,0,0,0,0,0,0,0,0,0,0,0,0,0,0,0,0,0,0,0,0,0,0,0,0,0,0,0,0,0,0,0,0,0,0,0,0,0,0,0,0,0,0,0,0,0,0,0,0,0,0,0,0,0,0,0,0,0,0,0,0,0,0,0,0,0,0,0,0,0,0,0,0,0,0,0,0,0
0.247085805804435,0.0350791666809376,0.0515033379082072,0.0932483567656643,0.0244170890243198,0.0113491113093231,0.0239391569719402,0.0184829254153959,0.0204385690770336,0.011970633304925,0.166520207416246,0.0499265422809974,0.0170722883671223,0.006255889864351,0.00179288724421718,0.0212279275540879,0.00519404307168313,0.0503605935001465,0.0352123805707972,0.00959800495325483,0.00693144316432731,0.00955233922171797,0.00305013390885061,0.00371991572246711,0.0078711885317739,0.0059343717330008,0.00841731928271251,0.00415528481093928,0.00192752435926729,0.00378766227706118,0.00192779275491819,0.0190615645015814,0.012651490886794,0.00733639117825613,0.00311694455361684,0.0017632310974277,0.000851067231724834,0.000344321559668281,0.00105374406758393,0.000464442668201976,0.000544900735554083,0.000481217382378419,0.00307897852119661,0.00116561226697171,0.125624129056084,0.0315525082411033,0.0198016801987423,0.00914545863186834,0.0645591007347953,0.00474109372754045,0.0294574834270557,0.0120988335574657,0.00316990441803526,0.00837842110834471,0.0234998461825863,0.00734844920398,0.00561870119718973,0.0435736324053191,0.0207517755955065,0.00307608761150048,0.0124130741297846,0.00507263227483096,0.0273165608348093,0.00555616167864473,0.0163100305869904,0.00133330939053327,0.00961352308984076,0.00362385088571266,0.00158858199638959,0.00048727478961407,0.00104649217692667,0.00140055176989008,0.00044444672649442,0.0039611244862223,0.00526764425306419,0.00102018742020973,0.000386759224780607,0.00224879983332144,0.00651095821635026,0.00317185161746054,0.00148979600032705,0.00188060101654932,0.0017575094298172,0.0107363504401812,0.00129567975228923,0.0566632913186947,0.0155504978529351,0.0353509372806954,0.02506349062728,0.00736342946226961,0.00380319617854474,0.0140337831373367,0.00104056997353839,0.0016020564869641,0.00706419836269095,0.008633835501015,0.00503811472788885,0.00135913596374929,0.00199744282084084,0.00113373561392903,0.00372824470961152,0.00134689834584031,0.000240994373329791,0.000385549363731858,0.00206680406388134,0.00442060441470029,0.00167379615828257,0.00143931353258906,0.000360607218970771,0.000464817088020215,0.000609811936546961,0.00306825111152608,0.00809342156734886,0.0026827618218035,0.00312516137382552,0.00273835012994206,0.00174326138168306,0.599268755973152,0.128693771236635,0.0879875424066616,0.493362629624929,0.243051842608327,0.0965611673750717,0.400100786644413,0,0,0,0,0,0,0,0,0,0,0,0,0,0,0,0,0,0,0,0,0,0,0,0,0,0,0,0,0,0,0,0,0,0,0,0,0,0,0,0,0,0,0,0,0,0,0,0,0,0,0,0,0,0,0,0,0,0,0,0,0,0,0,0,0,0,0,0,0,0,0,0,0,0,0,0
0.247085805804435,0.0350791666809376,0.0515033379082072,0.0932483567656643,0.0244170890243198,0.0113491113093231,0.0239391569719402,0.0184829254153959,0.0204385690770336,0.011970633304925,0.166520207416246,0.0499265422809974,0.0170722883671223,0.006255889864351,0.00179288724421718,0.0212279275540879,0.00519404307168313,0.0503605935001465,0.0352123805707972,0.00959800495325483,0.00693144316432731,0.00955233922171797,0.00305013390885061,0.00371991572246711,0.0078711885317739,0.0059343717330008,0.00841731928271251,0.00415528481093928,0.00192752435926729,0.00378766227706118,0.00192779275491819,0.0190615645015814,0.012651490886794,0.00733639117825613,0.00311694455361684,0.0017632310974277,0.000851067231724834,0.000344321559668281,0.00105374406758393,0.000464442668201976,0.000544900735554083,0.000481217382378419,0.00307897852119661,0.00116561226697171,0.125624129056084,0.0315525082411033,0.0198016801987423,0.00914545863186834,0.0645591007347953,0.00474109372754045,0.0294574834270557,0.0120988335574657,0.00316990441803526,0.00837842110834471,0.0234998461825863,0.00734844920398,0.00561870119718973,0.0435736324053191,0.0207517755955065,0.00307608761150048,0.0124130741297846,0.00507263227483096,0.0273165608348093,0.00555616167864473,0.0163100305869904,0.00133330939053327,0.00961352308984076,0.00362385088571266,0.00158858199638959,0.00048727478961407,0.00104649217692667,0.00140055176989008,0.00044444672649442,0.0039611244862223,0.00526764425306419,0.00102018742020973,0.000386759224780607,0.00224879983332144,0.00651095821635026,0.00317185161746054,0.00148979600032705,0.00188060101654932,0.0017575094298172,0.0107363504401812,0.00129567975228923,0.0566632913186947,0.0155504978529351,0.0353509372806954,0.02506349062728,0.00736342946226961,0.00380319617854474,0.0140337831373367,0.00104056997353839,0.0016020564869641,0.00706419836269095,0.008633835501015,0.00503811472788885,0.00135913596374929,0.00199744282084084,0.00113373561392903,0.00372824470961152,0.00134689834584031,0.000240994373329791,0.000385549363731858,0.00206680406388134,0.00442060441470029,0.00167379615828257,0.00143931353258906,0.000360607218970771,0.000464817088020215,0.000609811936546961,0.00306825111152608,0.00809342156734886,0.0026827618218035,0.00312516137382552,0.00273835012994206,0.00174326138168306,0.567490984558212,0.121869452090807,0.0833217760337416,0.235448120174763,0.0953509802961884,0.0378816382091561,0.0468485280310245,0.665818585070277,0,0,0,0,0,0,0,0,0,0,0,0,0,0,0,0,0,0,0,0,0,0,0,0,0,0,0,0,0,0,0,0,0,0,0,0,0,0,0,0,0,0,0,0,0,0,0,0,0,0,0,0,0,0,0,0,0,0,0,0,0,0,0,0,0,0,0,0,0,0,0,0,0,0,0
0.247085805804435,0.0350791666809376,0.0515033379082072,0.0932483567656643,0.0244170890243198,0.0113491113093231,0.0239391569719402,0.0184829254153959,0.0204385690770336,0.011970633304925,0.166520207416246,0.0499265422809974,0.0170722883671223,0.006255889864351,0.00179288724421718,0.0212279275540879,0.00519404307168313,0.0503605935001465,0.0352123805707972,0.00959800495325483,0.00693144316432731,0.00955233922171797,0.00305013390885061,0.00371991572246711,0.0078711885317739,0.0059343717330008,0.00841731928271251,0.00415528481093928,0.00192752435926729,0.00378766227706118,0.00192779275491819,0.0190615645015814,0.012651490886794,0.00733639117825613,0.00311694455361684,0.0017632310974277,0.000851067231724834,0.000344321559668281,0.00105374406758393,0.000464442668201976,0.000544900735554083,0.000481217382378419,0.00307897852119661,0.00116561226697171,0.125624129056084,0.0315525082411033,0.0198016801987423,0.00914545863186834,0.0645591007347953,0.00474109372754045,0.0294574834270557,0.0120988335574657,0.00316990441803526,0.00837842110834471,0.0234998461825863,0.00734844920398,0.00561870119718973,0.0435736324053191,0.0207517755955065,0.00307608761150048,0.0124130741297846,0.00507263227483096,0.0273165608348093,0.00555616167864473,0.0163100305869904,0.00133330939053327,0.00961352308984076,0.00362385088571266,0.00158858199638959,0.00048727478961407,0.00104649217692667,0.00140055176989008,0.00044444672649442,0.0039611244862223,0.00526764425306419,0.00102018742020973,0.000386759224780607,0.00224879983332144,0.00651095821635026,0.00317185161746054,0.00148979600032705,0.00188060101654932,0.0017575094298172,0.0107363504401812,0.00129567975228923,0.0566632913186947,0.0155504978529351,0.0353509372806954,0.02506349062728,0.00736342946226961,0.00380319617854474,0.0140337831373367,0.00104056997353839,0.0016020564869641,0.00706419836269095,0.008633835501015,0.00503811472788885,0.00135913596374929,0.00199744282084084,0.00113373561392903,0.00372824470961152,0.00134689834584031,0.000240994373329791,0.000385549363731858,0.00206680406388134,0.00442060441470029,0.00167379615828257,0.00143931353258906,0.000360607218970771,0.000464817088020215,0.000609811936546961,0.00306825111152608,0.00809342156734886,0.0026827618218035,0.00312516137382552,0.00273835012994206,0.00174326138168306,0.567490984558212,0.121869452090807,0.0833217760337416,0.235448120174763,0.0953509802961884,0.0378816382091561,0.0468485280310245,0.59747831217868,0.293826572489797,0,0,0,0,0,0,0,0,0,0,0,0,0,0,0,0,0,0,0,0,0,0,0,0,0,0,0,0,0,0,0,0,0,0,0,0,0,0,0,0,0,0,0,0,0,0,0,0,0,0,0,0,0,0,0,0,0,0,0,0,0,0,0,0,0,0,0,0,0,0,0,0,0,0
0,0,0,0,0,0,0,0,0,0,0,0,0,0,0,0,0,0,0,0,0,0,0,0,0,0,0,0,0,0,0,0,0,0,0,0,0,0,0,0,0,0,0,0,0,0,0,0,0,0,0,0,0,0,0,0,0,0,0,0,0,0,0,0,0,0,0,0,0,0,0,0,0,0,0,0,0,0,0,0,0,0,0,0,0,0,0,0,0,0,0,0,0,0,0,0,0,0,0,0,0,0,0,0,0,0,0,0,0,0,0,0,0,0,0,0,0,0,0,0,0,0,0,0,0,0,0.999999999997,0,0,0,0,0,0,0,0,0,0,0,0,0,0,0,0,0,0,0,0,0,0,0,0,0,0,0,0,0,0,0,0,0,0,0,0,0,0,0,0,0,0,0,0,0,0,0,0,0,0,0,0,0,0,0,0,0,0,0,0,0,0,0,0,0,0,0,0,0,0,0,0,0
0,0,0,0,0,0,0,0,0,0,0,0,0,0,0,0,0,0,0,0,0,0,0,0,0,0,0,0,0,0,0,0,0,0,0,0,0,0,0,0,0,0,0,0,0,0,0,0,0,0,0,0,0,0,0,0,0,0,0,0,0,0,0,0,0,0,0,0,0,0,0,0,0,0,0,0,0,0,0,0,0,0,0,0,0,0,0,0,0,0,0,0,0,0,0,0,0,0,0,0,0,0,0,0,0,0,0,0,0,0,0,0,0,0,0,0,0,0,0,0,0,0,0,0,0,0,0.875212762696626,0.483738172989211,0,0,0,0,0,0,0,0,0,0,0,0,0,0,0,0,0,0,0,0,0,0,0,0,0,0,0,0,0,0,0,0,0,0,0,0,0,0,0,0,0,0,0,0,0,0,0,0,0,0,0,0,0,0,0,0,0,0,0,0,0,0,0,0,0,0,0,0,0,0,0,0
0,0,0,0,0,0,0,0,0,0,0,0,0,0,0,0,0,0,0,0,0,0,0,0,0,0,0,0,0,0,0,0,0,0,0,0,0,0,0,0,0,0,0,0,0,0,0,0,0,0,0,0,0,0,0,0,0,0,0,0,0,0,0,0,0,0,0,0,0,0,0,0,0,0,0,0,0,0,0,0,0,0,0,0,0,0,0,0,0,0,0,0,0,0,0,0,0,0,0,0,0,0,0,0,0,0,0,0,0,0,0,0,0,0,0,0,0,0,0,0,0,0,0,0,0,0,0.872389996082617,0.225045579485541,0.43392416603479,0,0,0,0,0,0,0,0,0,0,0,0,0,0,0,0,0,0,0,0,0,0,0,0,0,0,0,0,0,0,0,0,0,0,0,0,0,0,0,0,0,0,0,0,0,0,0,0,0,0,0,0,0,0,0,0,0,0,0,0,0,0,0,0,0,0,0,0,0,0,0
0,0,0,0,0,0,0,0,0,0,0,0,0,0,0,0,0,0,0,0,0,0,0,0,0,0,0,0,0,0,0,0,0,0,0,0,0,0,0,0,0,0,0,0,0,0,0,0,0,0,0,0,0,0,0,0,0,0,0,0,0,0,0,0,0,0,0,0,0,0,0,0,0,0,0,0,0,0,0,0,0,0,0,0,0,0,0,0,0,0,0,0,0,0,0,0,0,0,0,0,0,0,0,0,0,0,0,0,0,0,0,0,0,0,0,0,0,0,0,0,0,0,0,0,0,0,0.638039755381914,0.164591555530788,0.102275137369065,0.745221233310137,0,0,0,0,0,0,0,0,0,0,0,0,0,0,0,0,0,0,0,0,0,0,0,0,0,0,0,0,0,0,0,0,0,0,0,0,0,0,0,0,0,0,0,0,0,0,0,0,0,0,0,0,0,0,0,0,0,0,0,0,0,0,0,0,0,0,0,0,0,0
0,0,0,0,0,0,0,0,0,0,0,0,0,0,0,0,0,0,0,0,0,0,0,0,0,0,0,0,0,0,0,0,0,0,0,0,0,0,0,0,0,0,0,0,0,0,0,0,0,0,0,0,0,0,0,0,0,0,0,0,0,0,0,0,0,0,0,0,0,0,0,0,0,0,0,0,0,0,0,0,0,0,0,0,0,0,0,0,0,0,0,0,0,0,0,0,0,0,0,0,0,0,0,0,0,0,0,0,0,0,0,0,0,0,0,0,0,0,0,0,0,0,0,0,0,0,0.638039755381914,0.164591555530788,0.102275137369065,0.41263561628592,0.620553410133746,0,0,0,0,0,0,0,0,0,0,0,0,0,0,0,0,0,0,0,0,0,0,0,0,0,0,0,0,0,0,0,0,0,0,0,0,0,0,0,0,0,0,0,0,0,0,0,0,0,0,0,0,0,0,0,0,0,0,0,0,0,0,0,0,0,0,0,0,0
0,0,0,0,0,0,0,0,0,0,0,0,0,0,0,0,0,0,0,0,0,0,0,0,0,0,0,0,0,0,0,0,0,0,0,0,0,0,0,0,0,0,0,0,0,0,0,0,0,0,0,0,0,0,0,0,0,0,0,0,0,0,0,0,0,0,0,0,0,0,0,0,0,0,0,0,0,0,0,0,0,0,0,0,0,0,0,0,0,0,0,0,0,0,0,0,0,0,0,0,0,0,0,0,0,0,0,0,0,0,0,0,0,0,0,0,0,0,0,0,0,0,0,0,0,0,0.638039755381914,0.164591555530788,0.102275137369065,0.41263561628592,0.483579971696464,0.388891946165857,0,0,0,0,0,0,0,0,0,0,0,0,0,0,0,0,0,0,0,0,0,0,0,0,0,0,0,0,0,0,0,0,0,0,0,0,0,0,0,0,0,0,0,0,0,0,0,0,0,0,0,0,0,0,0,0,0,0,0,0,0,0,0,0,0,0,0,0
0,0,0,0,0,0,0,0,0,0,0,0,0,0,0,0,0,0,0,0,0,0,0,0,0,0,0,0,0,0,0,0,0,0,0,0,0,0,0,0,0,0,0,0,0,0,0,0,0,0,0,0,0,0,0,0,0,0,0,0,0,0,0,0,0,0,0,0,0,0,0,0,0,0,0,0,0,0,0,0,0,0,0,0,0,0,0,0,0,0,0,0,0,0,0,0,0,0,0,0,0,0,0,0,0,0,0,0,0,0,0,0,0,0,0,0,0,0,0,0,0,0,0,0,0,0,0.638039755381914,0.164591555530788,0.102275137369065,0.41263561628592,0.483579971696464,0.378292054780496,0.0901779744872237,0,0,0,0,0,0,0,0,0,0,0,0,0,0,0,0,0,0,0,0,0,0,0,0,0,0,0,0,0,0,0,0,0,0,0,0,0,0,0,0,0,0,0,0,0,0,0,0,0,0,0,0,0,0,0,0,0,0,0,0,0,0,0,0,0,0,0
0,0,0,0,0,0,0,0,0,0,0,0,0,0,0,0,0,0,0,0,0,0,0,0,0,0,0,0,0,0,0,0,0,0,0,0,0,0,0,0,0,0,0,0,0,0,0,0,0,0,0,0,0,0,0,0,0,0,0,0,0,0,0,0,0,0,0,0,0,0,0,0,0,0,0,0,0,0,0,0,0,0,0,0,0,0,0,0,0,0,0,0,0,0,0,0,0,0,0,0,0,0,0,0,0,0,0,0,0,0,0,0,0,0,0,0,0,0,0,0,0,0,0,0,0,0,0.638039755381914,0.164591555530788,0.102275137369065,0.41263561628592,0.483579971696464,0.203307693492187,0.0238976255685459,0.330653642141956,0,0,0,0,0,0,0,0,0,0,0,0,0,0,0,0,0,0,0,0,0,0,0,0,0,0,0,0,0,0,0,0,0,0,0,0,0,0,0,0,0,0,0,0,0,0,0,0,0,0,0,0,0,0,0,0,0,0,0,0,0,0,0,0,0,0
0,0,0,0,0,0,0,0,0,0,0,0,0,0,0,0,0,0,0,0,0,0,0,0,0,0,0,0,0,0,0,0,0,0,0,0,0,0,0,0,0,0,0,0,0,0,0,0,0,0,0,0,0,0,0,0,0,0,0,0,0,0,0,0,0,0,0,0,0,0,0,0,0,0,0,0,0,0,0,0,0,0,0,0,0,0,0,0,0,0,0,0,0,0,0,0,0,0,0,0,0,0,0,0,0,0,0,0,0,0,0,0,0,0,0,0,0,0,0,0,0,0,0,0,0,0,0.638039755381914,0.164591555530788,0.102275137369065,0.41263561628592,0.428177604070138,0.15081042245681,0.0177268796168093,0.0833633920887903,0.414418862141044,0,0,0,0,0,0,0,0,0,0,0,0,0,0,0,0,0,0,0,0,0,0,0,0,0,0,0,0,0,0,0,0,0,0,0,0,0,0,0,0,0,0,0,0,0,0,0,0,0,0,0,0,0,0,0,0,0,0,0,0,0,0,0,0,0
0,0,0,0,0,0,0,0,0,0,0,0,0,0,0,0,0,0,0,0,0,0,0,0,0,0,0,0,0,0,0,0,0,0,0,0,0,0,0,0,0,0,0,0,0,0,0,0,0,0,0,0,0,0,0,0,0,0,0,0,0,0,0,0,0,0,0,0,0,0,0,0,0,0,0,0,0,0,0,0,0,0,0,0,0,0,0,0,0,0,0,0,0,0,0,0,0,0,0,0,0,0,0,0,0,0,0,0,0,0,0,0,0,0,0,0,0,0,0,0,0,0,0,0,0,0,0.638039755381914,0.164591555530788,0.102275137369065,0.31627052610858,0.169505197062289,0.0597022126673425,0.00701764453391278,0.0330015583941578,0.0500205519217068,0.647603944611969,0,0,0,0,0,0,0,0,0,0,0,0,0,0,0,0,0,0,0,0,0,0,0,0,0,0,0,0,0,0,0,0,0,0,0,0,0,0,0,0,0,0,0,0,0,0,0,0,0,0,0,0,0,0,0,0,0,0,0,0,0,0,0,0
0,0,0,0,0,0,0,0,0,0,0,0,0,0,0,0,0,0,0,0,0,0,0,0,0,0,0,0,0,0,0,0,0,0,0,0,0,0,0,0,0,0,0,0,0,0,0,0,0,0,0,0,0,0,0,0,0,0,0,0,0,0,0,0,0,0,0,0,0,0,0,0,0,0,0,0,0,0,0,0,0,0,0,0,0,0,0,0,0,0,0,0,0,0,0,0,0,0,0,0,0,0,0,0,0,0,0,0,0,0,0,0,0,0,0,0,0,0,0,0,0,0,0,0,0,0,0.638039755381914,0.164591555530788,0.102275137369065,0.31627052610858,0.169505197062289,0.0597022126673425,0.00701764453391263,0.0330015583941578,0.0500205519217068,0.451754766182403,0.464013470029119,0,0,0,0,0,0,0,0,0,0,0,0,0,0,0,0,0,0,0,0,0,0,0,0,0,0,0,0,0,0,0,0,0,0,0,0,0,0,0,0,0,0,0,0,0,0,0,0,0,0,0,0,0,0,0,0,0,0,0,0,0,0,0
0,0,0,0,0,0,0,0,0,0,0,0,0,0,0,0,0,0,0,0,0,0,0,0,0,0,0,0,0,0,0,0,0,0,0,0,0,0,0,0,0,0,0,0,0,0,0,0,0,0,0,0,0,0,0,0,0,0,0,0,0,0,0,0,0,0,0,0,0,0,0,0,0,0,0,0,0,0,0,0,0,0,0,0,0,0,0,0,0,0,0,0,0,0,0,0,0,0,0,0,0,0,0,0,0,0,0,0,0,0,0,0,0,0,0,0,0,0,0,0,0,0,0,0,0,0,0.638039755381914,0.164591555530788,0.102275137369065,0.31627052610858,0.169505197062289,0.0597022126673425,0.00701764453391263,0.0330015583941578,0.0500205519217068,0.451754766182403,0.420305847126001,0.196599835300436,0,0,0,0,0,0,0,0,0,0,0,0,0,0,0,0,0,0,0,0,0,0,0,0,0,0,0,0,0,0,0,0,0,0,0,0,0,0,0,0,0,0,0,0,0,0,0,0,0,0,0,0,0,0,0,0,0,0,0,0,0,0
0,0,0,0,0,0,0,0,0,0,0,0,0,0,0,0,0,0,0,0,0,0,0,0,0,0,0,0,0,0,0,0,0,0,0,0,0,0,0,0,0,0,0,0,0,0,0,0,0,0,0,0,0,0,0,0,0,0,0,0,0,0,0,0,0,0,0,0,0,0,0,0,0,0,0,0,0,0,0,0,0,0,0,0,0,0,0,0,0,0,0,0,0,0,0,0,0,0,0,0,0,0,0,0,0,0,0,0,0,0,0,0,0,0,0,0,0,0,0,0,0,0,0,0,0,0,0.638039755381914,0.164591555530788,0.102275137369065,0.31627052610858,0.169505197062289,0.0597022126673425,0.00701764453391263,0.0330015583941578,0.0500205519217068,0.451754766182403,0.283926410089338,0.063121866025252,0.361538274656689,0,0,0,0,0,0,0,0,0,0,0,0,0,0,0,0,0,0,0,0,0,0,0,0,0,0,0,0,0,0,0,0,0,0,0,0,0,0,0,0,0,0,0,0,0,0,0,0,0,0,0,0,0,0,0,0,0,0,0,0,0
0,0,0,0,0,0,0,0,0,0,0,0,0,0,0,0,0,0,0,0,0,0,0,0,0,0,0,0,0,0,0,0,0,0,0,0,0,0,0,0,0,0,0,0,0,0,0,0,0,0,0,0,0,0,0,0,0,0,0,0,0,0,0,0,0,0,0,0,0,0,0,0,0,0,0,0,0,0,0,0,0,0,0,0,0,0,0,0,0,0,0,0,0,0,0,0,0,0,0,0,0,0,0,0,0,0,0,0,0,0,0,0,0,0,0,0,0,0,0,0,0,0,0,0,0,0,0.638039755381914,0.164591555530788,0.102275137369065,0.31627052610858,0.169505197062289,0.0597022126673425,0.00701764453391263,0.0330015583941578,0.0500205519217068,0.183687487185179,0.0775301705158497,0.0172363290708904,0.0356094834569715,0.614876997810496,0,0,0,0,0,0,0,0,0,0,0,0,0,0,0,0,0,0,0,0,0,0,0,0,0,0,0,0,0,0,0,0,0,0,0,0,0,0,0,0,0,0,0,0,0,0,0,0,0,0,0,0,0,0,0,0,0,0,0,0
0,0,0,0,0,0,0,0,0,0,0,0,0,0,0,0,0,0,0,0,0,0,0,0,0,0,0,0,0,0,0,0,0,0,0,0,0,0,0,0,0,0,0,0,0,0,0,0,0,0,0,0,0,0,0,0,0,0,0,0,0,0,0,0,0,0,0,0,0,0,0,0,0,0,0,0,0,0,0,0,0,0,0,0,0,0,0,0,0,0,0,0,0,0,0,0,0,0,0,0,0,0,0,0,0,0,0,0,0,0,0,0,0,0,0,0,0,0,0,0,0,0,0,0,0,0,0.638039755381914,0.164591555530788,0.102275137369065,0.31627052610858,0.169505197062289,0.0597022126673425,0.00701764453391263,0.0330015583941578,0.0500205519217068,0.183687487185179,0.0775301705158497,0.0172363290708904,0.0356094834569715,0.41324490189298,0.455304703998223,0,0,0,0,0,0,0,0,0,0,0,0,0,0,0,0,0,0,0,0,0,0,0,0,0,0,0,0,0,0,0,0,0,0,0,0,0,0,0,0,0,0,0,0,0,0,0,0,0,0,0,0,0,0,0,0,0,0,0
0,0,0,0,0,0,0,0,0,0,0,0,0,0,0,0,0,0,0,0,0,0,0,0,0,0,0,0,0,0,0,0,0,0,0,0,0,0,0,0,0,0,0,0,0,0,0,0,0,0,0,0,0,0,0,0,0,0,0,0,0,0,0,0,0,0,0,0,0,0,0,0,0,0,0,0,0,0,0,0,0,0,0,0,0,0,0,0,0,0,0,0,0,0,0,0,0,0,0,0,0,0,0,0,0,0,0,0,0,0,0,0,0,0,0,0,0,0,0,0,0,0,0,0,0,0,0.638039755381914,0.164591555530788,0.102275137369065,0.31627052610858,0.169505197062289,0.0597022126673425,0.00701764453391263,0.0330015583941578,0.0500205519217068,0.183687487185179,0.0775301705158497,0.0172363290708904,0.0356094834569715,0.41324490189298,0.443778916452175,0.101797086379933,0,0,0,0,0,0,0,0,0,0,0,0,0,0,0,0,0,0,0,0,0,0,0,0,0,0,0,0,0,0,0,0,0,0,0,0,0,0,0,0,0,0,0,0,0,0,0,0,0,0,0,0,0,0,0,0,0,0
0,0,0,0,0,0,0,0,0,0,0,0,0,0,0,0,0,0,0,0,0,0,0,0,0,0,0,0,0,0,0,0,0,0,0,0,0,0,0,0,0,0,0,0,0,0,0,0,0,0,0,0,0,0,0,0,0,0,0,0,0,0,0,0,0,0,0,0,0,0,0,0,0,0,0,0,0,0,0,0,0,0,0,0,0,0,0,0,0,0,0,0,0,0,0,0,0,0,0,0,0,0,0,0,0,0,0,0,0,0,0,0,0,0,0,0,0,0,0,0,0,0,0,0,0,0,0.638039755381914,0.164591555530788,0.102275137369065,0.26980717123851,0.144603160757071,0.0509313508111265,0.00598668122429588,0.0281532940370591,0.042672024433764,0.131371469907512,0.0554488093823138,0.0123272516846491,0.0254675495651672,0.090305977661142,0.0399920830815038,0.00452802992220223,0.652301096276592,0,0,0,0,0,0,0,0,0,0,0,0,0,0,0,0,0,0,0,0,0,0,0,0,0,0,0,0,0,0,0,0,0,0,0,0,0,0,0,0,0,0,0,0,0,0,0,0,0,0,0,0,0,0,0,0,0
0,0,0,0,0,0,0,0,0,0,0,0,0,0,0,0,0,0,0,0,0,0,0,0,0,0,0,0,0,0,0,0,0,0,0,0,0,0,0,0,0,0,0,0,0,0,0,0,0,0,0,0,0,0,0,0,0,0,0,0,0,0,0,0,0,0,0,0,0,0,0,0,0,0,0,0,0,0,0,0,0,0,0,0,0,0,0,0,0,0,0,0,0,0,0,0,0,0,0,0,0,0,0,0,0,0,0,0,0,0,0,0,0,0,0,0,0,0,0,0,0,0,0,0,0,0,0.638039755381914,0.164591555530788,0.102275137369065,0.26980717123851,0.144603160757071,0.0509313508111265,0.00598668122429588,0.0281532940370591,0.042672024433764,0.131371469907512,0.0554488093823138,0.0123272516846491,0.0254675495651672,0.090305977661142,0.0399920830815038,0.00452802992220223,0.465130045979552,0.457330034560057,0,0,0,0,0,0,0,0,0,0,0,0,0,0,0,0,0,0,0,0,0,0,0,0,0,0,0,0,0,0,0,0,0,0,0,0,0,0,0,0,0,0,0,0,0,0,0,0,0,0,0,0,0,0,0,0
0,0,0,0,0,0,0,0,0,0,0,0,0,0,0,0,0,0,0,0,0,0,0,0,0,0,0,0,0,0,0,0,0,0,0,0,0,0,0,0,0,0,0,0,0,0,0,0,0,0,0,0,0,0,0,0,0,0,0,0,0,0,0,0,0,0,0,0,0,0,0,0,0,0,0,0,0,0,0,0,0,0,0,0,0,0,0,0,0,0,0,0,0,0,0,0,0,0,0,0,0,0,0,0,0,0,0,0,0,0,0,0,0,0,0,0,0,0,0,0,0,0,0,0,0,0,0.638039755381914,0.164591555530788,0.102275137369065,0.26980717123851,0.144603160757071,0.0509313508111265,0.00598668122429588,0.0281532940370591,0.042672024433764,0.131371469907512,0.0554488093823138,0.0123272516846491,0.0254675495651672,0.0903059776611421,0.0399920830815038,0.00452802992220223,0.465130045979552,0.217714767424985,0.402182844730836,0,0,0,0,0,0,0,0,0,0,0,0,0,0,0,0,0,0,0,0,0,0,0,0,0,0,0,0,0,0,0,0,0,0,0,0,0,0,0,0,0,0,0,0,0,0,0,0,0,0,0,0,0,0,0
0,0,0,0,0,0,0,0,0,0,0,0,0,0,0,0,0,0,0,0,0,0,0,0,0,0,0,0,0,0,0,0,0,0,0,0,0,0,0,0,0,0,0,0,0,0,0,0,0,0,0,0,0,0,0,0,0,0,0,0,0,0,0,0,0,0,0,0,0,0,0,0,0,0,0,0,0,0,0,0,0,0,0,0,0,0,0,0,0,0,0,0,0,0,0,0,0,0,0,0,0,0,0,0,0,0,0,0,0,0,0,0,0,0,0,0,0,0,0,0,0,0,0,0,0,0,0.638039755381914,0.164591555530788,0.102275137369065,0.26980717123851,0.144603160757071,0.0509313508111265,0.00598668122429588,0.0281532940370591,0.042672024433764,0.131371469907512,0.0554488093823138,0.0123272516846491,0.0254675495651672,0.0903059776611421,0.0399920830815038,0.00452802992220223,0.465130045979552,0.217714767424985,0.253091740260356,0.312562972227634,0,0,0,0,0,0,0,0,0,0,0,0,0,0,0,0,0,0,0,0,0,0,0,0,0,0,0,0,0,0,0,0,0,0,0,0,0,0,0,0,0,0,0,0,0,0,0,0,0,0,0,0,0,0
0,0,0,0,0,0,0,0,0,0,0,0,0,0,0,0,0,0,0,0,0,0,0,0,0,0,0,0,0,0,0,0,0,0,0,0,0,0,0,0,0,0,0,0,0,0,0,0,0,0,0,0,0,0,0,0,0,0,0,0,0,0,0,0,0,0,0,0,0,0,0,0,0,0,0,0,0,0,0,0,0,0,0,0,0,0,0,0,0,0,0,0,0,0,0,0,0,0,0,0,0,0,0,0,0,0,0,0,0,0,0,0,0,0,0,0,0,0,0,0,0,0,0,0,0,0,0.638039755381914,0.164591555530788,0.102275137369065,0.26980717123851,0.144603160757071,0.0509313508111265,0.00598668122429588,0.0281532940370591,0.042672024433764,0.131371469907512,0.0554488093823138,0.0123272516846491,0.0254675495651672,0.0903059776611421,0.0399920830815038,0.00452802992220223,0.465130045979552,0.217714767424985,0.253091740260356,0.219780476613023,0.222243455938583,0,0,0,0,0,0,0,0,0,0,0,0,0,0,0,0,0,0,0,0,0,0,0,0,0,0,0,0,0,0,0,0,0,0,0,0,0,0,0,0,0,0,0,0,0,0,0,0,0,0,0,0,0
0,0,0,0,0,0,0,0,0,0,0,0,0,0,0,0,0,0,0,0,0,0,0,0,0,0,0,0,0,0,0,0,0,0,0,0,0,0,0,0,0,0,0,0,0,0,0,0,0,0,0,0,0,0,0,0,0,0,0,0,0,0,0,0,0,0,0,0,0,0,0,0,0,0,0,0,0,0,0,0,0,0,0,0,0,0,0,0,0,0,0,0,0,0,0,0,0,0,0,0,0,0,0,0,0,0,0,0,0,0,0,0,0,0,0,0,0,0,0,0,0,0,0,0,0,0,0.638039755381914,0.164591555530788,0.102275137369065,0.26980717123851,0.144603160757071,0.0509313508111265,0.00598668122429588,0.0281532940370591,0.042672024433764,0.131371469907512,0.0554488093823138,0.0123272516846491,0.0254675495651672,0.0903059776611421,0.0399920830815038,0.00452802992220223,0.360772418208319,0.147653001839717,0.0879697230815434,0.0419611545178098,0.0175179989826499,0.5135487148807,0,0,0,0,0,0,0,0,0,0,0,0,0,0,0,0,0,0,0,0,0,0,0,0,0,0,0,0,0,0,0,0,0,0,0,0,0,0,0,0,0,0,0,0,0,0,0,0,0,0,0,0
0,0,0,0,0,0,0,0,0,0,0,0,0,0,0,0,0,0,0,0,0,0,0,0,0,0,0,0,0,0,0,0,0,0,0,0,0,0,0,0,0,0,0,0,0,0,0,0,0,0,0,0,0,0,0,0,0,0,0,0,0,0,0,0,0,0,0,0,0,0,0,0,0,0,0,0,0,0,0,0,0,0,0,0,0,0,0,0,0,0,0,0,0,0,0,0,0,0,0,0,0,0,0,0,0,0,0,0,0,0,0,0,0,0,0,0,0,0,0,0,0,0,0,0,0,0,0.638039755381914,0.164591555530788,0.102275137369065,0.26980717123851,0.144603160757071,0.0509313508111265,0.00598668122429588,0.0281532940370591,0.042672024433764,0.131371469907512,0.0554488093823138,0.0123272516846491,0.0254675495651672,0.0903059776611421,0.0399920830815038,0.00452802992220223,0.271755945000708,0.111221310227696,0.0662641987605366,0.031607718949079,0.0131956328360517,0.107907563191738,0.567509548736571,0,0,0,0,0,0,0,0,0,0,0,0,0,0,0,0,0,0,0,0,0,0,0,0,0,0,0,0,0,0,0,0,0,0,0,0,0,0,0,0,0,0,0,0,0,0,0,0,0,0,0
0,0,0,0,0,0,0,0,0,0,0,0,0,0,0,0,0,0,0,0,0,0,0,0,0,0,0,0,0,0,0,0,0,0,0,0,0,0,0,0,0,0,0,0,0,0,0,0,0,0,0,0,0,0,0,0,0,0,0,0,0,0,0,0,0,0,0,0,0,0,0,0,0,0,0,0,0,0,0,0,0,0,0,0,0,0,0,0,0,0,0,0,0,0,0,0,0,0,0,0,0,0,0,0,0,0,0,0,0,0,0,0,0,0,0,0,0,0,0,0,0,0,0,0,0,0,0.638039755381914,0.164591555530788,0.102275137369065,0.26980717123851,0.144603160757071,0.0509313508111265,0.00598668122429588,0.0281532940370591,0.042672024433764,0.131371469907512,0.0554488093823138,0.0123272516846491,0.0254675495651672,0.0903059776611421,0.0399920830815038,0.00452802992220223,0.271755945000708,0.111221310227696,0.0662641987605366,0.031607718949079,0.0131956328360517,0.107907563191738,0.48248361196172,0.298791988004295,0,0,0,0,0,0,0,0,0,0,0,0,0,0,0,0,0,0,0,0,0,0,0,0,0,0,0,0,0,0,0,0,0,0,0,0,0,0,0,0,0,0,0,0,0,0,0,0,0,0
0,0,0,0,0,0,0,0,0,0,0,0,0,0,0,0,0,0,0,0,0,0,0,0,0,0,0,0,0,0,0,0,0,0,0,0,0,0,0,0,0,0,0,0,0,0,0,0,0,0,0,0,0,0,0,0,0,0,0,0,0,0,0,0,0,0,0,0,0,0,0,0,0,0,0,0,0,0,0,0,0,0,0,0,0,0,0,0,0,0,0,0,0,0,0,0,0,0,0,0,0,0,0,0,0,0,0,0,0,0,0,0,0,0,0,0,0,0,0,0,0,0,0,0,0,0,0.638039755381914,0.164591555530788,0.102275137369065,0.26980717123851,0.144603160757071,0.0509313508111265,0.00598668122429588,0.0281532940370591,0.042672024433764,0.131371469907512,0.0554488093823138,0.0123272516846491,0.0254675495651672,0.0903059776611421,0.0399920830815038,0.00452802992220223,0.171843199671878,0.0703301111634414,0.0419017583540784,0.0199869465910857,0.00834417722944942,0.0682346836151656,0.0822724763647627,0.0234119208497658,0.613858777950556,0,0,0,0,0,0,0,0,0,0,0,0,0,0,0,0,0,0,0,0,0,0,0,0,0,0,0,0,0,0,0,0,0,0,0,0,0,0,0,0,0,0,0,0,0,0,0,0,0
0,0,0,0,0,0,0,0,0,0,0,0,0,0,0,0,0,0,0,0,0,0,0,0,0,0,0,0,0,0,0,0,0,0,0,0,0,0,0,0,0,0,0,0,0,0,0,0,0,0,0,0,0,0,0,0,0,0,0,0,0,0,0,0,0,0,0,0,0,0,0,0,0,0,0,0,0,0,0,0,0,0,0,0,0,0,0,0,0,0,0,0,0,0,0,0,0,0,0,0,0,0,0,0,0,0,0,0,0,0,0,0,0,0,0,0,0,0,0,0,0,0,0,0,0,0,0.638039755381914,0.164591555530788,0.102275137369065,0.26980717123851,0.144603160757071,0.0509313508111265,0.00598668122429588,0.0281532940370591,0.042672024433764,0.131371469907512,0.0554488093823138,0.0123272516846491,0.0254675495651672,0.0903059776611421,0.0399920830815038,0.00452802992220223,0.171843199671878,0.0703301111634414,0.0419017583540784,0.0199869465910857,0.00834417722944942,0.0682346836151656,0.0822724763647627,0.0234119208497658,0.501828474678523,0.353540353098167,0,0,0,0,0,0,0,0,0,0,0,0,0,0,0,0,0,0,0,0,0,0,0,0,0,0,0,0,0,0,0,0,0,0,0,0,0,0,0,0,0,0,0,0,0,0,0,0
0,0,0,0,0,0,0,0,0,0,0,0,0,0,0,0,0,0,0,0,0,0,0,0,0,0,0,0,0,0,0,0,0,0,0,0,0,0,0,0,0,0,0,0,0,0,0,0,0,0,0,0,0,0,0,0,0,0,0,0,0,0,0,0,0,0,0,0,0,0,0,0,0,0,0,0,0,0,0,0,0,0,0,0,0,0,0,0,0,0,0,0,0,0,0,0,0,0,0,0,0,0,0,0,0,0,0,0,0,0,0,0,0,0,0,0,0,0,0,0,0,0,0,0,0,0,0.638039755381914,0.164591555530788,0.102275137369065,0.26980717123851,0.144603160757071,0.0509313508111265,0.00598668122429588,0.0281532940370591,0.042672024433764,0.131371469907512,0.0554488093823138,0.0123272516846491,0.0254675495651672,0.0903059776611421,0.0399920830815038,0.00452802992220223,0.171843199671878,0.0703301111634414,0.0419017583540784,0.0199869465910857,0.00834417722944942,0.0682346836151656,0.0822724763647627,0.0234119208497658,0.491383614545699,0.155710246024381,0.333345259316793,0,0,0,0,0,0,0,0,0,0,0,0,0,0,0,0,0,0,0,0,0,0,0,0,0,0,0,0,0,0,0,0,0,0,0,0,0,0,0,0,0,0,0,0,0,0,0
0,0,0,0,0,0,0,0,0,0,0,0,0,0,0,0,0,0,0,0,0,0,0,0,0,0,0,0,0,0,0,0,0,0,0,0,0,0,0,0,0,0,0,0,0,0,0,0,0,0,0,0,0,0,0,0,0,0,0,0,0,0,0,0,0,0,0,0,0,0,0,0,0,0,0,0,0,0,0,0,0,0,0,0,0,0,0,0,0,0,0,0,0,0,0,0,0,0,0,0,0,0,0,0,0,0,0,0,0,0,0,0,0,0,0,0,0,0,0,0,0,0,0,0,0,0,0.638039755381914,0.164591555530788,0.102275137369065,0.26980717123851,0.144603160757071,0.0509313508111265,0.00598668122429588,0.0281532940370591,0.042672024433764,0.131371469907512,0.0554488093823138,0.0123272516846491,0.0254675495651672,0.0903059776611421,0.0399920830815038,0.00452802992220223,0.171843199671878,0.0703301111634414,0.0419017583540784,0.0199869465910857,0.00834417722944942,0.0682346836151656,0.0822724763647627,0.0234119208497658,0.404090597137196,0.128048726969752,0.0886545175285968,0.435060097674392,0,0,0,0,0,0,0,0,0,0,0,0,0,0,0,0,0,0,0,0,0,0,0,0,0,0,0,0,0,0,0,0,0,0,0,0,0,0,0,0,0,0,0,0,0,0
0,0,0,0,0,0,0,0,0,0,0,0,0,0,0,0,0,0,0,0,0,0,0,0,0,0,0,0,0,0,0,0,0,0,0,0,0,0,0,0,0,0,0,0,0,0,0,0,0,0,0,0,0,0,0,0,0,0,0,0,0,0,0,0,0,0,0,0,0,0,0,0,0,0,0,0,0,0,0,0,0,0,0,0,0,0,0,0,0,0,0,0,0,0,0,0,0,0,0,0,0,0,0,0,0,0,0,0,0,0,0,0,0,0,0,0,0,0,0,0,0,0,0,0,0,0,0.638039755381914,0.164591555530788,0.102275137369065,0.26980717123851,0.144603160757071,0.0509313508111265,0.00598668122429588,0.0281532940370591,0.042672024433764,0.131371469907512,0.0554488093823138,0.0123272516846491,0.0254675495651672,0.0903059776611421,0.0399920830815038,0.00452802992220223,0.171843199671878,0.0703301111634414,0.0419017583540784,0.0199869465910857,0.00834417722944942,0.0682346836151656,0.0822724763647627,0.0234119208497658,0.256340898724795,0.081229620249856,0.056239315787835,0.0882290638148813,0.541817739967089,0,0,0,0,0,0,0,0,0,0,0,0,0,0,0,0,0,0,0,0,0,0,0,0,0,0,0,0,0,0,0,0,0,0,0,0,0,0,0,0,0,0,0,0,0
0,0,0,0,0,0,0,0,0,0,0,0,0,0,0,0,0,0,0,0,0,0,0,0,0,0,0,0,0,0,0,0,0,0,0,0,0,0,0,0,0,0,0,0,0,0,0,0,0,0,0,0,0,0,0,0,0,0,0,0,0,0,0,0,0,0,0,0,0,0,0,0,0,0,0,0,0,0,0,0,0,0,0,0,0,0,0,0,0,0,0,0,0,0,0,0,0,0,0,0,0,0,0,0,0,0,0,0,0,0,0,0,0,0,0,0,0,0,0,0,0,0,0,0,0,0,0.638039755381914,0.164591555530788,0.102275137369065,0.26980717123851,0.144603160757071,0.0509313508111265,0.00598668122429588,0.0281532940370591,0.042672024433764,0.131371469907512,0.0554488093823138,0.0123272516846491,0.0254675495651672,0.0903059776611421,0.0399920830815038,0.00452802992220223,0.171843199671878,0.0703301111634414,0.0419017583540784,0.0199869465910857,0.00834417722944942,0.0682346836151656,0.0822724763647627,0.0234119208497658,0.256340898724795,0.081229620249856,0.056239315787835,0.0882290638148813,0.298096029031561,0.452443610683872,0,0,0,0,0,0,0,0,0,0,0,0,0,0,0,0,0,0,0,0,0,0,0,0,0,0,0,0,0,0,0,0,0,0,0,0,0,0,0,0,0,0,0,0
0,0,0,0,0,0,0,0,0,0,0,0,0,0,0,0,0,0,0,0,0,0,0,0,0,0,0,0,0,0,0,0,0,0,0,0,0,0,0,0,0,0,0,0,0,0,0,0,0,0,0,0,0,0,0,0,0,0,0,0,0,0,0,0,0,0,0,0,0,0,0,0,0,0,0,0,0,0,0,0,0,0,0,0,0,0,0,0,0,0,0,0,0,0,0,0,0,0,0,0,0,0,0,0,0,0,0,0,0,0,0,0,0,0,0,0,0,0,0,0,0,0,0,0,0,0,0.638039755381914,0.164591555530788,0.102275137369065,0.26980717123851,0.144603160757071,0.0509313508111265,0.00598668122429588,0.0281532940370591,0.042672024433764,0.131371469907512,0.0554488093823138,0.0123272516846491,0.0254675495651672,0.0903059776611421,0.0399920830815038,0.00452802992220223,0.171843199671878,0.0703301111634414,0.0419017583540784,0.0199869465910857,0.00834417722944942,0.0682346836151656,0.0822724763647627,0.0234119208497658,0.256340898724795,0.081229620249856,0.056239315787835,0.0882290638148813,0.298096029031561,0.277054575815954,0.357695377196995,0,0,0,0,0,0,0,0,0,0,0,0,0,0,0,0,0,0,0,0,0,0,0,0,0,0,0,0,0,0,0,0,0,0,0,0,0,0,0,0,0,0,0
0,0,0,0,0,0,0,0,0,0,0,0,0,0,0,0,0,0,0,0,0,0,0,0,0,0,0,0,0,0,0,0,0,0,0,0,0,0,0,0,0,0,0,0,0,0,0,0,0,0,0,0,0,0,0,0,0,0,0,0,0,0,0,0,0,0,0,0,0,0,0,0,0,0,0,0,0,0,0,0,0,0,0,0,0,0,0,0,0,0,0,0,0,0,0,0,0,0,0,0,0,0,0,0,0,0,0,0,0,0,0,0,0,0,0,0,0,0,0,0,0,0,0,0,0,0,0.638039755381914,0.164591555530788,0.102275137369065,0.26980717123851,0.144603160757071,0.0509313508111265,0.00598668122429588,0.0281532940370591,0.042672024433764,0.131371469907512,0.0554488093823138,0.0123272516846491,0.0254675495651672,0.0903059776611421,0.0399920830815038,0.00452802992220223,0.171843199671878,0.0703301111634414,0.0419017583540784,0.0199869465910857,0.00834417722944942,0.0682346836151656,0.0822724763647627,0.0234119208497658,0.256340898724795,0.081229620249856,0.056239315787835,0.0882290638148813,0.19126465347801,0.103030184284606,0.0505188653136791,0.493778210370485,0,0,0,0,0,0,0,0,0,0,0,0,0,0,0,0,0,0,0,0,0,0,0,0,0,0,0,0,0,0,0,0,0,0,0,0,0,0,0,0,0,0
0,0,0,0,0,0,0,0,0,0,0,0,0,0,0,0,0,0,0,0,0,0,0,0,0,0,0,0,0,0,0,0,0,0,0,0,0,0,0,0,0,0,0,0,0,0,0,0,0,0,0,0,0,0,0,0,0,0,0,0,0,0,0,0,0,0,0,0,0,0,0,0,0,0,0,0,0,0,0,0,0,0,0,0,0,0,0,0,0,0,0,0,0,0,0,0,0,0,0,0,0,0,0,0,0,0,0,0,0,0,0,0,0,0,0,0,0,0,0,0,0,0,0,0,0,0,0.638039755381914,0.164591555530788,0.102275137369065,0.26980717123851,0.144603160757071,0.0509313508111265,0.00598668122429588,0.0281532940370591,0.042672024433764,0.131371469907512,0.0554488093823138,0.0123272516846491,0.0254675495651672,0.0903059776611421,0.0399920830815038,0.00452802992220223,0.171843199671878,0.0703301111634414,0.0419017583540784,0.0199869465910857,0.00834417722944942,0.0682346836151656,0.0822724763647627,0.0234119208497658,0.256340898724795,0.081229620249856,0.056239315787835,0.0882290638148813,0.19126465347801,0.103030184284606,0.0505188653136791,0.374915129705255,0.321334042010446,0,0,0,0,0,0,0,0,0,0,0,0,0,0,0,0,0,0,0,0,0,0,0,0,0,0,0,0,0,0,0,0,0,0,0,0,0,0,0,0,0
0,0,0,0,0,0,0,0,0,0,0,0,0,0,0,0,0,0,0,0,0,0,0,0,0,0,0,0,0,0,0,0,0,0,0,0,0,0,0,0,0,0,0,0,0,0,0,0,0,0,0,0,0,0,0,0,0,0,0,0,0,0,0,0,0,0,0,0,0,0,0,0,0,0,0,0,0,0,0,0,0,0,0,0,0,0,0,0,0,0,0,0,0,0,0,0,0,0,0,0,0,0,0,0,0,0,0,0,0,0,0,0,0,0,0,0,0,0,0,0,0,0,0,0,0,0,0.596036901661788,0.153756313726162,0.0955422534102162,0.242428780486699,0.129929711489652,0.0457631470987354,0.0053791892250545,0.0252964689884177,0.0383419269283658,0.118040692151467,0.0498222014496074,0.0110763571588698,0.0228832575306538,0.0811422762951563,0.0359339297249483,0.00406855298548154,0.0980870726575829,0.0401440076585893,0.0239172735610414,0.0114084298140771,0.00476280655699809,0.038947950121434,0.0469606384327024,0.0133633846775978,0.058970252803634,0.0186865664632777,0.0129376415781102,0.0202967619434669,0.0314619610059375,0.016947886509357,0.00831006953799706,0.017949614214344,0.00663965270819322,0.696529412287318,0,0,0,0,0,0,0,0,0,0,0,0,0,0,0,0,0,0,0,0,0,0,0,0,0,0,0,0,0,0,0,0,0,0,0,0,0,0,0,0
0,0,0,0,0,0,0,0,0,0,0,0,0,0,0,0,0,0,0,0,0,0,0,0,0,0,0,0,0,0,0,0,0,0,0,0,0,0,0,0,0,0,0,0,0,0,0,0,0,0,0,0,0,0,0,0,0,0,0,0,0,0,0,0,0,0,0,0,0,0,0,0,0,0,0,0,0,0,0,0,0,0,0,0,0,0,0,0,0,0,0,0,0,0,0,0,0,0,0,0,0,0,0,0,0,0,0,0,0,0,0,0,0,0,0,0,0,0,0,0,0,0,0,0,0,0,0.596036901661788,0.153756313726162,0.0955422534102162,0.242428780486699,0.129929711489652,0.0457631470987354,0.0053791892250545,0.0252964689884177,0.0383419269283658,0.118040692151467,0.0498222014496074,0.0110763571588698,0.0228832575306538,0.0811422762951563,0.0359339297249483,0.00406855298548154,0.0980870726575829,0.0401440076585893,0.0239172735610414,0.0114084298140771,0.0047628065569981,0.038947950121434,0.0469606384327025,0.0133633846775978,0.058970252803634,0.0186865664632777,0.0129376415781102,0.0202967619434669,0.0314619610059375,0.016947886509357,0.00831006953799706,0.017949614214344,0.00663965270819322,0.511120523700817,0.473190270856363,0,0,0,0,0,0,0,0,0,0,0,0,0,0,0,0,0,0,0,0,0,0,0,0,0,0,0,0,0,0,0,0,0,0,0,0,0,0,0
0,0,0,0,0,0,0,0,0,0,0,0,0,0,0,0,0,0,0,0,0,0,0,0,0,0,0,0,0,0,0,0,0,0,0,0,0,0,0,0,0,0,0,0,0,0,0,0,0,0,0,0,0,0,0,0,0,0,0,0,0,0,0,0,0,0,0,0,0,0,0,0,0,0,0,0,0,0,0,0,0,0,0,0,0,0,0,0,0,0,0,0,0,0,0,0,0,0,0,0,0,0,0,0,0,0,0,0,0,0,0,0,0,0,0,0,0,0,0,0,0,0,0,0,0,0,0.596036901661788,0.153756313726162,0.0955422534102162,0.242428780486699,0.129929711489652,0.0457631470987354,0.0053791892250545,0.0252964689884177,0.0383419269283658,0.118040692151467,0.0498222014496074,0.0110763571588698,0.0228832575306538,0.0811422762951563,0.0359339297249483,0.00406855298548154,0.0980870726575829,0.0401440076585893,0.0239172735610414,0.0114084298140771,0.0047628065569981,0.038947950121434,0.0469606384327025,0.0133633846775978,0.058970252803634,0.0186865664632777,0.0129376415781102,0.0202967619434669,0.0314619610059375,0.016947886509357,0.00831006953799706,0.017949614214344,0.00663965270819322,0.452045876264354,0.177123936543755,0.49943453930115,0,0,0,0,0,0,0,0,0,0,0,0,0,0,0,0,0,0,0,0,0,0,0,0,0,0,0,0,0,0,0,0,0,0,0,0,0,0
0,0,0,0,0,0,0,0,0,0,0,0,0,0,0,0,0,0,0,0,0,0,0,0,0,0,0,0,0,0,0,0,0,0,0,0,0,0,0,0,0,0,0,0,0,0,0,0,0,0,0,0,0,0,0,0,0,0,0,0,0,0,0,0,0,0,0,0,0,0,0,0,0,0,0,0,0,0,0,0,0,0,0,0,0,0,0,0,0,0,0,0,0,0,0,0,0,0,0,0,0,0,0,0,0,0,0,0,0,0,0,0,0,0,0,0,0,0,0,0,0,0,0,0,0,0,0.596036901661788,0.153756313726162,0.0955422534102162,0.242428780486699,0.129929711489652,0.0457631470987354,0.0053791892250545,0.0252964689884177,0.0383419269283658,0.118040692151467,0.0498222014496074,0.0110763571588698,0.0228832575306538,0.0811422762951563,0.0359339297249483,0.00406855298548154,0.0980870726575829,0.0401440076585893,0.0239172735610414,0.0114084298140771,0.0047628065569981,0.038947950121434,0.0469606384327025,0.0133633846775978,0.058970252803634,0.0186865664632777,0.0129376415781102,0.0202967619434669,0.0314619610059375,0.016947886509357,0.00831006953799706,0.017949614214344,0.00663965270819322,0.452045876264354,0.177123936543755,0.282270103393763,0.412017533300497,0,0,0,0,0,0,0,0,0,0,0,0,0,0,0,0,0,0,0,0,0,0,0,0,0,0,0,0,0,0,0,0,0,0,0,0,0
0,0,0,0,0,0,0,0,0,0,0,0,0,0,0,0,0,0,0,0,0,0,0,0,0,0,0,0,0,0,0,0,0,0,0,0,0,0,0,0,0,0,0,0,0,0,0,0,0,0,0,0,0,0,0,0,0,0,0,0,0,0,0,0,0,0,0,0,0,0,0,0,0,0,0,0,0,0,0,0,0,0,0,0,0,0,0,0,0,0,0,0,0,0,0,0,0,0,0,0,0,0,0,0,0,0,0,0,0,0,0,0,0,0,0,0,0,0,0,0,0,0,0,0,0,0,0.596036901661788,0.153756313726162,0.0955422534102162,0.242428780486699,0.129929711489652,0.0457631470987354,0.0053791892250545,0.0252964689884177,0.0383419269283658,0.118040692151467,0.0498222014496074,0.0110763571588698,0.0228832575306538,0.0811422762951563,0.0359339297249483,0.00406855298548154,0.0980870726575829,0.0401440076585893,0.0239172735610414,0.0114084298140771,0.0047628065569981,0.038947950121434,0.0469606384327025,0.0133633846775978,0.058970252803634,0.0186865664632777,0.0129376415781102,0.0202967619434669,0.0314619610059375,0.016947886509357,0.00831006953799706,0.017949614214344,0.00663965270819322,0.452045876264354,0.177123936543755,0.282270103393763,0.303901936318095,0.278212258624847,0,0,0,0,0,0,0,0,0,0,0,0,0,0,0,0,0,0,0,0,0,0,0,0,0,0,0,0,0,0,0,0,0,0,0,0
0,0,0,0,0,0,0,0,0,0,0,0,0,0,0,0,0,0,0,0,0,0,0,0,0,0,0,0,0,0,0,0,0,0,0,0,0,0,0,0,0,0,0,0,0,0,0,0,0,0,0,0,0,0,0,0,0,0,0,0,0,0,0,0,0,0,0,0,0,0,0,0,0,0,0,0,0,0,0,0,0,0,0,0,0,0,0,0,0,0,0,0,0,0,0,0,0,0,0,0,0,0,0,0,0,0,0,0,0,0,0,0,0,0,0,0,0,0,0,0,0,0,0,0,0,0,0.596036901661788,0.153756313726162,0.0955422534102162,0.242428780486699,0.129929711489652,0.0457631470987354,0.0053791892250545,0.0252964689884177,0.0383419269283658,0.118040692151467,0.0498222014496074,0.0110763571588698,0.0228832575306538,0.0811422762951563,0.0359339297249483,0.00406855298548154,0.0980870726575829,0.0401440076585893,0.0239172735610414,0.0114084298140771,0.0047628065569981,0.038947950121434,0.0469606384327025,0.0133633846775978,0.058970252803634,0.0186865664632777,0.0129376415781102,0.0202967619434669,0.0314619610059375,0.016947886509357,0.00831006953799706,0.017949614214344,0.00663965270819322,0.452045876264354,0.177123936543755,0.282270103393763,0.220132159159541,0.0855451874054602,0.337612649589066,0,0,0,0,0,0,0,0,0,0,0,0,0,0,0,0,0,0,0,0,0,0,0,0,0,0,0,0,0,0,0,0,0,0,0
0,0,0,0,0,0,0,0,0,0,0,0,0,0,0,0,0,0,0,0,0,0,0,0,0,0,0,0,0,0,0,0,0,0,0,0,0,0,0,0,0,0,0,0,0,0,0,0,0,0,0,0,0,0,0,0,0,0,0,0,0,0,0,0,0,0,0,0,0,0,0,0,0,0,0,0,0,0,0,0,0,0,0,0,0,0,0,0,0,0,0,0,0,0,0,0,0,0,0,0,0,0,0,0,0,0,0,0,0,0,0,0,0,0,0,0,0,0,0,0,0,0,0,0,0,0,0.596036901661788,0.153756313726162,0.0955422534102162,0.242428780486699,0.129929711489652,0.0457631470987354,0.0053791892250545,0.0252964689884177,0.0383419269283658,0.118040692151467,0.0498222014496074,0.0110763571588698,0.0228832575306538,0.0811422762951563,0.0359339297249483,0.00406855298548154,0.0980870726575829,0.0401440076585893,0.0239172735610414,0.0114084298140771,0.0047628065569981,0.038947950121434,0.0469606384327025,0.0133633846775978,0.058970252803634,0.0186865664632777,0.0129376415781102,0.0202967619434669,0.0314619610059375,0.016947886509357,0.00831006953799706,0.017949614214344,0.00663965270819322,0.452045876264354,0.177123936543755,0.282270103393763,0.220132159159541,0.0855451874054602,0.157509233932069,0.298618724109327,0,0,0,0,0,0,0,0,0,0,0,0,0,0,0,0,0,0,0,0,0,0,0,0,0,0,0,0,0,0,0,0,0,0
0,0,0,0,0,0,0,0,0,0,0,0,0,0,0,0,0,0,0,0,0,0,0,0,0,0,0,0,0,0,0,0,0,0,0,0,0,0,0,0,0,0,0,0,0,0,0,0,0,0,0,0,0,0,0,0,0,0,0,0,0,0,0,0,0,0,0,0,0,0,0,0,0,0,0,0,0,0,0,0,0,0,0,0,0,0,0,0,0,0,0,0,0,0,0,0,0,0,0,0,0,0,0,0,0,0,0,0,0,0,0,0,0,0,0,0,0,0,0,0,0,0,0,0,0,0,0.596036901661788,0.153756313726162,0.0955422534102162,0.242428780486699,0.129929711489652,0.0457631470987354,0.0053791892250545,0.0252964689884177,0.0383419269283658,0.118040692151467,0.0498222014496074,0.0110763571588698,0.0228832575306538,0.0811422762951563,0.0359339297249483,0.00406855298548154,0.0980870726575829,0.0401440076585893,0.0239172735610414,0.0114084298140771,0.0047628065569981,0.038947950121434,0.0469606384327025,0.0133633846775978,0.058970252803634,0.0186865664632777,0.0129376415781102,0.0202967619434669,0.0314619610059375,0.016947886509357,0.00831006953799706,0.017949614214344,0.00663965270819322,0.452045876264354,0.177123936543755,0.240666335982974,0.126849381085737,0.0492947242178345,0.0596056295650186,0.0359494452635707,0.410059318542251,0,0,0,0,0,0,0,0,0,0,0,0,0,0,0,0,0,0,0,0,0,0,0,0,0,0,0,0,0,0,0,0,0
0,0,0,0,0,0,0,0,0,0,0,0,0,0,0,0,0,0,0,0,0,0,0,0,0,0,0,0,0,0,0,0,0,0,0,0,0,0,0,0,0,0,0,0,0,0,0,0,0,0,0,0,0,0,0,0,0,0,0,0,0,0,0,0,0,0,0,0,0,0,0,0,0,0,0,0,0,0,0,0,0,0,0,0,0,0,0,0,0,0,0,0,0,0,0,0,0,0,0,0,0,0,0,0,0,0,0,0,0,0,0,0,0,0,0,0,0,0,0,0,0,0,0,0,0,0,0.596036901661788,0.153756313726162,0.0955422534102162,0.242428780486699,0.129929711489652,0.0457631470987354,0.0053791892250545,0.0252964689884177,0.0383419269283658,0.118040692151467,0.0498222014496074,0.0110763571588698,0.0228832575306538,0.0811422762951563,0.0359339297249483,0.00406855298548154,0.0980870726575829,0.0401440076585893,0.0239172735610414,0.0114084298140771,0.0047628065569981,0.038947950121434,0.0469606384327025,0.0133633846775978,0.058970252803634,0.0186865664632777,0.0129376415781102,0.0202967619434669,0.0314619610059375,0.016947886509357,0.00831006953799706,0.017949614214344,0.00663965270819322,0.452045876264354,0.177123936543755,0.240666335982974,0.126849381085737,0.0492947242178345,0.0596056295650186,0.0359494452635707,0.177687220088934,0.369561762822403,0,0,0,0,0,0,0,0,0,0,0,0,0,0,0,0,0,0,0,0,0,0,0,0,0,0,0,0,0,0,0,0
0,0,0,0,0,0,0,0,0,0,0,0,0,0,0,0,0,0,0,0,0,0,0,0,0,0,0,0,0,0,0,0,0,0,0,0,0,0,0,0,0,0,0,0,0,0,0,0,0,0,0,0,0,0,0,0,0,0,0,0,0,0,0,0,0,0,0,0,0,0,0,0,0,0,0,0,0,0,0,0,0,0,0,0,0,0,0,0,0,0,0,0,0,0,0,0,0,0,0,0,0,0,0,0,0,0,0,0,0,0,0,0,0,0,0,0,0,0,0,0,0,0,0,0,0,0,0.596036901661788,0.153756313726162,0.0955422534102162,0.242428780486699,0.129929711489652,0.0457631470987354,0.0053791892250545,0.0252964689884177,0.0383419269283658,0.118040692151467,0.0498222014496074,0.0110763571588698,0.0228832575306538,0.0811422762951563,0.0359339297249483,0.00406855298548154,0.0980870726575829,0.0401440076585893,0.0239172735610414,0.0114084298140771,0.0047628065569981,0.038947950121434,0.0469606384327025,0.0133633846775978,0.058970252803634,0.0186865664632777,0.0129376415781102,0.0202967619434669,0.0314619610059375,0.016947886509357,0.00831006953799706,0.017949614214344,0.00663965270819322,0.452045876264354,0.177123936543755,0.240666335982974,0.126849381085737,0.0492947242178345,0.0596056295650186,0.0359494452635707,0.177687220088934,0.27961770127734,0.241639892552488,0,0,0,0,0,0,0,0,0,0,0,0,0,0,0,0,0,0,0,0,0,0,0,0,0,0,0,0,0,0,0
0,0,0,0,0,0,0,0,0,0,0,0,0,0,0,0,0,0,0,0,0,0,0,0,0,0,0,0,0,0,0,0,0,0,0,0,0,0,0,0,0,0,0,0,0,0,0,0,0,0,0,0,0,0,0,0,0,0,0,0,0,0,0,0,0,0,0,0,0,0,0,0,0,0,0,0,0,0,0,0,0,0,0,0,0,0,0,0,0,0,0,0,0,0,0,0,0,0,0,0,0,0,0,0,0,0,0,0,0,0,0,0,0,0,0,0,0,0,0,0,0,0,0,0,0,0,0.596036901661788,0.153756313726162,0.0955422534102162,0.242428780486699,0.129929711489652,0.0457631470987354,0.0053791892250545,0.0252964689884177,0.0383419269283658,0.118040692151467,0.0498222014496074,0.0110763571588698,0.0228832575306538,0.0811422762951563,0.0359339297249483,0.00406855298548154,0.0980870726575829,0.0401440076585893,0.0239172735610414,0.0114084298140771,0.0047628065569981,0.038947950121434,0.0469606384327025,0.0133633846775978,0.058970252803634,0.0186865664632777,0.0129376415781102,0.0202967619434669,0.0314619610059375,0.016947886509357,0.00831006953799706,0.017949614214344,0.00663965270819322,0.135210263428858,0.0529790788438302,0.04739924544171,0.0249829911759542,0.00970859809968538,0.0117393313606596,0.00708024482352968,0.0186887518236762,0.0117510654932877,0.00437402345607624,0.678531574817537,0,0,0,0,0,0,0,0,0,0,0,0,0,0,0,0,0,0,0,0,0,0,0,0,0,0,0,0,0,0
0,0,0,0,0,0,0,0,0,0,0,0,0,0,0,0,0,0,0,0,0,0,0,0,0,0,0,0,0,0,0,0,0,0,0,0,0,0,0,0,0,0,0,0,0,0,0,0,0,0,0,0,0,0,0,0,0,0,0,0,0,0,0,0,0,0,0,0,0,0,0,0,0,0,0,0,0,0,0,0,0,0,0,0,0,0,0,0,0,0,0,0,0,0,0,0,0,0,0,0,0,0,0,0,0,0,0,0,0,0,0,0,0,0,0,0,0,0,0,0,0,0,0,0,0,0,0.596036901661788,0.153756313726162,0.0955422534102162,0.242428780486699,0.129929711489652,0.0457631470987354,0.0053791892250545,0.0252964689884177,0.0383419269283658,0.118040692151467,0.0498222014496074,0.0110763571588698,0.0228832575306538,0.0811422762951563,0.0359339297249483,0.00406855298548154,0.0980870726575829,0.0401440076585893,0.0239172735610414,0.0114084298140771,0.0047628065569981,0.038947950121434,0.0469606384327025,0.0133633846775978,0.058970252803634,0.0186865664632777,0.0129376415781102,0.0202967619434669,0.0314619610059375,0.016947886509357,0.00831006953799706,0.017949614214344,0.00663965270819322,0.135210263428858,0.0529790788438302,0.04739924544171,0.0249829911759542,0.00970859809968538,0.0117393313606596,0.00708024482352968,0.0186887518236762,0.0117510654932877,0.00437402345607624,0.588617277068893,0.33754229240255,0,0,0,0,0,0,0,0,0,0,0,0,0,0,0,0,0,0,0,0,0,0,0,0,0,0,0,0,0
0,0,0,0,0,0,0,0,0,0,0,0,0,0,0,0,0,0,0,0,0,0,0,0,0,0,0,0,0,0,0,0,0,0,0,0,0,0,0,0,0,0,0,0,0,0,0,0,0,0,0,0,0,0,0,0,0,0,0,0,0,0,0,0,0,0,0,0,0,0,0,0,0,0,0,0,0,0,0,0,0,0,0,0,0,0,0,0,0,0,0,0,0,0,0,0,0,0,0,0,0,0,0,0,0,0,0,0,0,0,0,0,0,0,0,0,0,0,0,0,0,0,0,0,0,0,0.596036901661788,0.153756313726162,0.0955422534102162,0.242428780486699,0.129929711489652,0.0457631470987354,0.0053791892250545,0.0252964689884177,0.0383419269283658,0.118040692151467,0.0498222014496074,0.0110763571588698,0.0228832575306538,0.0811422762951563,0.0359339297249483,0.00406855298548154,0.0980870726575829,0.0401440076585893,0.0239172735610414,0.0114084298140771,0.0047628065569981,0.038947950121434,0.0469606384327025,0.0133633846775978,0.058970252803634,0.0186865664632777,0.0129376415781102,0.0202967619434669,0.0314619610059375,0.016947886509357,0.00831006953799706,0.017949614214344,0.00663965270819322,0.135210263428858,0.0529790788438302,0.04739924544171,0.0249829911759542,0.00970859809968538,0.0117393313606596,0.00708024482352968,0.0186887518236762,0.0117510654932877,0.00437402345607624,0.473874363136057,0.126230346660235,0.468949981947754,0,0,0,0,0,0,0,0,0,0,0,0,0,0,0,0,0,0,0,0,0,0,0,0,0,0,0,0
0,0,0,0,0,0,0,0,0,0,0,0,0,0,0,0,0,0,0,0,0,0,0,0,0,0,0,0,0,0,0,0,0,0,0,0,0,0,0,0,0,0,0,0,0,0,0,0,0,0,0,0,0,0,0,0,0,0,0,0,0,0,0,0,0,0,0,0,0,0,0,0,0,0,0,0,0,0,0,0,0,0,0,0,0,0,0,0,0,0,0,0,0,0,0,0,0,0,0,0,0,0,0,0,0,0,0,0,0,0,0,0,0,0,0,0,0,0,0,0,0,0,0,0,0,0,0.596036901661788,0.153756313726162,0.0955422534102162,0.242428780486699,0.129929711489652,0.0457631470987354,0.0053791892250545,0.0252964689884177,0.0383419269283658,0.118040692151467,0.0498222014496074,0.0110763571588698,0.0228832575306538,0.0811422762951563,0.0359339297249483,0.00406855298548154,0.0980870726575829,0.0401440076585893,0.0239172735610414,0.0114084298140771,0.0047628065569981,0.038947950121434,0.0469606384327025,0.0133633846775978,0.058970252803634,0.0186865664632777,0.0129376415781102,0.0202967619434669,0.0314619610059375,0.016947886509357,0.00831006953799706,0.017949614214344,0.00663965270819322,0.135210263428858,0.0529790788438302,0.04739924544171,0.0249829911759542,0.00970859809968538,0.0117393313606596,0.00708024482352968,0.0186887518236762,0.0117510654932877,0.00437402345607624,0.473874363136057,0.126230346660235,0.306375264462225,0.355032791294692,0,0,0,0,0,0,0,0,0,0,0,0,0,0,0,0,0,0,0,0,0,0,0,0,0,0,0
0,0,0,0,0,0,0,0,0,0,0,0,0,0,0,0,0,0,0,0,0,0,0,0,0,0,0,0,0,0,0,0,0,0,0,0,0,0,0,0,0,0,0,0,0,0,0,0,0,0,0,0,0,0,0,0,0,0,0,0,0,0,0,0,0,0,0,0,0,0,0,0,0,0,0,0,0,0,0,0,0,0,0,0,0,0,0,0,0,0,0,0,0,0,0,0,0,0,0,0,0,0,0,0,0,0,0,0,0,0,0,0,0,0,0,0,0,0,0,0,0,0,0,0,0,0,0.596036901661788,0.153756313726162,0.0955422534102162,0.242428780486699,0.129929711489652,0.0457631470987354,0.0053791892250545,0.0252964689884177,0.0383419269283658,0.118040692151467,0.0498222014496074,0.0110763571588698,0.0228832575306538,0.0811422762951563,0.0359339297249483,0.00406855298548154,0.0980870726575829,0.0401440076585893,0.0239172735610414,0.0114084298140771,0.0047628065569981,0.038947950121434,0.0469606384327025,0.0133633846775978,0.058970252803634,0.0186865664632777,0.0129376415781102,0.0202967619434669,0.0314619610059375,0.016947886509357,0.00831006953799706,0.017949614214344,0.00663965270819322,0.135210263428858,0.0529790788438302,0.04739924544171,0.0249829911759542,0.00970859809968538,0.0117393313606596,0.00708024482352968,0.0186887518236762,0.0117510654932877,0.00437402345607624,0.382858206951127,0.101985521785404,0.139633282557599,0.0639401261517166,0.52899702398084,0,0,0,0,0,0,0,0,0,0,0,0,0,0,0,0,0,0,0,0,0,0,0,0,0,0
0,0,0,0,0,0,0,0,0,0,0,0,0,0,0,0,0,0,0,0,0,0,0,0,0,0,0,0,0,0,0,0,0,0,0,0,0,0,0,0,0,0,0,0,0,0,0,0,0,0,0,0,0,0,0,0,0,0,0,0,0,0,0,0,0,0,0,0,0,0,0,0,0,0,0,0,0,0,0,0,0,0,0,0,0,0,0,0,0,0,0,0,0,0,0,0,0,0,0,0,0,0,0,0,0,0,0,0,0,0,0,0,0,0,0,0,0,0,0,0,0,0,0,0,0,0,0.596036901661788,0.153756313726162,0.0955422534102162,0.242428780486699,0.129929711489652,0.0457631470987354,0.0053791892250545,0.0252964689884177,0.0383419269283658,0.118040692151467,0.0498222014496074,0.0110763571588698,0.0228832575306538,0.0811422762951563,0.0359339297249483,0.00406855298548154,0.0980870726575829,0.0401440076585893,0.0239172735610414,0.0114084298140771,0.0047628065569981,0.038947950121434,0.0469606384327025,0.0133633846775978,0.058970252803634,0.0186865664632777,0.0129376415781102,0.0202967619434669,0.0314619610059375,0.016947886509357,0.00831006953799706,0.017949614214344,0.00663965270819322,0.135210263428858,0.0529790788438302,0.04739924544171,0.0249829911759542,0.00970859809968538,0.0117393313606596,0.00708024482352968,0.0186887518236762,0.0117510654932877,0.00437402345607624,0.382858206951127,0.101985521785404,0.139633282557599,0.0639401261517166,0.423943051121415,0.316401865965501,0,0,0,0,0,0,0,0,0,0,0,0,0,0,0,0,0,0,0,0,0,0,0,0,0
0,0,0,0,0,0,0,0,0,0,0,0,0,0,0,0,0,0,0,0,0,0,0,0,0,0,0,0,0,0,0,0,0,0,0,0,0,0,0,0,0,0,0,0,0,0,0,0,0,0,0,0,0,0,0,0,0,0,0,0,0,0,0,0,0,0,0,0,0,0,0,0,0,0,0,0,0,0,0,0,0,0,0,0,0,0,0,0,0,0,0,0,0,0,0,0,0,0,0,0,0,0,0,0,0,0,0,0,0,0,0,0,0,0,0,0,0,0,0,0,0,0,0,0,0,0,0.596036901661788,0.153756313726162,0.0955422534102162,0.242428780486699,0.129929711489652,0.0457631470987354,0.0053791892250545,0.0252964689884177,0.0383419269283658,0.118040692151467,0.0498222014496074,0.0110763571588698,0.0228832575306538,0.0811422762951563,0.0359339297249483,0.00406855298548154,0.0980870726575829,0.0401440076585893,0.0239172735610414,0.0114084298140771,0.0047628065569981,0.038947950121434,0.0469606384327025,0.0133633846775978,0.058970252803634,0.0186865664632777,0.0129376415781102,0.0202967619434669,0.0314619610059375,0.016947886509357,0.00831006953799706,0.017949614214344,0.00663965270819322,0.135210263428858,0.0529790788438302,0.04739924544171,0.0249829911759542,0.00970859809968538,0.0117393313606596,0.00708024482352968,0.0186887518236762,0.0117510654932877,0.00437402345607624,0.378789669340711,0.10090174736561,0.138149434878649,0.0632606505564704,0.148152717855491,0.0491907073719275,0.509201524021532,0,0,0,0,0,0,0,0,0,0,0,0,0,0,0,0,0,0,0,0,0,0,0,0
0,0,0,0,0,0,0,0,0,0,0,0,0,0,0,0,0,0,0,0,0,0,0,0,0,0,0,0,0,0,0,0,0,0,0,0,0,0,0,0,0,0,0,0,0,0,0,0,0,0,0,0,0,0,0,0,0,0,0,0,0,0,0,0,0,0,0,0,0,0,0,0,0,0,0,0,0,0,0,0,0,0,0,0,0,0,0,0,0,0,0,0,0,0,0,0,0,0,0,0,0,0,0,0,0,0,0,0,0,0,0,0,0,0,0,0,0,0,0,0,0,0,0,0,0,0,0.596036901661788,0.153756313726162,0.0955422534102162,0.242428780486699,0.129929711489652,0.0457631470987354,0.0053791892250545,0.0252964689884177,0.0383419269283658,0.118040692151467,0.0498222014496074,0.0110763571588698,0.0228832575306538,0.0811422762951563,0.0359339297249483,0.00406855298548154,0.0980870726575829,0.0401440076585893,0.0239172735610414,0.0114084298140771,0.0047628065569981,0.038947950121434,0.0469606384327025,0.0133633846775978,0.058970252803634,0.0186865664632777,0.0129376415781102,0.0202967619434669,0.0314619610059375,0.016947886509357,0.00831006953799706,0.017949614214344,0.00663965270819322,0.135210263428858,0.0529790788438302,0.04739924544171,0.0249829911759542,0.00970859809968538,0.0117393313606596,0.00708024482352968,0.0186887518236762,0.0117510654932877,0.00437402345607624,0.378789669340711,0.10090174736561,0.138149434878649,0.0632606505564704,0.148152717855491,0.0491907073719275,0.27721461544542,0.427127907130052,0,0,0,0,0,0,0,0,0,0,0,0,0,0,0,0,0,0,0,0,0,0,0
0,0,0,0,0,0,0,0,0,0,0,0,0,0,0,0,0,0,0,0,0,0,0,0,0,0,0,0,0,0,0,0,0,0,0,0,0,0,0,0,0,0,0,0,0,0,0,0,0,0,0,0,0,0,0,0,0,0,0,0,0,0,0,0,0,0,0,0,0,0,0,0,0,0,0,0,0,0,0,0,0,0,0,0,0,0,0,0,0,0,0,0,0,0,0,0,0,0,0,0,0,0,0,0,0,0,0,0,0,0,0,0,0,0,0,0,0,0,0,0,0,0,0,0,0,0,0.596036901661788,0.153756313726162,0.0955422534102162,0.242428780486699,0.129929711489652,0.0457631470987354,0.0053791892250545,0.0252964689884177,0.0383419269283658,0.118040692151467,0.0498222014496074,0.0110763571588698,0.0228832575306538,0.0811422762951563,0.0359339297249483,0.00406855298548154,0.0980870726575829,0.0401440076585893,0.0239172735610414,0.0114084298140771,0.0047628065569981,0.038947950121434,0.0469606384327025,0.0133633846775978,0.058970252803634,0.0186865664632777,0.0129376415781102,0.0202967619434669,0.0314619610059375,0.016947886509357,0.00831006953799706,0.017949614214344,0.00663965270819322,0.135210263428858,0.0529790788438302,0.04739924544171,0.0249829911759542,0.00970859809968538,0.0117393313606596,0.00708024482352968,0.0186887518236762,0.0117510654932877,0.00437402345607624,0.378789669340711,0.10090174736561,0.138149434878649,0.0632606505564704,0.148152717855491,0.0491907073719275,0.140114348033322,0.0761006103904859,0.483593691655757,0,0,0,0,0,0,0,0,0,0,0,0,0,0,0,0,0,0,0,0,0,0
0,0,0,0,0,0,0,0,0,0,0,0,0,0,0,0,0,0,0,0,0,0,0,0,0,0,0,0,0,0,0,0,0,0,0,0,0,0,0,0,0,0,0,0,0,0,0,0,0,0,0,0,0,0,0,0,0,0,0,0,0,0,0,0,0,0,0,0,0,0,0,0,0,0,0,0,0,0,0,0,0,0,0,0,0,0,0,0,0,0,0,0,0,0,0,0,0,0,0,0,0,0,0,0,0,0,0,0,0,0,0,0,0,0,0,0,0,0,0,0,0,0,0,0,0,0,0.596036901661788,0.153756313726162,0.0955422534102162,0.242428780486699,0.129929711489652,0.0457631470987354,0.0053791892250545,0.0252964689884177,0.0383419269283658,0.118040692151467,0.0498222014496074,0.0110763571588698,0.0228832575306538,0.0811422762951563,0.0359339297249483,0.00406855298548154,0.0980870726575829,0.0401440076585893,0.0239172735610414,0.0114084298140771,0.0047628065569981,0.038947950121434,0.0469606384327025,0.0133633846775978,0.058970252803634,0.0186865664632777,0.0129376415781102,0.0202967619434669,0.0314619610059375,0.016947886509357,0.00831006953799706,0.017949614214344,0.00663965270819322,0.135210263428858,0.0529790788438302,0.04739924544171,0.0249829911759542,0.00970859809968538,0.0117393313606596,0.00708024482352968,0.0186887518236762,0.0117510654932877,0.00437402345607624,0.378789669340711,0.10090174736561,0.138149434878649,0.0632606505564704,0.148152717855491,0.0491907073719275,0.140114348033322,0.0761006103904859,0.390297614766242,0.285535690443464,0,0,0,0,0,0,0,0,0,0,0,0,0,0,0,0,0,0,0,0,0
0,0,0,0,0,0,0,0,0,0,0,0,0,0,0,0,0,0,0,0,0,0,0,0,0,0,0,0,0,0,0,0,0,0,0,0,0,0,0,0,0,0,0,0,0,0,0,0,0,0,0,0,0,0,0,0,0,0,0,0,0,0,0,0,0,0,0,0,0,0,0,0,0,0,0,0,0,0,0,0,0,0,0,0,0,0,0,0,0,0,0,0,0,0,0,0,0,0,0,0,0,0,0,0,0,0,0,0,0,0,0,0,0,0,0,0,0,0,0,0,0,0,0,0,0,0,0.596036901661788,0.153756313726162,0.0955422534102162,0.242428780486699,0.129929711489652,0.0457631470987354,0.0053791892250545,0.0252964689884177,0.0383419269283658,0.118040692151467,0.0498222014496074,0.0110763571588698,0.0228832575306538,0.0811422762951563,0.0359339297249483,0.00406855298548154,0.0980870726575829,0.0401440076585893,0.0239172735610414,0.0114084298140771,0.0047628065569981,0.038947950121434,0.0469606384327025,0.0133633846775978,0.058970252803634,0.0186865664632777,0.0129376415781102,0.0202967619434669,0.0314619610059375,0.016947886509357,0.00831006953799706,0.017949614214344,0.00663965270819322,0.135210263428858,0.0529790788438302,0.04739924544171,0.0249829911759542,0.00970859809968538,0.0117393313606596,0.00708024482352968,0.0186887518236762,0.0117510654932877,0.00437402345607624,0.378789669340711,0.10090174736561,0.138149434878649,0.0632606505564704,0.148152717855491,0.0491907073719275,0.140114348033322,0.0761006103904859,0.299946413822325,0.0980046439842264,0.366456132711536,0,0,0,0,0,0,0,0,0,0,0,0,0,0,0,0,0,0,0,0
0,0,0,0,0,0,0,0,0,0,0,0,0,0,0,0,0,0,0,0,0,0,0,0,0,0,0,0,0,0,0,0,0,0,0,0,0,0,0,0,0,0,0,0,0,0,0,0,0,0,0,0,0,0,0,0,0,0,0,0,0,0,0,0,0,0,0,0,0,0,0,0,0,0,0,0,0,0,0,0,0,0,0,0,0,0,0,0,0,0,0,0,0,0,0,0,0,0,0,0,0,0,0,0,0,0,0,0,0,0,0,0,0,0,0,0,0,0,0,0,0,0,0,0,0,0,0.596036901661788,0.153756313726162,0.0955422534102162,0.242428780486699,0.129929711489652,0.0457631470987354,0.0053791892250545,0.0252964689884177,0.0383419269283658,0.118040692151467,0.0498222014496074,0.0110763571588698,0.0228832575306538,0.0811422762951563,0.0359339297249483,0.00406855298548154,0.0980870726575829,0.0401440076585893,0.0239172735610414,0.0114084298140771,0.0047628065569981,0.038947950121434,0.0469606384327025,0.0133633846775978,0.058970252803634,0.0186865664632777,0.0129376415781102,0.0202967619434669,0.0314619610059375,0.016947886509357,0.00831006953799706,0.017949614214344,0.00663965270819322,0.135210263428858,0.0529790788438302,0.04739924544171,0.0249829911759542,0.00970859809968538,0.0117393313606596,0.00708024482352968,0.0186887518236762,0.0117510654932877,0.00437402345607624,0.378789669340711,0.10090174736561,0.138149434878649,0.0632606505564704,0.148152717855491,0.0491907073719275,0.140114348033322,0.0761006103904859,0.186577937752488,0.0609625703862398,0.0771986408185509,0.435172915759866,0,0,0,0,0,0,0,0,0,0,0,0,0,0,0,0,0,0,0
0,0,0,0,0,0,0,0,0,0,0,0,0,0,0,0,0,0,0,0,0,0,0,0,0,0,0,0,0,0,0,0,0,0,0,0,0,0,0,0,0,0,0,0,0,0,0,0,0,0,0,0,0,0,0,0,0,0,0,0,0,0,0,0,0,0,0,0,0,0,0,0,0,0,0,0,0,0,0,0,0,0,0,0,0,0,0,0,0,0,0,0,0,0,0,0,0,0,0,0,0,0,0,0,0,0,0,0,0,0,0,0,0,0,0,0,0,0,0,0,0,0,0,0,0,0,0.596036901661788,0.153756313726162,0.0955422534102162,0.242428780486699,0.129929711489652,0.0457631470987354,0.0053791892250545,0.0252964689884177,0.0383419269283658,0.118040692151467,0.0498222014496074,0.0110763571588698,0.0228832575306538,0.0811422762951563,0.0359339297249483,0.00406855298548154,0.0980870726575829,0.0401440076585893,0.0239172735610414,0.0114084298140771,0.0047628065569981,0.038947950121434,0.0469606384327025,0.0133633846775978,0.058970252803634,0.0186865664632777,0.0129376415781102,0.0202967619434669,0.0314619610059375,0.016947886509357,0.00831006953799706,0.017949614214344,0.00663965270819322,0.135210263428858,0.0529790788438302,0.04739924544171,0.0249829911759542,0.00970859809968538,0.0117393313606596,0.00708024482352968,0.0186887518236762,0.0117510654932877,0.00437402345607624,0.159215097383519,0.0424116147648491,0.0580677814312244,0.0265900879937506,0.0622724200531932,0.0206761268812245,0.0461447786073649,0.0250627139022135,0.0312745150686518,0.0102186509784316,0.0129401690502232,0.0176185251913541,0.648501960268571,0,0,0,0,0,0,0,0,0,0,0,0,0,0,0,0,0,0
0,0,0,0,0,0,0,0,0,0,0,0,0,0,0,0,0,0,0,0,0,0,0,0,0,0,0,0,0,0,0,0,0,0,0,0,0,0,0,0,0,0,0,0,0,0,0,0,0,0,0,0,0,0,0,0,0,0,0,0,0,0,0,0,0,0,0,0,0,0,0,0,0,0,0,0,0,0,0,0,0,0,0,0,0,0,0,0,0,0,0,0,0,0,0,0,0,0,0,0,0,0,0,0,0,0,0,0,0,0,0,0,0,0,0,0,0,0,0,0,0,0,0,0,0,0,0.596036901661788,0.153756313726162,0.0955422534102162,0.242428780486699,0.129929711489652,0.0457631470987354,0.0053791892250545,0.0252964689884177,0.0383419269283658,0.118040692151467,0.0498222014496074,0.0110763571588698,0.0228832575306538,0.0811422762951563,0.0359339297249483,0.00406855298548154,0.0980870726575829,0.0401440076585893,0.0239172735610414,0.0114084298140771,0.0047628065569981,0.038947950121434,0.0469606384327025,0.0133633846775978,0.058970252803634,0.0186865664632777,0.0129376415781102,0.0202967619434669,0.0314619610059375,0.016947886509357,0.00831006953799706,0.017949614214344,0.00663965270819322,0.135210263428858,0.0529790788438302,0.04739924544171,0.0249829911759542,0.00970859809968538,0.0117393313606596,0.00708024482352968,0.0186887518236762,0.0117510654932877,0.00437402345607624,0.159215097383519,0.0424116147648491,0.0580677814312244,0.0265900879937506,0.0622724200531932,0.0206761268812245,0.0461447786073649,0.0250627139022135,0.0312745150686518,0.0102186509784316,0.0129401690502232,0.0176185251913541,0.47236436855999,0.444327239506089,0,0,0,0,0,0,0,0,0,0,0,0,0,0,0,0,0
0,0,0,0,0,0,0,0,0,0,0,0,0,0,0,0,0,0,0,0,0,0,0,0,0,0,0,0,0,0,0,0,0,0,0,0,0,0,0,0,0,0,0,0,0,0,0,0,0,0,0,0,0,0,0,0,0,0,0,0,0,0,0,0,0,0,0,0,0,0,0,0,0,0,0,0,0,0,0,0,0,0,0,0,0,0,0,0,0,0,0,0,0,0,0,0,0,0,0,0,0,0,0,0,0,0,0,0,0,0,0,0,0,0,0,0,0,0,0,0,0,0,0,0,0,0,0.596036901661788,0.153756313726162,0.0955422534102162,0.242428780486699,0.129929711489652,0.0457631470987354,0.0053791892250545,0.0252964689884177,0.0383419269283658,0.118040692151467,0.0498222014496074,0.0110763571588698,0.0228832575306538,0.0811422762951563,0.0359339297249483,0.00406855298548154,0.0980870726575829,0.0401440076585893,0.0239172735610414,0.0114084298140771,0.0047628065569981,0.038947950121434,0.0469606384327025,0.0133633846775978,0.058970252803634,0.0186865664632777,0.0129376415781102,0.0202967619434669,0.0314619610059375,0.016947886509357,0.00831006953799706,0.017949614214344,0.00663965270819322,0.135210263428858,0.0529790788438302,0.04739924544171,0.0249829911759542,0.00970859809968538,0.0117393313606596,0.00708024482352968,0.0186887518236762,0.0117510654932877,0.00437402345607624,0.159215097383519,0.0424116147648491,0.0580677814312244,0.0265900879937506,0.0622724200531932,0.0206761268812245,0.0461447786073649,0.0250627139022135,0.0312745150686518,0.0102186509784316,0.0129401690502232,0.0176185251913541,0.47236436855999,0.258558938125887,0.361350205870032,0,0,0,0,0,0,0,0,0,0,0,0,0,0,0,0
0,0,0,0,0,0,0,0,0,0,0,0,0,0,0,0,0,0,0,0,0,0,0,0,0,0,0,0,0,0,0,0,0,0,0,0,0,0,0,0,0,0,0,0,0,0,0,0,0,0,0,0,0,0,0,0,0,0,0,0,0,0,0,0,0,0,0,0,0,0,0,0,0,0,0,0,0,0,0,0,0,0,0,0,0,0,0,0,0,0,0,0,0,0,0,0,0,0,0,0,0,0,0,0,0,0,0,0,0,0,0,0,0,0,0,0,0,0,0,0,0,0,0,0,0,0,0.596036901661788,0.153756313726162,0.0955422534102162,0.242428780486699,0.129929711489652,0.0457631470987354,0.0053791892250545,0.0252964689884177,0.0383419269283658,0.118040692151467,0.0498222014496074,0.0110763571588698,0.0228832575306538,0.0811422762951563,0.0359339297249483,0.00406855298548154,0.0980870726575829,0.0401440076585893,0.0239172735610414,0.0114084298140771,0.0047628065569981,0.038947950121434,0.0469606384327025,0.0133633846775978,0.058970252803634,0.0186865664632777,0.0129376415781102,0.0202967619434669,0.0314619610059375,0.016947886509357,0.00831006953799706,0.017949614214344,0.00663965270819322,0.135210263428858,0.0529790788438302,0.04739924544171,0.0249829911759542,0.00970859809968538,0.0117393313606596,0.00708024482352968,0.0186887518236762,0.0117510654932877,0.00437402345607624,0.159215097383519,0.0424116147648491,0.0580677814312244,0.0265900879937506,0.0622724200531932,0.0206761268812245,0.0461447786073649,0.0250627139022135,0.0312745150686518,0.0102186509784316,0.0129401690502232,0.0176185251913541,0.47236436855999,0.258558938125887,0.164971171384238,0.321494142861775,0,0,0,0,0,0,0,0,0,0,0,0,0,0,0
0,0,0,0,0,0,0,0,0,0,0,0,0,0,0,0,0,0,0,0,0,0,0,0,0,0,0,0,0,0,0,0,0,0,0,0,0,0,0,0,0,0,0,0,0,0,0,0,0,0,0,0,0,0,0,0,0,0,0,0,0,0,0,0,0,0,0,0,0,0,0,0,0,0,0,0,0,0,0,0,0,0,0,0,0,0,0,0,0,0,0,0,0,0,0,0,0,0,0,0,0,0,0,0,0,0,0,0,0,0,0,0,0,0,0,0,0,0,0,0,0,0,0,0,0,0,0.564372821101693,0.145588107544842,0.0904666320846917,0.229549906017661,0.123027278367998,0.0433320090729222,0.00509342322550784,0.0239526101942693,0.0363050364947296,0.111769855605554,0.0471754287481467,0.010487932743514,0.0216675990573146,0.0768316445770933,0.0340249626081821,0.00385241370092363,0.0928762594312973,0.0380113828345848,0.0226466836450426,0.0108023642505357,0.00450978549388527,0.0368788650918708,0.0444658844429061,0.0126534633827799,0.0558374957038346,0.0176938545284375,0.0122503376141362,0.0192185093998824,0.0297905643774853,0.0160475408390479,0.00786860238960825,0.0169960523980857,0.00628692538936929,0.110371434362281,0.0432465463412292,0.0386917573742022,0.0203934856779649,0.00792507810232171,0.00958275509471102,0.00577956700173324,0.0152555308518066,0.00959233360610738,0.00357049258346729,0.0835262314367699,0.02224966356,0.0304630844093953,0.01394949273146,0.0326688904191142,0.0108469547642028,0.0242081280035461,0.0131482131797291,0.0164070017644405,0.00536083211091516,0.00678857453019248,0.00924289867538617,0.0551566823462125,0.021864887702803,0.0112406274645364,0.00686613929837357,0.712214911300745,0,0,0,0,0,0,0,0,0,0,0,0,0,0
0,0,0,0,0,0,0,0,0,0,0,0,0,0,0,0,0,0,0,0,0,0,0,0,0,0,0,0,0,0,0,0,0,0,0,0,0,0,0,0,0,0,0,0,0,0,0,0,0,0,0,0,0,0,0,0,0,0,0,0,0,0,0,0,0,0,0,0,0,0,0,0,0,0,0,0,0,0,0,0,0,0,0,0,0,0,0,0,0,0,0,0,0,0,0,0,0,0,0,0,0,0,0,0,0,0,0,0,0,0,0,0,0,0,0,0,0,0,0,0,0,0,0,0,0,0,0.564372821101693,0.145588107544842,0.0904666320846917,0.229549906017661,0.123027278367998,0.0433320090729222,0.00509342322550784,0.0239526101942693,0.0363050364947296,0.111769855605554,0.0471754287481467,0.010487932743514,0.0216675990573146,0.0768316445770933,0.0340249626081821,0.00385241370092363,0.0928762594312973,0.0380113828345848,0.0226466836450426,0.0108023642505357,0.00450978549388527,0.0368788650918708,0.0444658844429061,0.0126534633827799,0.0558374957038346,0.0176938545284375,0.0122503376141362,0.0192185093998824,0.0297905643774853,0.0160475408390479,0.00786860238960825,0.0169960523980857,0.00628692538936929,0.110371434362281,0.0432465463412292,0.0386917573742022,0.0203934856779649,0.00792507810232171,0.00958275509471102,0.00577956700173324,0.0152555308518066,0.00959233360610738,0.00357049258346729,0.0835262314367699,0.02224966356,0.0304630844093953,0.01394949273146,0.0326688904191142,0.0108469547642028,0.0242081280035461,0.0131482131797291,0.0164070017644405,0.00536083211091516,0.00678857453019248,0.00924289867538617,0.0551566823462125,0.021864887702803,0.0112406274645364,0.00686613929837357,0.590241439934716,0.398578878596095,0,0,0,0,0,0,0,0,0,0,0,0,0
0,0,0,0,0,0,0,0,0,0,0,0,0,0,0,0,0,0,0,0,0,0,0,0,0,0,0,0,0,0,0,0,0,0,0,0,0,0,0,0,0,0,0,0,0,0,0,0,0,0,0,0,0,0,0,0,0,0,0,0,0,0,0,0,0,0,0,0,0,0,0,0,0,0,0,0,0,0,0,0,0,0,0,0,0,0,0,0,0,0,0,0,0,0,0,0,0,0,0,0,0,0,0,0,0,0,0,0,0,0,0,0,0,0,0,0,0,0,0,0,0,0,0,0,0,0,0.564372821101693,0.145588107544842,0.0904666320846917,0.229549906017661,0.123027278367998,0.0433320090729222,0.00509342322550784,0.0239526101942693,0.0363050364947296,0.111769855605554,0.0471754287481467,0.010487932743514,0.0216675990573146,0.0768316445770933,0.0340249626081821,0.00385241370092363,0.0928762594312973,0.0380113828345848,0.0226466836450426,0.0108023642505357,0.00450978549388527,0.0368788650918708,0.0444658844429061,0.0126534633827799,0.0558374957038346,0.0176938545284375,0.0122503376141362,0.0192185093998824,0.0297905643774853,0.0160475408390479,0.00786860238960825,0.0169960523980857,0.00628692538936929,0.110371434362281,0.0432465463412292,0.0386917573742022,0.0203934856779649,0.00792507810232171,0.00958275509471102,0.00577956700173324,0.0152555308518066,0.00959233360610738,0.00357049258346729,0.0835262314367699,0.02224966356,0.0304630844093953,0.01394949273146,0.0326688904191142,0.0108469547642028,0.0242081280035461,0.0131482131797291,0.0164070017644405,0.00536083211091516,0.00678857453019248,0.00924289867538617,0.0551566823462125,0.021864887702803,0.0112406274645364,0.00686613929837357,0.478814355187133,0.146527204973258,0.506474749003918,0,0,0,0,0,0,0,0,0,0,0,0
0,0,0,0,0,0,0,0,0,0,0,0,0,0,0,0,0,0,0,0,0,0,0,0,0,0,0,0,0,0,0,0,0,0,0,0,0,0,0,0,0,0,0,0,0,0,0,0,0,0,0,0,0,0,0,0,0,0,0,0,0,0,0,0,0,0,0,0,0,0,0,0,0,0,0,0,0,0,0,0,0,0,0,0,0,0,0,0,0,0,0,0,0,0,0,0,0,0,0,0,0,0,0,0,0,0,0,0,0,0,0,0,0,0,0,0,0,0,0,0,0,0,0,0,0,0,0.414697328501244,0.106977155885256,0.0664742688543937,0.168671717035224,0.0903996113285453,0.0318400669367007,0.00374261290687437,0.0176002158268449,0.0266766950543703,0.0821277332882784,0.0346641856965541,0.00770646198331416,0.0159212051114796,0.0564553723339852,0.0250013121971821,0.00283072750905336,0.0682448467170382,0.0279305067940188,0.0166406298387635,0.00793750412617284,0.00331375985253355,0.0270983404230958,0.0326732308829513,0.00929767923778461,0.0410290138589213,0.0130013245313784,0.00900146515188974,0.0141216306099744,0.0218899050414432,0.0117916243769093,0.00578179577046125,0.0124885842496715,0.00461959021763082,0.0811001828251419,0.0317772694999808,0.0284304414000276,0.0149849952252689,0.0058232937418585,0.00704134357444949,0.00424678670888875,0.0112096607996872,0.00704838179978312,0.00262357378037273,0.0613745094403895,0.0163489021678471,0.0223840682083587,0.0102499928299021,0.0240048795323994,0.0079702689337661,0.0177879685834088,0.0096612180394421,0.0120557538315664,0.00393910314568395,0.00498819861046275,0.00679161937814095,0.0405287568124131,0.0160661714726661,0.00825953696905793,0.00504519267705817,0.0738934582596724,0.022612943382548,0.0275104788309878,0.852775181561553,0,0,0,0,0,0,0,0,0,0,0
0,0,0,0,0,0,0,0,0,0,0,0,0,0,0,0,0,0,0,0,0,0,0,0,0,0,0,0,0,0,0,0,0,0,0,0,0,0,0,0,0,0,0,0,0,0,0,0,0,0,0,0,0,0,0,0,0,0,0,0,0,0,0,0,0,0,0,0,0,0,0,0,0,0,0,0,0,0,0,0,0,0,0,0,0,0,0,0,0,0,0,0,0,0,0,0,0,0,0,0,0,0,0,0,0,0,0,0,0,0,0,0,0,0,0,0,0,0,0,0,0,0,0,0,0,0,0.414697328501244,0.106977155885256,0.0664742688543937,0.168671717035224,0.0903996113285453,0.0318400669367007,0.00374261290687437,0.0176002158268449,0.0266766950543703,0.0821277332882784,0.0346641856965541,0.00770646198331416,0.0159212051114796,0.0564553723339852,0.0250013121971821,0.00283072750905336,0.0682448467170382,0.0279305067940188,0.0166406298387635,0.00793750412617284,0.00331375985253355,0.0270983404230958,0.0326732308829513,0.00929767923778461,0.0410290138589213,0.0130013245313784,0.00900146515188974,0.0141216306099744,0.0218899050414432,0.0117916243769093,0.00578179577046125,0.0124885842496715,0.00461959021763082,0.0811001828251419,0.0317772694999808,0.0284304414000276,0.0149849952252689,0.0058232937418585,0.00704134357444949,0.00424678670888875,0.0112096607996872,0.00704838179978312,0.00262357378037273,0.0613745094403895,0.0163489021678471,0.0223840682083587,0.0102499928299021,0.0240048795323994,0.0079702689337661,0.0177879685834088,0.0096612180394421,0.0120557538315664,0.00393910314568395,0.00498819861046275,0.00679161937814095,0.0405287568124131,0.0160661714726661,0.00825953696905793,0.00504519267705817,0.0738934582596724,0.022612943382548,0.0275104788309878,0.723052392141919,0.452129128131764,0,0,0,0,0,0,0,0,0,0
0,0,0,0,0,0,0,0,0,0,0,0,0,0,0,0,0,0,0,0,0,0,0,0,0,0,0,0,0,0,0,0,0,0,0,0,0,0,0,0,0,0,0,0,0,0,0,0,0,0,0,0,0,0,0,0,0,0,0,0,0,0,0,0,0,0,0,0,0,0,0,0,0,0,0,0,0,0,0,0,0,0,0,0,0,0,0,0,0,0,0,0,0,0,0,0,0,0,0,0,0,0,0,0,0,0,0,0,0,0,0,0,0,0,0,0,0,0,0,0,0,0,0,0,0,0,0.414697328501244,0.106977155885256,0.0664742688543937,0.168671717035224,0.0903996113285453,0.0318400669367007,0.00374261290687437,0.0176002158268449,0.0266766950543703,0.0821277332882784,0.0346641856965541,0.00770646198331416,0.0159212051114796,0.0564553723339852,0.0250013121971821,0.00283072750905336,0.0682448467170382,0.0279305067940188,0.0166406298387635,0.00793750412617284,0.00331375985253355,0.0270983404230958,0.0326732308829513,0.00929767923778461,0.0410290138589213,0.0130013245313784,0.00900146515188974,0.0141216306099744,0.0218899050414432,0.0117916243769093,0.00578179577046125,0.0124885842496715,0.00461959021763082,0.0811001828251419,0.0317772694999808,0.0284304414000276,0.0149849952252689,0.0058232937418585,0.00704134357444949,0.00424678670888875,0.0112096607996872,0.00704838179978312,0.00262357378037273,0.0613745094403895,0.0163489021678471,0.0223840682083587,0.0102499928299021,0.0240048795323994,0.0079702689337661,0.0177879685834088,0.0096612180394421,0.0120557538315664,0.00393910314568395,0.00498819861046275,0.00679161937814095,0.0405287568124131,0.0160661714726661,0.00825953696905793,0.00504519267705817,0.0738934582596724,0.022612943382548,0.0275104788309878,0.597968586930005,0.171566369551114,0.583287287861928,0,0,0,0,0,0,0,0,0
0,0,0,0,0,0,0,0,0,0,0,0,0,0,0,0,0,0,0,0,0,0,0,0,0,0,0,0,0,0,0,0,0,0,0,0,0,0,0,0,0,0,0,0,0,0,0,0,0,0,0,0,0,0,0,0,0,0,0,0,0,0,0,0,0,0,0,0,0,0,0,0,0,0,0,0,0,0,0,0,0,0,0,0,0,0,0,0,0,0,0,0,0,0,0,0,0,0,0,0,0,0,0,0,0,0,0,0,0,0,0,0,0,0,0,0,0,0,0,0,0,0,0,0,0,0,0.414697328501244,0.106977155885256,0.0664742688543937,0.168671717035224,0.0903996113285453,0.0318400669367007,0.00374261290687437,0.0176002158268449,0.0266766950543703,0.0821277332882784,0.0346641856965541,0.00770646198331416,0.0159212051114796,0.0564553723339852,0.0250013121971821,0.00283072750905336,0.0682448467170382,0.0279305067940188,0.0166406298387635,0.00793750412617284,0.00331375985253355,0.0270983404230958,0.0326732308829513,0.00929767923778461,0.0410290138589213,0.0130013245313784,0.00900146515188974,0.0141216306099744,0.0218899050414432,0.0117916243769093,0.00578179577046125,0.0124885842496715,0.00461959021763082,0.0811001828251419,0.0317772694999808,0.0284304414000276,0.0149849952252689,0.0058232937418585,0.00704134357444949,0.00424678670888875,0.0112096607996872,0.00704838179978312,0.00262357378037273,0.0613745094403895,0.0163489021678471,0.0223840682083587,0.0102499928299021,0.0240048795323994,0.0079702689337661,0.0177879685834088,0.0096612180394421,0.0120557538315664,0.00393910314568395,0.00498819861046275,0.00679161937814095,0.0405287568124131,0.0160661714726661,0.00825953696905793,0.00504519267705817,0.0738934582596724,0.022612943382548,0.0275104788309878,0.597968586930005,0.171566369551114,0.457928597690528,0.361283074054834,0,0,0,0,0,0,0,0
0,0,0,0,0,0,0,0,0,0,0,0,0,0,0,0,0,0,0,0,0,0,0,0,0,0,0,0,0,0,0,0,0,0,0,0,0,0,0,0,0,0,0,0,0,0,0,0,0,0,0,0,0,0,0,0,0,0,0,0,0,0,0,0,0,0,0,0,0,0,0,0,0,0,0,0,0,0,0,0,0,0,0,0,0,0,0,0,0,0,0,0,0,0,0,0,0,0,0,0,0,0,0,0,0,0,0,0,0,0,0,0,0,0,0,0,0,0,0,0,0,0,0,0,0,0,0.414697328501244,0.106977155885256,0.0664742688543937,0.168671717035224,0.0903996113285453,0.0318400669367007,0.00374261290687437,0.0176002158268449,0.0266766950543703,0.0821277332882784,0.0346641856965541,0.00770646198331416,0.0159212051114796,0.0564553723339852,0.0250013121971821,0.00283072750905336,0.0682448467170382,0.0279305067940188,0.0166406298387635,0.00793750412617284,0.00331375985253355,0.0270983404230958,0.0326732308829513,0.00929767923778461,0.0410290138589213,0.0130013245313784,0.00900146515188974,0.0141216306099744,0.0218899050414432,0.0117916243769093,0.00578179577046125,0.0124885842496715,0.00461959021763082,0.0811001828251419,0.0317772694999808,0.0284304414000276,0.0149849952252689,0.00582329374185849,0.00704134357444948,0.00424678670888874,0.0112096607996871,0.00704838179978311,0.00262357378037272,0.0613745094403895,0.0163489021678471,0.0223840682083587,0.0102499928299021,0.0240048795323994,0.0079702689337661,0.0177879685834088,0.0096612180394421,0.0120557538315664,0.00393910314568395,0.00498819861046275,0.00679161937814095,0.0405287568124131,0.0160661714726661,0.00825953696905793,0.00504519267705818,0.0738934582596724,0.022612943382548,0.0275104788309878,0.597968586930006,0.171566369551115,0.266377730347697,0.0924282529830046,0.510611381587448,0,0,0,0,0,0,0
0,0,0,0,0,0,0,0,0,0,0,0,0,0,0,0,0,0,0,0,0,0,0,0,0,0,0,0,0,0,0,0,0,0,0,0,0,0,0,0,0,0,0,0,0,0,0,0,0,0,0,0,0,0,0,0,0,0,0,0,0,0,0,0,0,0,0,0,0,0,0,0,0,0,0,0,0,0,0,0,0,0,0,0,0,0,0,0,0,0,0,0,0,0,0,0,0,0,0,0,0,0,0,0,0,0,0,0,0,0,0,0,0,0,0,0,0,0,0,0,0,0,0,0,0,0,0.414697328501244,0.106977155885256,0.0664742688543937,0.168671717035224,0.0903996113285453,0.0318400669367007,0.00374261290687437,0.0176002158268449,0.0266766950543703,0.0821277332882784,0.0346641856965541,0.00770646198331416,0.0159212051114796,0.0564553723339852,0.0250013121971821,0.00283072750905336,0.0682448467170382,0.0279305067940188,0.0166406298387635,0.00793750412617284,0.00331375985253355,0.0270983404230958,0.0326732308829513,0.00929767923778461,0.0410290138589213,0.0130013245313784,0.00900146515188974,0.0141216306099744,0.0218899050414432,0.0117916243769093,0.00578179577046125,0.0124885842496715,0.00461959021763082,0.0811001828251419,0.0317772694999808,0.0284304414000276,0.0149849952252689,0.00582329374185849,0.00704134357444948,0.00424678670888874,0.0112096607996871,0.00704838179978311,0.00262357378037272,0.0613745094403895,0.0163489021678471,0.0223840682083587,0.0102499928299021,0.0240048795323994,0.0079702689337661,0.0177879685834088,0.0096612180394421,0.0120557538315664,0.00393910314568395,0.00498819861046275,0.00679161937814095,0.0405287568124131,0.0160661714726661,0.00825953696905793,0.00504519267705818,0.0738934582596724,0.022612943382548,0.0275104788309878,0.597968586930006,0.171566369551115,0.266377730347697,0.0924282529830046,0.29776535500238,0.414800887583367,0,0,0,0,0,0
0,0,0,0,0,0,0,0,0,0,0,0,0,0,0,0,0,0,0,0,0,0,0,0,0,0,0,0,0,0,0,0,0,0,0,0,0,0,0,0,0,0,0,0,0,0,0,0,0,0,0,0,0,0,0,0,0,0,0,0,0,0,0,0,0,0,0,0,0,0,0,0,0,0,0,0,0,0,0,0,0,0,0,0,0,0,0,0,0,0,0,0,0,0,0,0,0,0,0,0,0,0,0,0,0,0,0,0,0,0,0,0,0,0,0,0,0,0,0,0,0,0,0,0,0,0,0.414697328501244,0.106977155885256,0.0664742688543937,0.168671717035224,0.0903996113285453,0.0318400669367007,0.00374261290687437,0.0176002158268449,0.0266766950543703,0.0821277332882784,0.0346641856965541,0.00770646198331416,0.0159212051114796,0.0564553723339852,0.0250013121971821,0.00283072750905336,0.0682448467170382,0.0279305067940188,0.0166406298387635,0.00793750412617284,0.00331375985253355,0.0270983404230958,0.0326732308829513,0.00929767923778461,0.0410290138589213,0.0130013245313784,0.00900146515188974,0.0141216306099744,0.0218899050414432,0.0117916243769093,0.00578179577046125,0.0124885842496715,0.00461959021763082,0.0811001828251419,0.0317772694999808,0.0284304414000276,0.0149849952252689,0.00582329374185849,0.00704134357444948,0.00424678670888874,0.0112096607996871,0.00704838179978311,0.00262357378037272,0.0613745094403895,0.0163489021678471,0.0223840682083587,0.0102499928299021,0.0240048795323994,0.0079702689337661,0.0177879685834088,0.0096612180394421,0.0120557538315664,0.00393910314568395,0.00498819861046275,0.00679161937814095,0.0405287568124131,0.0160661714726661,0.00825953696905793,0.00504519267705818,0.0738934582596724,0.022612943382548,0.0275104788309878,0.597968586930006,0.171566369551115,0.266377730347697,0.0924282529830046,0.29776535500238,0.28590682614225,0.300527973914599,0,0,0,0,0
0,0,0,0,0,0,0,0,0,0,0,0,0,0,0,0,0,0,0,0,0,0,0,0,0,0,0,0,0,0,0,0,0,0,0,0,0,0,0,0,0,0,0,0,0,0,0,0,0,0,0,0,0,0,0,0,0,0,0,0,0,0,0,0,0,0,0,0,0,0,0,0,0,0,0,0,0,0,0,0,0,0,0,0,0,0,0,0,0,0,0,0,0,0,0,0,0,0,0,0,0,0,0,0,0,0,0,0,0,0,0,0,0,0,0,0,0,0,0,0,0,0,0,0,0,0,0.414697328501244,0.106977155885256,0.0664742688543937,0.168671717035224,0.0903996113285453,0.0318400669367007,0.00374261290687437,0.0176002158268449,0.0266766950543703,0.0821277332882784,0.0346641856965541,0.00770646198331416,0.0159212051114796,0.0564553723339852,0.0250013121971821,0.00283072750905336,0.0682448467170382,0.0279305067940188,0.0166406298387635,0.00793750412617284,0.00331375985253355,0.0270983404230958,0.0326732308829513,0.00929767923778461,0.0410290138589213,0.0130013245313784,0.00900146515188974,0.0141216306099744,0.0218899050414432,0.0117916243769093,0.00578179577046125,0.0124885842496715,0.00461959021763082,0.0811001828251419,0.0317772694999808,0.0284304414000276,0.0149849952252689,0.00582329374185849,0.00704134357444948,0.00424678670888874,0.0112096607996871,0.00704838179978311,0.00262357378037272,0.0613745094403895,0.0163489021678471,0.0223840682083587,0.0102499928299021,0.0240048795323994,0.0079702689337661,0.0177879685834088,0.0096612180394421,0.0120557538315664,0.00393910314568395,0.00498819861046275,0.00679161937814095,0.0405287568124131,0.0160661714726661,0.00825953696905793,0.00504519267705818,0.0738934582596724,0.022612943382548,0.0275104788309878,0.597968586930006,0.171566369551115,0.266377730347697,0.0924282529830046,0.29776535500238,0.157666636542104,0.0676219683411138,0.37766159124158,0,0,0,0
0,0,0,0,0,0,0,0,0,0,0,0,0,0,0,0,0,0,0,0,0,0,0,0,0,0,0,0,0,0,0,0,0,0,0,0,0,0,0,0,0,0,0,0,0,0,0,0,0,0,0,0,0,0,0,0,0,0,0,0,0,0,0,0,0,0,0,0,0,0,0,0,0,0,0,0,0,0,0,0,0,0,0,0,0,0,0,0,0,0,0,0,0,0,0,0,0,0,0,0,0,0,0,0,0,0,0,0,0,0,0,0,0,0,0,0,0,0,0,0,0,0,0,0,0,0,0.414697328501244,0.106977155885256,0.0664742688543937,0.168671717035224,0.0903996113285453,0.0318400669367007,0.00374261290687437,0.0176002158268449,0.0266766950543703,0.0821277332882784,0.0346641856965541,0.00770646198331416,0.0159212051114796,0.0564553723339852,0.0250013121971821,0.00283072750905336,0.0682448467170382,0.0279305067940188,0.0166406298387635,0.00793750412617284,0.00331375985253355,0.0270983404230958,0.0326732308829513,0.00929767923778461,0.0410290138589213,0.0130013245313784,0.00900146515188974,0.0141216306099744,0.0218899050414432,0.0117916243769093,0.00578179577046125,0.0124885842496715,0.00461959021763082,0.0811001828251419,0.0317772694999808,0.0284304414000276,0.0149849952252689,0.00582329374185849,0.00704134357444948,0.00424678670888874,0.0112096607996871,0.00704838179978311,0.00262357378037272,0.0613745094403895,0.0163489021678471,0.0223840682083587,0.0102499928299021,0.0240048795323994,0.0079702689337661,0.0177879685834088,0.0096612180394421,0.0120557538315664,0.00393910314568395,0.00498819861046275,0.00679161937814095,0.0405287568124131,0.0160661714726661,0.00825953696905793,0.00504519267705818,0.0738934582596724,0.022612943382548,0.0275104788309878,0.579253952176241,0.166196853472247,0.204160006017533,0.0708398283166146,0.113888287047981,0.0584392900265202,0.0250641474107632,0.0353010642300576,0.546908874129625,0,0,0
0,0,0,0,0,0,0,0,0,0,0,0,0,0,0,0,0,0,0,0,0,0,0,0,0,0,0,0,0,0,0,0,0,0,0,0,0,0,0,0,0,0,0,0,0,0,0,0,0,0,0,0,0,0,0,0,0,0,0,0,0,0,0,0,0,0,0,0,0,0,0,0,0,0,0,0,0,0,0,0,0,0,0,0,0,0,0,0,0,0,0,0,0,0,0,0,0,0,0,0,0,0,0,0,0,0,0,0,0,0,0,0,0,0,0,0,0,0,0,0,0,0,0,0,0,0,0.414697328501244,0.106977155885256,0.0664742688543937,0.168671717035224,0.0903996113285453,0.0318400669367007,0.00374261290687437,0.0176002158268449,0.0266766950543703,0.0821277332882784,0.0346641856965541,0.00770646198331416,0.0159212051114796,0.0564553723339852,0.0250013121971821,0.00283072750905336,0.0682448467170382,0.0279305067940188,0.0166406298387635,0.00793750412617284,0.00331375985253355,0.0270983404230958,0.0326732308829513,0.00929767923778461,0.0410290138589213,0.0130013245313784,0.00900146515188974,0.0141216306099744,0.0218899050414432,0.0117916243769093,0.00578179577046125,0.0124885842496715,0.00461959021763082,0.0811001828251419,0.0317772694999808,0.0284304414000276,0.0149849952252689,0.00582329374185849,0.00704134357444948,0.00424678670888874,0.0112096607996871,0.00704838179978311,0.00262357378037272,0.0613745094403895,0.0163489021678471,0.0223840682083587,0.0102499928299021,0.0240048795323994,0.0079702689337661,0.0177879685834088,0.0096612180394421,0.0120557538315664,0.00393910314568395,0.00498819861046275,0.00679161937814095,0.0405287568124131,0.0160661714726661,0.00825953696905793,0.00504519267705818,0.0738934582596724,0.022612943382548,0.0275104788309878,0.579253952176241,0.166196853472247,0.204160006017533,0.0708398283166146,0.113888287047981,0.0584392900265202,0.0250641474107632,0.0353010642300576,0.228865087809979,0.496719325337221,0,0
0,0,0,0,0,0,0,0,0,0,0,0,0,0,0,0,0,0,0,0,0,0,0,0,0,0,0,0,0,0,0,0,0,0,0,0,0,0,0,0,0,0,0,0,0,0,0,0,0,0,0,0,0,0,0,0,0,0,0,0,0,0,0,0,0,0,0,0,0,0,0,0,0,0,0,0,0,0,0,0,0,0,0,0,0,0,0,0,0,0,0,0,0,0,0,0,0,0,0,0,0,0,0,0,0,0,0,0,0,0,0,0,0,0,0,0,0,0,0,0,0,0,0,0,0,0,0.414697328501244,0.106977155885256,0.0664742688543937,0.168671717035224,0.0903996113285453,0.0318400669367007,0.00374261290687437,0.0176002158268449,0.0266766950543703,0.0821277332882784,0.0346641856965541,0.00770646198331416,0.0159212051114796,0.0564553723339852,0.0250013121971821,0.00283072750905336,0.0682448467170382,0.0279305067940188,0.0166406298387635,0.00793750412617284,0.00331375985253355,0.0270983404230958,0.0326732308829513,0.00929767923778461,0.0410290138589213,0.0130013245313784,0.00900146515188974,0.0141216306099744,0.0218899050414432,0.0117916243769093,0.00578179577046125,0.0124885842496715,0.00461959021763082,0.0811001828251419,0.0317772694999808,0.0284304414000276,0.0149849952252689,0.00582329374185849,0.00704134357444948,0.00424678670888874,0.0112096607996871,0.00704838179978311,0.00262357378037272,0.0613745094403895,0.0163489021678471,0.0223840682083587,0.0102499928299021,0.0240048795323994,0.0079702689337661,0.0177879685834088,0.0096612180394421,0.0120557538315664,0.00393910314568395,0.00498819861046275,0.00679161937814095,0.0405287568124131,0.0160661714726661,0.00825953696905793,0.00504519267705818,0.0738934582596724,0.022612943382548,0.0275104788309878,0.579253952176241,0.166196853472247,0.204160006017533,0.0708398283166146,0.113888287047981,0.0584392900265202,0.0250641474107632,0.0353010642300576,0.228865087809979,0.257901474794632,0.424519631421466,0
0,0,0,0,0,0,0,0,0,0,0,0,0,0,0,0,0,0,0,0,0,0,0,0,0,0,0,0,0,0,0,0,0,0,0,0,0,0,0,0,0,0,0,0,0,0,0,0,0,0,0,0,0,0,0,0,0,0,0,0,0,0,0,0,0,0,0,0,0,0,0,0,0,0,0,0,0,0,0,0,0,0,0,0,0,0,0,0,0,0,0,0,0,0,0,0,0,0,0,0,0,0,0,0,0,0,0,0,0,0,0,0,0,0,0,0,0,0,0,0,0,0,0,0,0,0,0.414697328501244,0.106977155885256,0.0664742688543937,0.168671717035224,0.0903996113285453,0.0318400669367007,0.00374261290687437,0.0176002158268449,0.0266766950543703,0.0821277332882784,0.0346641856965541,0.00770646198331416,0.0159212051114796,0.0564553723339852,0.0250013121971821,0.00283072750905336,0.0682448467170382,0.0279305067940188,0.0166406298387635,0.00793750412617284,0.00331375985253355,0.0270983404230958,0.0326732308829513,0.00929767923778461,0.0410290138589213,0.0130013245313784,0.00900146515188974,0.0141216306099744,0.0218899050414432,0.0117916243769093,0.00578179577046125,0.0124885842496715,0.00461959021763082,0.0811001828251419,0.0317772694999808,0.0284304414000276,0.0149849952252689,0.00582329374185849,0.00704134357444948,0.00424678670888874,0.0112096607996871,0.00704838179978311,0.00262357378037272,0.0613745094403895,0.0163489021678471,0.0223840682083587,0.0102499928299021,0.0240048795323994,0.0079702689337661,0.0177879685834088,0.0096612180394421,0.0120557538315664,0.00393910314568395,0.00498819861046275,0.00679161937814095,0.0405287568124131,0.0160661714726661,0.00825953696905793,0.00504519267705818,0.0738934582596724,0.022612943382548,0.0275104788309878,0.579253952176241,0.166196853472247,0.204160006017533,0.0708398283166146,0.113888287047981,0.0584392900265202,0.0250641474107632,0.0353010642300576,0.228865087809979,0.182085598364954,0.102434111399449,0.450646397814679
