This is pdfTeX, Version 3.141592653-2.6-1.40.28 (MiKTeX 25.12 Portable) (preloaded format=pdflatex 2026.1.15)  23 FEB 2026 14:11
entering extended mode
 restricted \write18 enabled.
 file:line:error style messages enabled.
 %&-line parsing enabled.
**c:/Users/Sosa/Documents/BI/Manuscript2/Manuscript.tex
(c:/Users/Sosa/Documents/BI/Manuscript2/Manuscript.tex
LaTeX2e <2025-11-01>
L3 programming layer <2025-12-24>
(wiley-article.cls
Document Class: wiley-article 2018/07/05, v1.5
(C:\miktex-portable\texmfs\install\tex/latex/base\article.cls
Document Class: article 2025/01/22 v1.4n Standard LaTeX document class
(C:\miktex-portable\texmfs\install\tex/latex/base\size10.clo
File: size10.clo 2025/01/22 v1.4n Standard LaTeX file (size option)
)
\c@part=\count275
\c@section=\count276
\c@subsection=\count277
\c@subsubsection=\count278
\c@paragraph=\count279
\c@subparagraph=\count280
\c@figure=\count281
\c@table=\count282
\abovecaptionskip=\skip49
\belowcaptionskip=\skip50
\bibindent=\dimen148
) (C:\miktex-portable\texmfs\install\tex/latex/xcolor\xcolor.sty
Package: xcolor 2024/09/29 v3.02 LaTeX color extensions (UK)
 (C:\miktex-portable\texmfs\install\tex/latex/graphics-cfg\color.cfg
File: color.cfg 2016/01/02 v1.6 sample color configuration
)
Package xcolor Info: Driver file: pdftex.def on input line 274.
 (C:\miktex-portable\texmfs\install\tex/latex/graphics-def\pdftex.def
File: pdftex.def 2025/09/29 v1.2d Graphics/color driver for pdftex
) (C:\miktex-portable\texmfs\install\tex/latex/graphics\mathcolor.ltx)
Package xcolor Info: Model `cmy' substituted by `cmy0' on input line 1349.
Package xcolor Info: Model `hsb' substituted by `rgb' on input line 1353.
Package xcolor Info: Model `RGB' extended on input line 1365.
Package xcolor Info: Model `HTML' substituted by `rgb' on input line 1367.
Package xcolor Info: Model `Hsb' substituted by `hsb' on input line 1368.
Package xcolor Info: Model `tHsb' substituted by `hsb' on input line 1369.
Package xcolor Info: Model `HSB' substituted by `hsb' on input line 1370.
Package xcolor Info: Model `Gray' substituted by `gray' on input line 1371.
Package xcolor Info: Model `wave' substituted by `hsb' on input line 1372.
) (C:\miktex-portable\texmfs\install\tex/latex/colortbl\colortbl.sty
Package: colortbl 2024/10/29 v1.0k Color table columns (DPC)
 (C:\miktex-portable\texmfs\install\tex/latex/tools\array.sty
Package: array 2025/09/25 v2.6n Tabular extension package (FMi)
\col@sep=\dimen149
\ar@mcellbox=\box53
\extrarowheight=\dimen150
\NC@list=\toks17
\extratabsurround=\skip51
\backup@length=\skip52
\ar@cellbox=\box54
)
\everycr=\toks18
\minrowclearance=\skip53
\rownum=\count283
) (C:\miktex-portable\texmfs\install\tex/generic/iftex\ifpdf.sty
Package: ifpdf 2019/10/25 v3.4 ifpdf legacy package. Use iftex instead.
 (C:\miktex-portable\texmfs\install\tex/generic/iftex\iftex.sty
Package: iftex 2024/12/12 v1.0g TeX engine tests
)) (C:\miktex-portable\texmfs\install\tex/generic/iftex\ifxetex.sty
Package: ifxetex 2019/10/25 v0.7 ifxetex legacy package. Use iftex instead.
) (C:\miktex-portable\texmfs\install\tex/generic/iftex\ifluatex.sty
Package: ifluatex 2019/10/25 v1.5 ifluatex legacy package. Use iftex instead.
) (C:\miktex-portable\texmfs\install\tex/latex/mathtools\mathtools.sty
Package: mathtools 2024/10/04 v1.31 mathematical typesetting tools
 (C:\miktex-portable\texmfs\install\tex/latex/graphics\keyval.sty
Package: keyval 2022/05/29 v1.15 key=value parser (DPC)
\KV@toks@=\toks19
) (C:\miktex-portable\texmfs\install\tex/latex/tools\calc.sty
Package: calc 2025/03/01 v4.3b Infix arithmetic (KKT,FJ)
\calc@Acount=\count284
\calc@Bcount=\count285
\calc@Adimen=\dimen151
\calc@Bdimen=\dimen152
\calc@Askip=\skip54
\calc@Bskip=\skip55
LaTeX Info: Redefining \setlength on input line 86.
LaTeX Info: Redefining \addtolength on input line 87.
\calc@Ccount=\count286
\calc@Cskip=\skip56
) (C:\miktex-portable\texmfs\install\tex/latex/mathtools\mhsetup.sty
Package: mhsetup 2021/03/18 v1.4 programming setup (MH)
) (C:\miktex-portable\texmfs\install\tex/latex/amsmath\amsmath.sty
Package: amsmath 2025/07/09 v2.17z AMS math features
\@mathmargin=\skip57

For additional information on amsmath, use the `?' option.
(C:\miktex-portable\texmfs\install\tex/latex/amsmath\amstext.sty
Package: amstext 2024/11/17 v2.01 AMS text
 (C:\miktex-portable\texmfs\install\tex/latex/amsmath\amsgen.sty
File: amsgen.sty 1999/11/30 v2.0 generic functions
\@emptytoks=\toks20
\ex@=\dimen153
)) (C:\miktex-portable\texmfs\install\tex/latex/amsmath\amsbsy.sty
Package: amsbsy 1999/11/29 v1.2d Bold Symbols
\pmbraise@=\dimen154
) (C:\miktex-portable\texmfs\install\tex/latex/amsmath\amsopn.sty
Package: amsopn 2022/04/08 v2.04 operator names
)
\inf@bad=\count287
LaTeX Info: Redefining \frac on input line 233.
\uproot@=\count288
\leftroot@=\count289
LaTeX Info: Redefining \overline on input line 398.
LaTeX Info: Redefining \colon on input line 409.
\classnum@=\count290
\DOTSCASE@=\count291
LaTeX Info: Redefining \ldots on input line 495.
LaTeX Info: Redefining \dots on input line 498.
LaTeX Info: Redefining \cdots on input line 619.
\Mathstrutbox@=\box55
\strutbox@=\box56
LaTeX Info: Redefining \big on input line 721.
LaTeX Info: Redefining \Big on input line 722.
LaTeX Info: Redefining \bigg on input line 723.
LaTeX Info: Redefining \Bigg on input line 724.
\big@size=\dimen155
LaTeX Font Info:    Redeclaring font encoding OML on input line 742.
LaTeX Font Info:    Redeclaring font encoding OMS on input line 743.
\macc@depth=\count292
LaTeX Info: Redefining \bmod on input line 904.
LaTeX Info: Redefining \pmod on input line 909.
LaTeX Info: Redefining \smash on input line 939.
LaTeX Info: Redefining \relbar on input line 969.
LaTeX Info: Redefining \Relbar on input line 970.
\c@MaxMatrixCols=\count293
\dotsspace@=\muskip17
\c@parentequation=\count294
\dspbrk@lvl=\count295
\tag@help=\toks21
\row@=\count296
\column@=\count297
\maxfields@=\count298
\andhelp@=\toks22
\eqnshift@=\dimen156
\alignsep@=\dimen157
\tagshift@=\dimen158
\tagwidth@=\dimen159
\totwidth@=\dimen160
\lineht@=\dimen161
\@envbody=\toks23
\multlinegap=\skip58
\multlinetaggap=\skip59
\mathdisplay@stack=\toks24
LaTeX Info: Redefining \[ on input line 2950.
LaTeX Info: Redefining \] on input line 2951.
)
\g_MT_multlinerow_int=\count299
\l_MT_multwidth_dim=\dimen162
\origjot=\skip60
\l_MT_shortvdotswithinadjustabove_dim=\dimen163
\l_MT_shortvdotswithinadjustbelow_dim=\dimen164
\l_MT_above_intertext_sep=\dimen165
\l_MT_below_intertext_sep=\dimen166
\l_MT_above_shortintertext_sep=\dimen167
\l_MT_below_shortintertext_sep=\dimen168
\xmathstrut@box=\box57
\xmathstrut@dim=\dimen169
) (C:\miktex-portable\texmfs\install\tex/latex/tools\bm.sty
Package: bm 2025/10/21 v1.2g Bold Symbol Support (DPC/FMi)
\symboldoperators=\mathgroup4
\symboldletters=\mathgroup5
\symboldsymbols=\mathgroup6
Package bm Info: No bold for \OMX/cmex/m/n, using \pmb.
LaTeX Font Info:    Redeclaring math alphabet \mathbf on input line 149.
) (C:\miktex-portable\texmfs\install\tex/latex/graphics\graphicx.sty
Package: graphicx 2024/12/31 v1.2e Enhanced LaTeX Graphics (DPC,SPQR)
 (C:\miktex-portable\texmfs\install\tex/latex/graphics\graphics.sty
Package: graphics 2024/08/06 v1.4g Standard LaTeX Graphics (DPC,SPQR)
 (C:\miktex-portable\texmfs\install\tex/latex/graphics\trig.sty
Package: trig 2023/12/02 v1.11 sin cos tan (DPC)
) (C:\miktex-portable\texmfs\install\tex/latex/graphics-cfg\graphics.cfg
File: graphics.cfg 2016/06/04 v1.11 sample graphics configuration
)
Package graphics Info: Driver file: pdftex.def on input line 106.
)
\Gin@req@height=\dimen170
\Gin@req@width=\dimen171
) (C:\miktex-portable\texmfs\install\tex/latex/tools\tabularx.sty
Package: tabularx 2023/12/11 v2.12a `tabularx' package (DPC)
\TX@col@width=\dimen172
\TX@old@table=\dimen173
\TX@old@col=\dimen174
\TX@target=\dimen175
\TX@delta=\dimen176
\TX@cols=\count300
\TX@ftn=\toks25
) (C:\miktex-portable\texmfs\install\tex/latex/textcase\textcase.sty
Package: textcase 2025/02/16 v1.05 Text only upper/lower case changing (DPC)
Package textcase Info: Defining Legacy names on input line 20.
) (C:\miktex-portable\texmfs\install\tex/latex/dashrule\dashrule.sty
Package: dashrule 2013/03/28 v1.3 Dashed rules
 (C:\miktex-portable\texmfs\install\tex/latex/ifmtarg\ifmtarg.sty
Package: ifmtarg 2018/04/16 v1.2b check for an empty argument
)
\c@hdr@segments=\count301
) (C:\miktex-portable\texmfs\install\tex/latex/ragged2e\ragged2e.sty
Package: ragged2e 2023/06/22 v3.6 ragged2e Package
\CenteringLeftskip=\skip61
\RaggedLeftLeftskip=\skip62
\RaggedRightLeftskip=\skip63
\CenteringRightskip=\skip64
\RaggedLeftRightskip=\skip65
\RaggedRightRightskip=\skip66
\CenteringParfillskip=\skip67
\RaggedLeftParfillskip=\skip68
\RaggedRightParfillskip=\skip69
\JustifyingParfillskip=\skip70
\CenteringParindent=\skip71
\RaggedLeftParindent=\skip72
\RaggedRightParindent=\skip73
\JustifyingParindent=\skip74
) (C:\miktex-portable\texmfs\install\tex/latex/preprint\authblk.sty
Package: authblk 2001/02/27 1.3 (PWD)
\affilsep=\skip75
\@affilsep=\skip76
\c@Maxaffil=\count302
\c@authors=\count303
\c@affil=\count304
) (C:\miktex-portable\texmfs\install\tex/latex/url\url.sty
\Urlmuskip=\muskip18
Package: url 2013/09/16  ver 3.4  Verb mode for urls, etc.
) (C:\miktex-portable\texmfs\install\tex/generic/soul\soul.sty
Package: soul 2023-06-14 v3.1 Permit use of UTF-8 characters in soul (HO)
 (C:\miktex-portable\texmfs\install\tex/generic/soul\soul-ori.sty
Package: soul-ori 2023-06-14 v3.1 letterspacing/underlining (mf)
\SOUL@word=\toks26
\SOUL@lasttoken=\toks27
\SOUL@syllable=\toks28
\SOUL@cmds=\toks29
\SOUL@buffer=\toks30
\SOUL@token=\toks31
\SOUL@syllgoal=\dimen177
\SOUL@syllwidth=\dimen178
\SOUL@charkern=\dimen179
\SOUL@hyphkern=\dimen180
\SOUL@dimen=\dimen181
\SOUL@dimeni=\dimen182
\SOUL@minus=\count305
\SOUL@comma=\count306
\SOUL@apo=\count307
\SOUL@grave=\count308
\SOUL@spaceskip=\skip77
\SOUL@ttwidth=\dimen183
\SOUL@uldp=\dimen184
\SOUL@ulht=\dimen185
) (C:\miktex-portable\texmfs\install\tex/generic/infwarerr\infwarerr.sty
Package: infwarerr 2019/12/03 v1.5 Providing info/warning/error messages (HO)
) (C:\miktex-portable\texmfs\install\tex/generic/etexcmds\etexcmds.sty
Package: etexcmds 2019/12/15 v1.7 Avoid name clashes with e-TeX commands (HO)
)) (C:\miktex-portable\texmfs\install\tex/latex/xpatch\xpatch.sty (C:\miktex-portable\texmfs\install\tex/latex/l3kernel\expl3.sty
Package: expl3 2025-12-24 L3 programming layer (loader) 
 (C:\miktex-portable\texmfs\install\tex/latex/l3backend\l3backend-pdftex.def
File: l3backend-pdftex.def 2025-10-09 L3 backend support: PDF output (pdfTeX)
\l__color_backend_stack_int=\count309
))
Package: xpatch 2020/03/25 v0.3a Extending etoolbox patching commands
 (C:\miktex-portable\texmfs\install\tex/latex/l3packages/xparse\xparse.sty
Package: xparse 2025-10-09 L3 Experimental document command parser
) (C:\miktex-portable\texmfs\install\tex/latex/etoolbox\etoolbox.sty
Package: etoolbox 2025/10/02 v2.5m e-TeX tools for LaTeX (JAW)
\etb@tempcnta=\count310
)) (C:\miktex-portable\texmfs\install\tex/latex/tools\afterpage.sty
Package: afterpage 2023/07/04 v1.08 After-Page Package (DPC)
\AP@output=\toks32
\AP@partial=\box58
\AP@footins=\box59
) (C:\miktex-portable\texmfs\install\tex/latex/lineno\lineno.sty
Package: lineno 2025/05/13 line numbers on paragraphs v5.5
 (C:\miktex-portable\texmfs\install\tex/latex/kvoptions\kvoptions.sty
Package: kvoptions 2022-06-15 v3.15 Key value format for package options (HO)
 (C:\miktex-portable\texmfs\install\tex/generic/ltxcmds\ltxcmds.sty
Package: ltxcmds 2023-12-04 v1.26 LaTeX kernel commands for general use (HO)
) (C:\miktex-portable\texmfs\install\tex/latex/kvsetkeys\kvsetkeys.sty
Package: kvsetkeys 2022-10-05 v1.19 Key value parser (HO)
))
\linenopenalty=\count311
\output=\toks33
\linenoprevgraf=\count312
\linenumbersep=\dimen186
\linenumberwidth=\dimen187
\c@linenumber=\count313
\c@pagewiselinenumber=\count314
\c@LN@truepage=\count315
\c@internallinenumber=\count316
\c@internallinenumbers=\count317
\quotelinenumbersep=\dimen188
\bframerule=\dimen189
\bframesep=\dimen190
\bframebox=\box60
\@LN@amsmath@ams@eqpen=\count318
) (C:\miktex-portable\texmfs\install\tex/latex/mdframed\mdframed.sty
Package: mdframed 2013/07/01 1.9b: mdframed
 (C:\miktex-portable\texmfs\install\tex/latex/zref\zref-abspage.sty
Package: zref-abspage 2025-06-08 v2.36 Module abspage for zref (HO)
 (C:\miktex-portable\texmfs\install\tex/latex/zref\zref-base.sty
Package: zref-base 2025-06-08 v2.36 Module base for zref (HO)
 (C:\miktex-portable\texmfs\install\tex/generic/kvdefinekeys\kvdefinekeys.sty
Package: kvdefinekeys 2019-12-19 v1.6 Define keys (HO)
) (C:\miktex-portable\texmfs\install\tex/generic/pdftexcmds\pdftexcmds.sty
Package: pdftexcmds 2020-06-27 v0.33 Utility functions of pdfTeX for LuaTeX (HO)
Package pdftexcmds Info: \pdf@primitive is available.
Package pdftexcmds Info: \pdf@ifprimitive is available.
Package pdftexcmds Info: \pdfdraftmode found.
) (C:\miktex-portable\texmfs\install\tex/latex/auxhook\auxhook.sty
Package: auxhook 2019-12-17 v1.6 Hooks for auxiliary files (HO)
)
Package zref Info: New property list: main on input line 767.
Package zref Info: New property: default on input line 768.
Package zref Info: New property: page on input line 769.
)
\c@abspage=\count319
Package zref Info: New property: abspage on input line 67.
) (C:\miktex-portable\texmfs\install\tex/latex/needspace\needspace.sty
Package: needspace 2025/03/13 v1.3e reserve vertical space
)
\mdf@templength=\skip78
\c@mdf@globalstyle@cnt=\count320
\mdf@skipabove@length=\skip79
\mdf@skipbelow@length=\skip80
\mdf@leftmargin@length=\skip81
\mdf@rightmargin@length=\skip82
\mdf@innerleftmargin@length=\skip83
\mdf@innerrightmargin@length=\skip84
\mdf@innertopmargin@length=\skip85
\mdf@innerbottommargin@length=\skip86
\mdf@splittopskip@length=\skip87
\mdf@splitbottomskip@length=\skip88
\mdf@outermargin@length=\skip89
\mdf@innermargin@length=\skip90
\mdf@linewidth@length=\skip91
\mdf@innerlinewidth@length=\skip92
\mdf@middlelinewidth@length=\skip93
\mdf@outerlinewidth@length=\skip94
\mdf@roundcorner@length=\skip95
\mdf@footenotedistance@length=\skip96
\mdf@userdefinedwidth@length=\skip97
\mdf@needspace@length=\skip98
\mdf@frametitleaboveskip@length=\skip99
\mdf@frametitlebelowskip@length=\skip100
\mdf@frametitlerulewidth@length=\skip101
\mdf@frametitleleftmargin@length=\skip102
\mdf@frametitlerightmargin@length=\skip103
\mdf@shadowsize@length=\skip104
\mdf@extratopheight@length=\skip105
\mdf@subtitleabovelinewidth@length=\skip106
\mdf@subtitlebelowlinewidth@length=\skip107
\mdf@subtitleaboveskip@length=\skip108
\mdf@subtitlebelowskip@length=\skip109
\mdf@subtitleinneraboveskip@length=\skip110
\mdf@subtitleinnerbelowskip@length=\skip111
\mdf@subsubtitleabovelinewidth@length=\skip112
\mdf@subsubtitlebelowlinewidth@length=\skip113
\mdf@subsubtitleaboveskip@length=\skip114
\mdf@subsubtitlebelowskip@length=\skip115
\mdf@subsubtitleinneraboveskip@length=\skip116
\mdf@subsubtitleinnerbelowskip@length=\skip117
 (C:\miktex-portable\texmfs\install\tex/latex/pgf/frontendlayer\tikz.sty (C:\miktex-portable\texmfs\install\tex/latex/pgf/basiclayer\pgf.sty (C:\miktex-portable\texmfs\install\tex/latex/pgf/utilities\pgfrcs.sty (C:\miktex-portable\texmfs\install\tex/generic/pgf/utilities\pgfutil-common.tex
\pgfutil@everybye=\toks34
\pgfutil@tempdima=\dimen191
\pgfutil@tempdimb=\dimen192
) (C:\miktex-portable\texmfs\install\tex/generic/pgf/utilities\pgfutil-latex.def
\pgfutil@abb=\box61
) (C:\miktex-portable\texmfs\install\tex/generic/pgf/utilities\pgfrcs.code.tex (C:\miktex-portable\texmfs\install\tex/generic/pgf\pgf.revision.tex)
Package: pgfrcs 2025-08-29 v3.1.11a (3.1.11a)
))
Package: pgf 2025-08-29 v3.1.11a (3.1.11a)
 (C:\miktex-portable\texmfs\install\tex/latex/pgf/basiclayer\pgfcore.sty (C:\miktex-portable\texmfs\install\tex/latex/pgf/systemlayer\pgfsys.sty (C:\miktex-portable\texmfs\install\tex/generic/pgf/systemlayer\pgfsys.code.tex
Package: pgfsys 2025-08-29 v3.1.11a (3.1.11a)
 (C:\miktex-portable\texmfs\install\tex/generic/pgf/utilities\pgfkeys.code.tex
\pgfkeys@pathtoks=\toks35
\pgfkeys@temptoks=\toks36
 (C:\miktex-portable\texmfs\install\tex/generic/pgf/utilities\pgfkeyslibraryfiltered.code.tex
\pgfkeys@tmptoks=\toks37
))
\pgf@x=\dimen193
\pgf@y=\dimen194
\pgf@xa=\dimen195
\pgf@ya=\dimen196
\pgf@xb=\dimen197
\pgf@yb=\dimen198
\pgf@xc=\dimen199
\pgf@yc=\dimen256
\pgf@xd=\dimen257
\pgf@yd=\dimen258
\w@pgf@writea=\write3
\r@pgf@reada=\read2
\c@pgf@counta=\count321
\c@pgf@countb=\count322
\c@pgf@countc=\count323
\c@pgf@countd=\count324
\t@pgf@toka=\toks38
\t@pgf@tokb=\toks39
\t@pgf@tokc=\toks40
\pgf@sys@id@count=\count325
 (C:\miktex-portable\texmfs\install\tex/generic/pgf/systemlayer\pgf.cfg
File: pgf.cfg 2025-08-29 v3.1.11a (3.1.11a)
)
Driver file for pgf: pgfsys-pdftex.def
 (C:\miktex-portable\texmfs\install\tex/generic/pgf/systemlayer\pgfsys-pdftex.def
File: pgfsys-pdftex.def 2025-08-29 v3.1.11a (3.1.11a)
 (C:\miktex-portable\texmfs\install\tex/generic/pgf/systemlayer\pgfsys-common-pdf.def
File: pgfsys-common-pdf.def 2025-08-29 v3.1.11a (3.1.11a)
))) (C:\miktex-portable\texmfs\install\tex/generic/pgf/systemlayer\pgfsyssoftpath.code.tex
File: pgfsyssoftpath.code.tex 2025-08-29 v3.1.11a (3.1.11a)
\pgfsyssoftpath@smallbuffer@items=\count326
\pgfsyssoftpath@bigbuffer@items=\count327
) (C:\miktex-portable\texmfs\install\tex/generic/pgf/systemlayer\pgfsysprotocol.code.tex
File: pgfsysprotocol.code.tex 2025-08-29 v3.1.11a (3.1.11a)
)) (C:\miktex-portable\texmfs\install\tex/generic/pgf/basiclayer\pgfcore.code.tex
Package: pgfcore 2025-08-29 v3.1.11a (3.1.11a)
 (C:\miktex-portable\texmfs\install\tex/generic/pgf/math\pgfmath.code.tex (C:\miktex-portable\texmfs\install\tex/generic/pgf/math\pgfmathutil.code.tex) (C:\miktex-portable\texmfs\install\tex/generic/pgf/math\pgfmathparser.code.tex
\pgfmath@dimen=\dimen259
\pgfmath@count=\count328
\pgfmath@box=\box62
\pgfmath@toks=\toks41
\pgfmath@stack@operand=\toks42
\pgfmath@stack@operation=\toks43
) (C:\miktex-portable\texmfs\install\tex/generic/pgf/math\pgfmathfunctions.code.tex) (C:\miktex-portable\texmfs\install\tex/generic/pgf/math\pgfmathfunctions.basic.code.tex) (C:\miktex-portable\texmfs\install\tex/generic/pgf/math\pgfmathfunctions.trigonometric.code.tex) (C:\miktex-portable\texmfs\install\tex/generic/pgf/math\pgfmathfunctions.random.code.tex) (C:\miktex-portable\texmfs\install\tex/generic/pgf/math\pgfmathfunctions.comparison.code.tex) (C:\miktex-portable\texmfs\install\tex/generic/pgf/math\pgfmathfunctions.base.code.tex) (C:\miktex-portable\texmfs\install\tex/generic/pgf/math\pgfmathfunctions.round.code.tex) (C:\miktex-portable\texmfs\install\tex/generic/pgf/math\pgfmathfunctions.misc.code.tex) (C:\miktex-portable\texmfs\install\tex/generic/pgf/math\pgfmathfunctions.integerarithmetics.code.tex) (C:\miktex-portable\texmfs\install\tex/generic/pgf/math\pgfmathcalc.code.tex) (C:\miktex-portable\texmfs\install\tex/generic/pgf/math\pgfmathfloat.code.tex
\c@pgfmathroundto@lastzeros=\count329
)) (C:\miktex-portable\texmfs\install\tex/generic/pgf/math\pgfint.code.tex) (C:\miktex-portable\texmfs\install\tex/generic/pgf/basiclayer\pgfcorepoints.code.tex
File: pgfcorepoints.code.tex 2025-08-29 v3.1.11a (3.1.11a)
\pgf@picminx=\dimen260
\pgf@picmaxx=\dimen261
\pgf@picminy=\dimen262
\pgf@picmaxy=\dimen263
\pgf@pathminx=\dimen264
\pgf@pathmaxx=\dimen265
\pgf@pathminy=\dimen266
\pgf@pathmaxy=\dimen267
\pgf@xx=\dimen268
\pgf@xy=\dimen269
\pgf@yx=\dimen270
\pgf@yy=\dimen271
\pgf@zx=\dimen272
\pgf@zy=\dimen273
) (C:\miktex-portable\texmfs\install\tex/generic/pgf/basiclayer\pgfcorepathconstruct.code.tex
File: pgfcorepathconstruct.code.tex 2025-08-29 v3.1.11a (3.1.11a)
\pgf@path@lastx=\dimen274
\pgf@path@lasty=\dimen275
) (C:\miktex-portable\texmfs\install\tex/generic/pgf/basiclayer\pgfcorepathusage.code.tex
File: pgfcorepathusage.code.tex 2025-08-29 v3.1.11a (3.1.11a)
\pgf@shorten@end@additional=\dimen276
\pgf@shorten@start@additional=\dimen277
) (C:\miktex-portable\texmfs\install\tex/generic/pgf/basiclayer\pgfcorescopes.code.tex
File: pgfcorescopes.code.tex 2025-08-29 v3.1.11a (3.1.11a)
\pgfpic=\box63
\pgf@hbox=\box64
\pgf@layerbox@main=\box65
\pgf@picture@serial@count=\count330
) (C:\miktex-portable\texmfs\install\tex/generic/pgf/basiclayer\pgfcoregraphicstate.code.tex
File: pgfcoregraphicstate.code.tex 2025-08-29 v3.1.11a (3.1.11a)
\pgflinewidth=\dimen278
) (C:\miktex-portable\texmfs\install\tex/generic/pgf/basiclayer\pgfcoretransformations.code.tex
File: pgfcoretransformations.code.tex 2025-08-29 v3.1.11a (3.1.11a)
\pgf@pt@x=\dimen279
\pgf@pt@y=\dimen280
\pgf@pt@temp=\dimen281
) (C:\miktex-portable\texmfs\install\tex/generic/pgf/basiclayer\pgfcorequick.code.tex
File: pgfcorequick.code.tex 2025-08-29 v3.1.11a (3.1.11a)
) (C:\miktex-portable\texmfs\install\tex/generic/pgf/basiclayer\pgfcoreobjects.code.tex
File: pgfcoreobjects.code.tex 2025-08-29 v3.1.11a (3.1.11a)
) (C:\miktex-portable\texmfs\install\tex/generic/pgf/basiclayer\pgfcorepathprocessing.code.tex
File: pgfcorepathprocessing.code.tex 2025-08-29 v3.1.11a (3.1.11a)
) (C:\miktex-portable\texmfs\install\tex/generic/pgf/basiclayer\pgfcorearrows.code.tex
File: pgfcorearrows.code.tex 2025-08-29 v3.1.11a (3.1.11a)
\pgfarrowsep=\dimen282
) (C:\miktex-portable\texmfs\install\tex/generic/pgf/basiclayer\pgfcoreshade.code.tex
File: pgfcoreshade.code.tex 2025-08-29 v3.1.11a (3.1.11a)
\pgf@max=\dimen283
\pgf@sys@shading@range@num=\count331
\pgf@shadingcount=\count332
) (C:\miktex-portable\texmfs\install\tex/generic/pgf/basiclayer\pgfcoreimage.code.tex
File: pgfcoreimage.code.tex 2025-08-29 v3.1.11a (3.1.11a)
) (C:\miktex-portable\texmfs\install\tex/generic/pgf/basiclayer\pgfcoreexternal.code.tex
File: pgfcoreexternal.code.tex 2025-08-29 v3.1.11a (3.1.11a)
\pgfexternal@startupbox=\box66
) (C:\miktex-portable\texmfs\install\tex/generic/pgf/basiclayer\pgfcorelayers.code.tex
File: pgfcorelayers.code.tex 2025-08-29 v3.1.11a (3.1.11a)
) (C:\miktex-portable\texmfs\install\tex/generic/pgf/basiclayer\pgfcoretransparency.code.tex
File: pgfcoretransparency.code.tex 2025-08-29 v3.1.11a (3.1.11a)
) (C:\miktex-portable\texmfs\install\tex/generic/pgf/basiclayer\pgfcorepatterns.code.tex
File: pgfcorepatterns.code.tex 2025-08-29 v3.1.11a (3.1.11a)
) (C:\miktex-portable\texmfs\install\tex/generic/pgf/basiclayer\pgfcorerdf.code.tex
File: pgfcorerdf.code.tex 2025-08-29 v3.1.11a (3.1.11a)
))) (C:\miktex-portable\texmfs\install\tex/generic/pgf/modules\pgfmoduleshapes.code.tex
File: pgfmoduleshapes.code.tex 2025-08-29 v3.1.11a (3.1.11a)
\pgfnodeparttextbox=\box67
) (C:\miktex-portable\texmfs\install\tex/generic/pgf/modules\pgfmoduleplot.code.tex
File: pgfmoduleplot.code.tex 2025-08-29 v3.1.11a (3.1.11a)
) (C:\miktex-portable\texmfs\install\tex/latex/pgf/compatibility\pgfcomp-version-0-65.sty
Package: pgfcomp-version-0-65 2025-08-29 v3.1.11a (3.1.11a)
\pgf@nodesepstart=\dimen284
\pgf@nodesepend=\dimen285
) (C:\miktex-portable\texmfs\install\tex/latex/pgf/compatibility\pgfcomp-version-1-18.sty
Package: pgfcomp-version-1-18 2025-08-29 v3.1.11a (3.1.11a)
)) (C:\miktex-portable\texmfs\install\tex/latex/pgf/utilities\pgffor.sty (C:\miktex-portable\texmfs\install\tex/latex/pgf/utilities\pgfkeys.sty (C:\miktex-portable\texmfs\install\tex/generic/pgf/utilities\pgfkeys.code.tex)) (C:\miktex-portable\texmfs\install\tex/latex/pgf/math\pgfmath.sty (C:\miktex-portable\texmfs\install\tex/generic/pgf/math\pgfmath.code.tex)) (C:\miktex-portable\texmfs\install\tex/generic/pgf/utilities\pgffor.code.tex
Package: pgffor 2025-08-29 v3.1.11a (3.1.11a)
\pgffor@iter=\dimen286
\pgffor@skip=\dimen287
\pgffor@stack=\toks44
\pgffor@toks=\toks45
)) (C:\miktex-portable\texmfs\install\tex/generic/pgf/frontendlayer/tikz\tikz.code.tex
Package: tikz 2025-08-29 v3.1.11a (3.1.11a)
 (C:\miktex-portable\texmfs\install\tex/generic/pgf/libraries\pgflibraryplothandlers.code.tex
File: pgflibraryplothandlers.code.tex 2025-08-29 v3.1.11a (3.1.11a)
\pgf@plot@mark@count=\count333
\pgfplotmarksize=\dimen288
)
\tikz@lastx=\dimen289
\tikz@lasty=\dimen290
\tikz@lastxsaved=\dimen291
\tikz@lastysaved=\dimen292
\tikz@lastmovetox=\dimen293
\tikz@lastmovetoy=\dimen294
\tikzleveldistance=\dimen295
\tikzsiblingdistance=\dimen296
\tikz@figbox=\box68
\tikz@figbox@bg=\box69
\tikz@tempbox=\box70
\tikz@tempbox@bg=\box71
\tikztreelevel=\count334
\tikznumberofchildren=\count335
\tikznumberofcurrentchild=\count336
\tikz@fig@count=\count337
 (C:\miktex-portable\texmfs\install\tex/generic/pgf/modules\pgfmodulematrix.code.tex
File: pgfmodulematrix.code.tex 2025-08-29 v3.1.11a (3.1.11a)
\pgfmatrixcurrentrow=\count338
\pgfmatrixcurrentcolumn=\count339
\pgf@matrix@numberofcolumns=\count340
)
\tikz@expandcount=\count341
 (C:\miktex-portable\texmfs\install\tex/generic/pgf/frontendlayer/tikz/libraries\tikzlibrarytopaths.code.tex
File: tikzlibrarytopaths.code.tex 2025-08-29 v3.1.11a (3.1.11a)
))) (C:\miktex-portable\texmfs\install\tex/latex/mdframed\md-frame-1.mdf
File: md-frame-1.mdf 2013/07/01\ 1.9b: md-frame-1
)
\mdf@frametitlebox=\box72
\mdf@footnotebox=\box73
\mdf@splitbox@one=\box74
\mdf@splitbox@two=\box75
\mdf@splitbox@save=\box76
\mdfsplitboxwidth=\skip118
\mdfsplitboxtotalwidth=\skip119
\mdfsplitboxheight=\skip120
\mdfsplitboxdepth=\skip121
\mdfsplitboxtotalheight=\skip122
\mdfframetitleboxwidth=\skip123
\mdfframetitleboxtotalwidth=\skip124
\mdfframetitleboxheight=\skip125
\mdfframetitleboxdepth=\skip126
\mdfframetitleboxtotalheight=\skip127
\mdffootnoteboxwidth=\skip128
\mdffootnoteboxtotalwidth=\skip129
\mdffootnoteboxheight=\skip130
\mdffootnoteboxdepth=\skip131
\mdffootnoteboxtotalheight=\skip132
\mdftotallinewidth=\skip133
\mdfboundingboxwidth=\skip134
\mdfboundingboxtotalwidth=\skip135
\mdfboundingboxheight=\skip136
\mdfboundingboxdepth=\skip137
\mdfboundingboxtotalheight=\skip138
\mdf@freevspace@length=\skip139
\mdf@horizontalwidthofbox@length=\skip140
\mdf@verticalmarginwhole@length=\skip141
\mdf@horizontalspaceofbox=\skip142
\mdfsubtitleheight=\skip143
\mdfsubsubtitleheight=\skip144
\c@mdfcountframes=\count342

****** mdframed patching \endmdf@trivlist

****** -- success******

\mdf@envdepth=\count343
\c@mdf@env@i=\count344
\c@mdf@env@ii=\count345
\c@mdf@zref@counter=\count346
Package zref Info: New property: mdf@pagevalue on input line 895.
) (C:\miktex-portable\texmfs\install\tex/latex/silence\silence.sty
Package: silence 2012/07/02 v1.5b Selective filtering of warnings and error messages
\sl@Save=\count347
\sl@StateNumber=\count348
\sl@MessageCount=\count349
\sl@Casualties=\count350
\sl@Filter=\toks46
\sl@Message=\toks47
\sl@UnexpandedMessage=\toks48
\sl@Mess@ge=\toks49
\sl@WarningCount=\count351
\sl@WarningNumber=\count352
\sl@WarningCasualties=\count353
\sl@TempBOW=\toks50
\sl@BankOfWarnings=\toks51
LaTeX Info: Redefining \GenericWarning on input line 433.
\sl@ErrorCount=\count354
\sl@ErrorNumber=\count355
\sl@ErrorCasualties=\count356
\sl@TempBOE=\toks52
\sl@BankOfErrors=\toks53
LaTeX Info: Redefining \GenericError on input line 601.
) (C:\miktex-portable\texmfs\install\tex/latex/microtype\microtype.sty
Package: microtype 2025/07/09 v3.2b Micro-typographical refinements (RS)
\MT@toks=\toks54
\MT@tempbox=\box77
\MT@count=\count357
LaTeX Info: Redefining \noprotrusionifhmode on input line 1087.
LaTeX Info: Redefining \leftprotrusion on input line 1088.
\MT@prot@toks=\toks55
LaTeX Info: Redefining \rightprotrusion on input line 1107.
LaTeX Info: Redefining \textls on input line 1449.
\MT@outer@kern=\dimen297
LaTeX Info: Redefining \microtypecontext on input line 2053.
LaTeX Info: Redefining \textmicrotypecontext on input line 2070.
\MT@listname@count=\count358
 (C:\miktex-portable\texmfs\install\tex/latex/microtype\microtype-pdftex.def
File: microtype-pdftex.def 2025/07/09 v3.2b Definitions specific to pdftex (RS)
LaTeX Info: Redefining \lsstyle on input line 944.
LaTeX Info: Redefining \lslig on input line 944.
\MT@outer@space=\skip145
)
Package microtype Info: Loading configuration file microtype.cfg.
 (C:\miktex-portable\texmfs\install\tex/latex/microtype\microtype.cfg
File: microtype.cfg 2025/07/09 v3.2b microtype main configuration file (RS)
)
LaTeX Info: Redefining \microtypesetup on input line 3065.
) (C:\miktex-portable\texmfs\install\tex/latex/base\fontenc.sty
Package: fontenc 2025/07/18 v2.1d Standard LaTeX package
) (C:\miktex-portable\texmfs\install\tex/latex/base\inputenc.sty
Package: inputenc 2024/02/08 v1.3d Input encoding file
\inpenc@prehook=\toks56
\inpenc@posthook=\toks57
) (C:\miktex-portable\texmfs\install\tex/latex/lato\lato.sty
Package: lato 2019/06/20 Style file for Lato.
 (C:\miktex-portable\texmfs\install\tex/latex/fontaxes\fontaxes.sty
Package: fontaxes 2026-01-02 v2.0.2 Font selection axes (deprecated)
Applying: [2024-11-01] Use figureversions if present on input line 74.
 (C:\miktex-portable\texmfs\install\tex/latex/figureversions\figureversions.sty
Package: figureversions 2025-04-29 v1.0.1 Figure versions
)
Already applied: [0000-00-00] Fall back to v1 on input line 76.
) (C:\miktex-portable\texmfs\install\tex/latex/xkeyval\xkeyval.sty
Package: xkeyval 2022/06/16 v2.9 package option processing (HA)
 (C:\miktex-portable\texmfs\install\tex/generic/xkeyval\xkeyval.tex (C:\miktex-portable\texmfs\install\tex/generic/xkeyval\xkvutils.tex
\XKV@toks=\toks58
\XKV@tempa@toks=\toks59
)
\XKV@depth=\count359
File: xkeyval.tex 2014/12/03 v2.7a key=value parser (HA)
))) (C:\miktex-portable\texmfs\install\tex/latex/newtxsf\newtxsf.sty
Package: newtxsf 2024/01/25 v1.056
 `newtxsf' v1.056, 2024/01/25 Math macros based on STIX sans serif and txfonts (msharpe) (C:\miktex-portable\texmfs\install\tex/generic/binhex\binhex.tex)
\tx@Isdigit=\count360
LaTeX Font Info:    Redeclaring symbol font `operators' on input line 58.
LaTeX Font Info:    Overwriting symbol font `operators' in version `normal'
(Font)                  OT1/cmr/m/n --> OT1/lato-TLF/m/n on input line 58.
LaTeX Font Info:    Overwriting symbol font `operators' in version `bold'
(Font)                  OT1/cmr/bx/n --> OT1/lato-TLF/m/n on input line 58.
LaTeX Font Info:    Overwriting symbol font `operators' in version `bold'
(Font)                  OT1/lato-TLF/m/n --> OT1/lato-TLF/b/n on input line 59.
LaTeX Font Info:    Redeclaring math alphabet \mathsf on input line 65.
LaTeX Font Info:    Overwriting math alphabet `\mathsf' in version `normal'
(Font)                  OT1/cmss/m/n --> OT1/cmss/m/n on input line 65.
LaTeX Font Info:    Overwriting math alphabet `\mathsf' in version `bold'
(Font)                  OT1/cmss/bx/n --> OT1/cmss/m/n on input line 65.
LaTeX Font Info:    Redeclaring math alphabet \mathit on input line 66.
LaTeX Font Info:    Overwriting math alphabet `\mathit' in version `normal'
(Font)                  OT1/cmr/m/it --> OT1/lato-TLF/m/it on input line 66.
LaTeX Font Info:    Overwriting math alphabet `\mathit' in version `bold'
(Font)                  OT1/cmr/bx/it --> OT1/lato-TLF/m/it on input line 66.
LaTeX Font Info:    Redeclaring math alphabet \mathtt on input line 67.
LaTeX Font Info:    Overwriting math alphabet `\mathtt' in version `normal'
(Font)                  OT1/cmtt/m/n --> OT1/cmtt/m/n on input line 67.
LaTeX Font Info:    Overwriting math alphabet `\mathtt' in version `bold'
(Font)                  OT1/cmtt/m/n --> OT1/cmtt/m/n on input line 67.
LaTeX Font Info:    Redeclaring math alphabet \mathbf on input line 69.
LaTeX Font Info:    Overwriting math alphabet `\mathit' in version `bold'
(Font)                  OT1/lato-TLF/m/it --> OT1/lato-TLF/b/it on input line 70.
LaTeX Font Info:    Overwriting math alphabet `\mathsf' in version `bold'
(Font)                  OT1/cmss/m/n --> OT1/cmss/b/n on input line 71.
LaTeX Font Info:    Overwriting math alphabet `\mathtt' in version `bold'
(Font)                  OT1/cmtt/m/n --> OT1/cmtt/b/n on input line 72.
LaTeX Font Info:    Redeclaring symbol font `letters' on input line 77.
LaTeX Font Info:    Overwriting symbol font `letters' in version `normal'
(Font)                  OML/cmm/m/it --> OML/ntxsfmi/m/it on input line 77.
LaTeX Font Info:    Overwriting symbol font `letters' in version `bold'
(Font)                  OML/cmm/b/it --> OML/ntxsfmi/m/it on input line 77.
LaTeX Font Info:    Overwriting symbol font `letters' in version `bold'
(Font)                  OML/ntxsfmi/m/it --> OML/ntxsfmi/b/it on input line 78.
\symlettersA=\mathgroup7
LaTeX Font Info:    Overwriting symbol font `lettersA' in version `bold'
(Font)                  U/ntxsfmia/m/it --> U/ntxsfmia/b/it on input line 85.
Now handling font encoding LMS ...
... no UTF-8 mapping file for font encoding LMS
LaTeX Font Info:    Redeclaring symbol font `symbols' on input line 95.
LaTeX Font Info:    Encoding `OMS' has changed to `LMS' for symbol font
(Font)              `symbols' in the math version `normal' on input line 95.
LaTeX Font Info:    Overwriting symbol font `symbols' in version `normal'
(Font)                  OMS/cmsy/m/n --> LMS/ntxsy/m/n on input line 95.
LaTeX Font Info:    Encoding `OMS' has changed to `LMS' for symbol font
(Font)              `symbols' in the math version `bold' on input line 95.
LaTeX Font Info:    Overwriting symbol font `symbols' in version `bold'
(Font)                  OMS/cmsy/b/n --> LMS/ntxsy/m/n on input line 95.
LaTeX Font Info:    Overwriting symbol font `symbols' in version `bold'
(Font)                  LMS/ntxsy/m/n --> LMS/ntxsy/b/n on input line 96.
\symAMSm=\mathgroup8
LaTeX Font Info:    Overwriting symbol font `AMSm' in version `bold'
(Font)                  U/ntxsym/m/n --> U/ntxsym/b/n on input line 115.
Now handling font encoding LMX ...
... no UTF-8 mapping file for font encoding LMX
LaTeX Font Info:    Redeclaring symbol font `largesymbols' on input line 150.
LaTeX Font Info:    Encoding `OMX' has changed to `LMX' for symbol font
(Font)              `largesymbols' in the math version `normal' on input line 150.
LaTeX Font Info:    Overwriting symbol font `largesymbols' in version `normal'
(Font)                  OMX/cmex/m/n --> LMX/ntxexx/m/n on input line 150.
LaTeX Font Info:    Encoding `OMX' has changed to `LMX' for symbol font
(Font)              `largesymbols' in the math version `bold' on input line 150.
LaTeX Font Info:    Overwriting symbol font `largesymbols' in version `bold'
(Font)                  OMX/cmex/m/n --> LMX/ntxexx/m/n on input line 150.
LaTeX Font Info:    Overwriting symbol font `largesymbols' in version `bold'
(Font)                  LMX/ntxexx/m/n --> LMX/ntxexx/b/n on input line 151.
\symlargesymbolsTXA=\mathgroup9
LaTeX Font Info:    Overwriting symbol font `largesymbolsTXA' in version `bold'
(Font)                  U/ntxexa/m/n --> U/ntxexa/b/n on input line 162.
LaTeX Font Info:    Redeclaring math delimiter \lfloor on input line 251.
LaTeX Font Info:    Redeclaring math delimiter \rfloor on input line 252.
LaTeX Font Info:    Redeclaring math delimiter \lceil on input line 253.
LaTeX Font Info:    Redeclaring math delimiter \rceil on input line 254.
LaTeX Font Info:    Redeclaring math delimiter \lbrace on input line 255.
LaTeX Font Info:    Redeclaring math delimiter \rbrace on input line 256.
LaTeX Font Info:    Redeclaring math delimiter \langle on input line 257.
LaTeX Font Info:    Redeclaring math delimiter \rangle on input line 259.
LaTeX Font Info:    Redeclaring math delimiter \vert on input line 264.
LaTeX Font Info:    Redeclaring math symbol \hbar on input line 284.
LaTeX Font Info:    Redeclaring math accent \grave on input line 301.
LaTeX Font Info:    Redeclaring math accent \acute on input line 302.
LaTeX Font Info:    Redeclaring math accent \check on input line 303.
LaTeX Font Info:    Redeclaring math accent \breve on input line 304.
LaTeX Font Info:    Redeclaring math accent \bar on input line 305.
LaTeX Font Info:    Redeclaring math accent \mathring on input line 306.
LaTeX Font Info:    Redeclaring math accent \hat on input line 307.
LaTeX Font Info:    Redeclaring math accent \dot on input line 308.
LaTeX Font Info:    Redeclaring math accent \tilde on input line 309.
LaTeX Font Info:    Redeclaring math accent \dot on input line 310.
LaTeX Font Info:    Redeclaring math accent \ddot on input line 311.
LaTeX Font Info:    Redeclaring math accent \vec on input line 1332.
LaTeX Font Info:    Redeclaring math symbol \m@thbbch@rA on input line 1532.
LaTeX Info: Redefining \not on input line 1786.
) (C:\miktex-portable\texmfs\install\tex/latex/geometry\geometry.sty
Package: geometry 2020/01/02 v5.9 Page Geometry
 (C:\miktex-portable\texmfs\install\tex/generic/iftex\ifvtex.sty
Package: ifvtex 2019/10/25 v1.7 ifvtex legacy package. Use iftex instead.
)
\Gm@cnth=\count361
\Gm@cntv=\count362
\c@Gm@tempcnt=\count363
\Gm@bindingoffset=\dimen298
\Gm@wd@mp=\dimen299
\Gm@odd@mp=\dimen300
\Gm@even@mp=\dimen301
\Gm@layoutwidth=\dimen302
\Gm@layoutheight=\dimen303
\Gm@layouthoffset=\dimen304
\Gm@layoutvoffset=\dimen305
\Gm@dimlist=\toks60
 (C:\miktex-portable\texmfs\install\tex/latex/geometry\geometry.cfg)) (C:\miktex-portable\texmfs\install\tex/generic/alphalph\alphalph.sty
Package: alphalph 2019/12/09 v2.6 Convert numbers to letters (HO)
 (C:\miktex-portable\texmfs\install\tex/generic/intcalc\intcalc.sty
Package: intcalc 2019/12/15 v1.3 Expandable calculations with integers (HO)
))
\c@authorfn=\count364
 (C:\miktex-portable\texmfs\install\tex/latex/koma-script\scrextend.sty
Package: scrextend 2025/12/01 v3.49 KOMA-Script package (extend other classes with features of KOMA-Script classes)
 (C:\miktex-portable\texmfs\install\tex/latex/koma-script\scrkbase.sty
Package: scrkbase 2025/12/01 v3.49 KOMA-Script package (KOMA-Script-dependent basics and keyval usage)
 (C:\miktex-portable\texmfs\install\tex/latex/koma-script\scrbase.sty
Package: scrbase 2025/12/01 v3.49 KOMA-Script package (KOMA-Script-independent basics and keyval usage)
 (C:\miktex-portable\texmfs\install\tex/latex/koma-script\scrlfile.sty
Package: scrlfile 2025/12/01 v3.49 KOMA-Script package (file load hooks)
 (C:\miktex-portable\texmfs\install\tex/latex/koma-script\scrlfile-hook.sty
Package: scrlfile-hook 2025/12/01 v3.49 KOMA-Script package (using LaTeX hooks)
 (C:\miktex-portable\texmfs\install\tex/latex/koma-script\scrlogo.sty
Package: scrlogo 2025/12/01 v3.49 KOMA-Script package (logo)
)))
Applying: [2021/05/01] Usage of raw or classic option list on input line 254.
Already applied: [0000/00/00] Usage of raw or classic option list on input line 370.
))) (C:\miktex-portable\texmfs\install\tex/latex/titlesec\titlesec.sty
Package: titlesec 2025/01/04 v2.17 Sectioning titles
\ttl@box=\box78
\beforetitleunit=\skip146
\aftertitleunit=\skip147
\ttl@plus=\dimen306
\ttl@minus=\dimen307
\ttl@toksa=\toks61
\titlewidth=\dimen308
\titlewidthlast=\dimen309
\titlewidthfirst=\dimen310
)
\c@ttlp@side=\count365
\ttlp@side=\count366
 (C:\miktex-portable\texmfs\install\tex/latex/footmisc\footmisc.sty
Package: footmisc 2025/05/09 v7.0b a miscellany of footnote facilities
\FN@temptoken=\toks62
\footnotemargin=\dimen311
Package footmisc Info: Declaring symbol style bringhurst on input line 549.
Package footmisc Info: Declaring symbol style chicago on input line 557.
Package footmisc Info: Declaring symbol style wiley on input line 566.
Package footmisc Info: Declaring symbol style lamport-robust on input line 577.
Package footmisc Info: Declaring symbol style lamport* on input line 597.
Package footmisc Info: Declaring symbol style lamport*-robust on input line 618.
) (C:\miktex-portable\texmfs\install\tex/latex/fancyhdr\fancyhdr.sty
Package: fancyhdr 2025/02/07 v5.2 Extensive control of page headers and footers
\f@nch@headwidth=\skip148
\f@nch@offset@elh=\skip149
\f@nch@offset@erh=\skip150
\f@nch@offset@olh=\skip151
\f@nch@offset@orh=\skip152
\f@nch@offset@elf=\skip153
\f@nch@offset@erf=\skip154
\f@nch@offset@olf=\skip155
\f@nch@offset@orf=\skip156
\f@nch@height=\skip157
\f@nch@footalignment=\skip158
\f@nch@widthL=\skip159
\f@nch@widthC=\skip160
\f@nch@widthR=\skip161
\@temptokenb=\toks63
)
(C:\miktex-portable\texmfs\install\tex/latex/changepage\changepage.sty
Package: changepage 2009/10/20 v1.0c check page and change page layout
\c@cp@cntr=\count367
\cp@tempcnt=\count368
) (C:\miktex-portable\texmfs\install\tex/latex/environ\environ.sty
Package: environ 2014/05/04 v0.3 A new way to define environments
 (C:\miktex-portable\texmfs\install\tex/latex/trimspaces\trimspaces.sty
Package: trimspaces 2009/09/17 v1.1 Trim spaces around a token list
)) (C:\miktex-portable\texmfs\install\tex/latex/marginnote\marginnote.sty
Package: marginnote 2026/01/02 1.4d non floating margin notes for LaTeX 
\c@mn@abspage=\count369
)
\wiley@affilmetadataheight=\skip162
\wiley@abstractheight=\skip163
 (C:\miktex-portable\texmfs\install\tex/latex/quoting\quoting.sty
Package: quoting 2014/01/28 v0.1c Consolidated environment for displayed text
\quo@toppartop=\skip164
) (C:\miktex-portable\texmfs\install\tex/latex/enumitem\enumitem.sty
Package: enumitem 2025/02/06 v3.11 Customized lists
\labelindent=\skip165
\enit@outerparindent=\dimen312
\enit@toks=\toks64
\enit@inbox=\box79
\enit@count@id=\count370
\enitdp@description=\count371
)
\c@theorem=\count372
\c@lemma=\count373
\c@proposition=\count374
\c@corollary=\count375
 (C:\miktex-portable\texmfs\install\tex/latex/caption\caption.sty
Package: caption 2023/08/05 v3.6o Customizing captions (AR)
 (C:\miktex-portable\texmfs\install\tex/latex/caption\caption3.sty
Package: caption3 2023/07/31 v2.4d caption3 kernel (AR)
\caption@tempdima=\dimen313
\captionmargin=\dimen314
\caption@leftmargin=\dimen315
\caption@rightmargin=\dimen316
\caption@width=\dimen317
\caption@indent=\dimen318
\caption@parindent=\dimen319
\caption@hangindent=\dimen320
Package caption Info: Standard document class detected.
)
\c@caption@flags=\count376
\c@continuedfloat=\count377
Package caption Info: changepage package is loaded.
\caption@adjustwidth@hsize=\dimen321
\caption@adjustwidth@linewidth=\dimen322
Package caption Info: scrextend package is loaded.
\caption@addmargin@hsize=\dimen323
\caption@addmargin@linewidth=\dimen324
) (C:\miktex-portable\texmfs\install\tex/latex/threeparttable\threeparttable.sty
Package: threeparttable 2003/06/13  v 3.0
\@tempboxb=\box80
) (C:\miktex-portable\texmfs\install\tex/latex/newfloat\newfloat.sty
Package: newfloat 2023/10/01 v1.2 Defining new floating environments (AR)
)
Package newfloat Info: New float `featurebox' with options `placement=bt,name=box' on input line 674.
\c@featurebox=\count378
\newfloat@ftype=\count379
Package newfloat Info: float type `featurebox'=8 on input line 674.
 (C:\miktex-portable\texmfs\install\tex/latex/enotez\enotez.sty (C:\miktex-portable\texmfs\install\tex/latex/l3packages/l3keys2e\l3keys2e.sty
Package: l3keys2e 2025-10-09 LaTeX2e option processing using LaTeX3 keys
) (C:\miktex-portable\texmfs\install\tex/latex/l3packages/xtemplate\xtemplate.sty
Package: xtemplate 2025-10-09 L3 Experimental prototype document functions
)
Package: enotez 2022/01/04 v0.10d Endnotes for LaTeX2e
\l__enotez_list_preamble_skip=\skip166
\l__enotez_list_postamble_skip=\skip167
\g__enotez_endnote_id_int=\count380
\g__enotez_endnote_mark_int=\count381
\c@endnote=\count382
\g__enotez_list_printed_int=\count383
\l__enotez_tmpa_int=\count384

LaTeX template Info: Declaring template type 'enotez-list' taking 1
(template)           argument(s) on line 473.

\l__enotez_list_notes_sep_dim=\dimen325
 (C:\miktex-portable\texmfs\install\tex/latex/translations\translations.sty
Package: translations 2022/02/05 v1.12 internationalization of LaTeX2e packages (CN)
))
\c@enotezlisti=\count385
\enitdp@enotezlist=\count386

LaTeX template Info: Declaring instance 'itemize' of type enotez-list on line
(template)           697.


LaTeX template Info: Declaring instance 'itemize' of type enotez-list on line
(template)           702.

 (C:\miktex-portable\texmfs\install\tex/latex/natbib\natbib.sty
Package: natbib 2010/09/13 8.31b (PWD, AO)
\bibhang=\skip168
\bibsep=\skip169
LaTeX Info: Redefining \cite on input line 694.
\c@NAT@ctr=\count387
) (C:\miktex-portable\texmfs\install\tex/latex/lettrine\lettrine.sty
File: lettrine.sty 2025-12-06 v2.83 (Daniel Flipo)
\c@DefaultLines=\count388
\c@DefaultDepth=\count389
\DefaultFindent=\dimen326
\DefaultNindent=\dimen327
\DefaultSlope=\dimen328
\DiscardVskip=\dimen329
\L@lbox=\box81
\c@L@lines=\count390
\c@L@depth=\count391
\L@Pindent=\dimen330
\L@Findent=\dimen331
\L@Nindent=\dimen332
\L@lraise=\dimen333
\L@first=\dimen334
\L@next=\dimen335
\L@slope=\dimen336
\L@height=\dimen337
\L@novskip=\dimen338
\L@target@ht=\dimen339
\L@target@dp=\dimen340
\L@target@tht=\dimen341
\LettrineWidth=\dimen342
\LettrineHeight=\dimen343
\LettrineDepth=\dimen344
\L@finalht=\dimen345
\L@finaldp=\dimen346

Loading lettrine.cfg
(C:\miktex-portable\texmfs\install\tex/latex/lettrine\lettrine.cfg)
\Lettrine@tweaks=\toks65
\Llist@everypar=\toks66
)) (C:\miktex-portable\texmfs\install\tex/latex/siunitx\siunitx.sty
Package: siunitx 2025-07-09 v3.4.14 A comprehensive (SI) units package
\l__siunitx_number_uncert_offset_int=\count392
\l__siunitx_number_exponent_fixed_int=\count393
\l__siunitx_number_min_decimal_int=\count394
\l__siunitx_number_min_integer_int=\count395
\l__siunitx_number_round_precision_int=\count396
\l__siunitx_number_lower_threshold_int=\count397
\l__siunitx_number_upper_threshold_int=\count398
\l__siunitx_number_group_first_int=\count399
\l__siunitx_number_group_size_int=\count400
\l__siunitx_number_group_minimum_int=\count401
\l__siunitx_angle_tmp_dim=\dimen347
\l__siunitx_angle_marker_box=\box82
\l__siunitx_angle_unit_box=\box83
\l__siunitx_compound_count_int=\count402
\l__siunitx_table_tmp_box=\box84
\l__siunitx_table_tmp_dim=\dimen348
\l__siunitx_table_column_width_dim=\dimen349
\l__siunitx_table_integer_box=\box85
\l__siunitx_table_decimal_box=\box86
\l__siunitx_table_uncert_box=\box87
\l__siunitx_table_before_box=\box88
\l__siunitx_table_after_box=\box89
\l__siunitx_table_before_dim=\dimen350
\l__siunitx_table_carry_dim=\dimen351
\l__siunitx_unit_tmp_int=\count403
\l__siunitx_unit_position_int=\count404
\l__siunitx_unit_total_int=\count405
) (C:\miktex-portable\texmfs\install\tex/latex/setspace\setspace.sty
Package: setspace 2022/12/04 v6.7b set line spacing
) (C:\miktex-portable\texmfs\install\tex/latex/listings\listings.sty
\lst@mode=\count406
\lst@gtempboxa=\box90
\lst@token=\toks67
\lst@length=\count407
\lst@currlwidth=\dimen352
\lst@column=\count408
\lst@pos=\count409
\lst@lostspace=\dimen353
\lst@width=\dimen354
\lst@newlines=\count410
\lst@lineno=\count411
\lst@maxwidth=\dimen355
 (C:\miktex-portable\texmfs\install\tex/latex/listings\lstpatch.sty
File: lstpatch.sty 2025/11/14 1.11b (Carsten Heinz)
) (C:\miktex-portable\texmfs\install\tex/latex/listings\lstmisc.sty
File: lstmisc.sty 2025/11/14 1.11b (Carsten Heinz)
\c@lstnumber=\count412
\lst@skipnumbers=\count413
\lst@framebox=\box91
) (C:\miktex-portable\texmfs\install\tex/latex/listings\listings.cfg
File: listings.cfg 2025/11/14 1.11b listings configuration
))
Package: listings 2025/11/14 1.11b (Carsten Heinz)

==> First Aid for listings.sty no longer applied!
    Expected:
        2024/09/23 1.10c (Carsten Heinz)
    but found:
        2025/11/14 1.11b (Carsten Heinz)
    so I'm assuming it got fixed.
(C:\miktex-portable\texmfs\install\tex/latex/caption\subcaption.sty
Package: subcaption 2023/07/28 v1.6b Sub-captions (AR)
Package caption Info: New subtype `subfigure' on input line 238.
\c@subfigure=\count414
Package caption Info: New subtype `subtable' on input line 238.
\c@subtable=\count415
Package caption Info: New subtype `subfeaturebox' on input line 238.
\c@subfeaturebox=\count416
) (C:\miktex-portable\texmfs\install\tex/latex/hyperref\hyperref.sty
Package: hyperref 2025-07-12 v7.01o Hypertext links for LaTeX
 (C:\miktex-portable\texmfs\install\tex/generic/pdfescape\pdfescape.sty
Package: pdfescape 2019/12/09 v1.15 Implements pdfTeX's escape features (HO)
) (C:\miktex-portable\texmfs\install\tex/latex/hycolor\hycolor.sty
Package: hycolor 2020-01-27 v1.10 Color options for hyperref/bookmark (HO)
) (C:\miktex-portable\texmfs\install\tex/latex/hyperref\nameref.sty
Package: nameref 2025-06-21 v2.57 Cross-referencing by name of section
 (C:\miktex-portable\texmfs\install\tex/latex/refcount\refcount.sty
Package: refcount 2019/12/15 v3.6 Data extraction from label references (HO)
) (C:\miktex-portable\texmfs\install\tex/generic/gettitlestring\gettitlestring.sty
Package: gettitlestring 2019/12/15 v1.6 Cleanup title references (HO)
)
\c@section@level=\count417
) (C:\miktex-portable\texmfs\install\tex/generic/stringenc\stringenc.sty
Package: stringenc 2019/11/29 v1.12 Convert strings between diff. encodings (HO)
)
\@linkdim=\dimen356
\Hy@linkcounter=\count418
\Hy@pagecounter=\count419
 (C:\miktex-portable\texmfs\install\tex/latex/hyperref\pd1enc.def
File: pd1enc.def 2025-07-12 v7.01o Hyperref: PDFDocEncoding definition (HO)
Now handling font encoding PD1 ...
... no UTF-8 mapping file for font encoding PD1
)
\Hy@SavedSpaceFactor=\count420
 (C:\miktex-portable\texmfs\install\tex/latex/hyperref\puenc.def
File: puenc.def 2025-07-12 v7.01o Hyperref: PDF Unicode definition (HO)
Now handling font encoding PU ...
... no UTF-8 mapping file for font encoding PU
)
Package hyperref Info: Hyper figures OFF on input line 4195.
Package hyperref Info: Link nesting OFF on input line 4200.
Package hyperref Info: Hyper index ON on input line 4203.
Package hyperref Info: Plain pages OFF on input line 4210.
Package hyperref Info: Backreferencing OFF on input line 4215.
Package hyperref Info: Implicit mode ON; LaTeX internals redefined.
Package hyperref Info: Bookmarks ON on input line 4462.
\c@Hy@tempcnt=\count421
LaTeX Info: Redefining \url on input line 4801.
\XeTeXLinkMargin=\dimen357
 (C:\miktex-portable\texmfs\install\tex/generic/bitset\bitset.sty
Package: bitset 2019/12/09 v1.3 Handle bit-vector datatype (HO)
 (C:\miktex-portable\texmfs\install\tex/generic/bigintcalc\bigintcalc.sty
Package: bigintcalc 2019/12/15 v1.5 Expandable calculations on big integers (HO)
))
\Fld@menulength=\count422
\Field@Width=\dimen358
\Fld@charsize=\dimen359
Package hyperref Info: Hyper figures OFF on input line 6078.
Package hyperref Info: Link nesting OFF on input line 6083.
Package hyperref Info: Hyper index ON on input line 6086.
Package hyperref Info: backreferencing OFF on input line 6093.
Package hyperref Info: Link coloring OFF on input line 6098.
Package hyperref Info: Link coloring with OCG OFF on input line 6103.
Package hyperref Info: PDF/A mode OFF on input line 6108.
\Hy@abspage=\count423
\c@Item=\count424
\c@Hfootnote=\count425
)
Package hyperref Info: Driver (autodetected): hpdftex.
 (C:\miktex-portable\texmfs\install\tex/latex/hyperref\hpdftex.def
File: hpdftex.def 2025-07-12 v7.01o Hyperref driver for pdfTeX
\HyAnn@Count=\count426
\Fld@listcount=\count427
\c@bookmark@seq@number=\count428
 (C:\miktex-portable\texmfs\install\tex/latex/rerunfilecheck\rerunfilecheck.sty
Package: rerunfilecheck 2025-06-21 v1.11 Rerun checks for auxiliary files (HO)
 (C:\miktex-portable\texmfs\install\tex/generic/uniquecounter\uniquecounter.sty
Package: uniquecounter 2019/12/15 v1.4 Provide unlimited unique counter (HO)
)
Package uniquecounter Info: New unique counter `rerunfilecheck' on input line 284.
)
\Hy@SectionHShift=\skip170
) (C:\miktex-portable\texmfs\install\tex/latex/pdflscape\pdflscape.sty
Package: pdflscape 2022-10-27 v0.13 Display of landscape pages in PDF
 (C:\miktex-portable\texmfs\install\tex/latex/pdflscape\pdflscape-nometadata.sty
Package: pdflscape-nometadata 2022-10-28 v0.13 Display of landscape pages in PDF (HO)
 (C:\miktex-portable\texmfs\install\tex/latex/graphics\lscape.sty
Package: lscape 2020/05/28 v3.02 Landscape Pages (DPC)
)
Package pdflscape Info: Auto-detected driver: pdftex on input line 81.
)) (C:\miktex-portable\texmfs\install\tex/latex/textpos\textpos.sty
Package: textpos 2022/07/23 v1.10.1
Package textpos Info: choosing support for LaTeX3 on input line 60.
\TP@textbox=\box92
\TP@holdbox=\box93
\TPHorizModule=\dimen360
\TPVertModule=\dimen361
\TP@margin=\dimen362
\TP@absmargin=\dimen363

Grid set 16 x 16 = 30.40887pt x 43.74611pt
\TPboxrulesize=\dimen364
\TP@ox=\dimen365
\TP@oy=\dimen366
\TP@tbargs=\toks68
TextBlockOrigin set to 0pt x 0pt
)
Package hyperref Info: Option `colorlinks' set `true' on input line 123.
Package translations Info: No language package found. I am going to use `english' as default language. on input line 157.
LaTeX Font Info:    Trying to load font information for T1+lato-TLF on input line 157.
 (C:\miktex-portable\texmfs\install\tex/latex/lato\t1lato-tlf.fd
File: T1lato-TLF.fd 2019/06/24 Font definitions for T1/lato-TLF.
)
LaTeX Font Info:    Font shape `T1/lato-TLF/m/n' will be
(Font)              scaled to size 8.0pt on input line 157.
 (Manuscript.aux)
\openout1 = `Manuscript.aux'.

LaTeX Font Info:    Checking defaults for OML/ntxsfmi/m/it on input line 157.
LaTeX Font Info:    Trying to load font information for OML+ntxsfmi on input line 157.
 (C:\miktex-portable\texmfs\install\tex/latex/newtxsf\omlntxsfmi.fd
File: omlntxsfmi.fd 2014/11/16 Fontinst v1.933 font definitions for OML/ntxsfmi.
)
LaTeX Font Info:    ... okay on input line 157.
LaTeX Font Info:    Checking defaults for OMS/cmsy/m/n on input lcript=math;language=dflt;mathfontdimen=x
etex;mathfontdimen=tex3;"<6-8.5>"name:Latin
(fontspec)             Modern
(fontspec)             Math:mode=base;script=math;language=dflt;mathfontdimen=x
etex;mathfontdimen=tex3;+ssty=0;"<-6>"name:Latin
(fontspec)             Modern
(fontspec)             Math:mode=base;script=math;language=dflt;mathfontdimen=x
etex;mathfontdimen=tex3;+ssty=1;"

LaTeX Font Info:    Encoding `OMX' has changed to `TU' for symbol font
(Font)              `largesymbols' in the math version `normal' on input line 1
42.
LaTeX Font Info:    Overwriting symbol font `largesymbols' in version `normal'
(Font)                  OMX/cmex/m/n --> TU/LatinModernMath(3)/m/n on input lin
e 142.
LaTeX Font Info:    Encoding `OMX' has changed to `TU' for symbol font
(Font)              `largesymbols' in the math version `bold' on input line 142
.
LaTeX Font Info:    Overwriting symbol font `largesymbols' in version `bold'
(Font)                  OMX/cmex/m/n --> TU/LatinModernMath(3)/b/n on input lin
e 142.
\sym__um_fam1=\mathgroup7
LaTeX Font Info:    Overwriting symbol font `__um_fam1' in version `normal'
(Font)                  TU/LatinModernMath(1)/m/n --> TU/LatinModernMath(1)/m/n
 on input line 143.
LaTeX Font Info:    Overwriting symbol font `__um_fam1' in version `bold'
(Font)                  TU/LatinModernMath(1)/m/n --> TU/LatinModernMath(1)/b/n
 on input line 143.

Package fontspec Info: 
(fontspec)             Script 'Math' not explicitly supported within font
(fontspec)             'Lato'. Check the typeset output, and if it is okay
(fontspec)             then ignore this warning. Otherwise a different font
(fontspec)             should be chosen.


Package fontspec Info: 
(fontspec)             Font family 'Lato(2)' created for font 'Lato' with
(fontspec)             options
(fontspec)             [Renderer=Basic,BoldItalicFont={},ItalicFont={},SmallCap
sFont={},Script=Math,SizeFeatures={{Size=8.5-},{Size=6-8.5,Font=Lato,Style=Math
Script},{Size=-6,Font=Lato,Style=MathScriptScript}},RawFeature={mathfontdimen=x
etex},Ligatures={TeX}].
(fontspec)              
(fontspec)              This font family consists of the following NFSS
(fontspec)             series/shapes:
(fontspec)              
(fontspec)             - 'normal' (m/n) with NFSS spec.:
(fontspec)             <8.5->"name:Lato:mode=base;script=math;language=dflt;mat
hfontdimen=xetex;+tlig;"<6-8.5>"name:Lato:mode=base;script=math;language=dflt;m
athfontdimen=xetex;+tlig;+ssty=0;"<-6>"name:Lato:mode=base;script=math;language
=dflt;mathfontdimen=xetex;+tlig;+ssty=1;"
(fontspec)             - 'bold' (b/n) with NFSS spec.:
(fontspec)             <->"name:Lato/B:mode=base;script=math;language=dflt;math
fontdimen=xetex;+tlig;"

\sym__um_fam2=\mathgroup8
LaTeX Font Info:    Overwriting symbol font `__um_fam2' in version `normal'
(Font)                  TU/Lato(2)/m/n --> TU/Lato(2)/m/n on input line 144.
LaTeX Font Info:    Overwriting symbol font `__um_fam2' in version `bold'
(Font)                  TU/Lato(2)/m/n --> TU/Lato(2)/b/n on input line 144.

Package fontspec Info: 
(fontspec)             Script 'Math' not explicitly supported within font
(fontspec)             'Lato Italic'. Check the typeset output, and if it is
(fontspec)             okay then ignore this warning. Otherwise a different
(fontspec)             font should be chosen.


Package fontspec Info: 
(fontspec)             Could not resolve font "Lato Italic/B" (it probably
(fontspec)             doesn't exist).


Package fontspec Info: 
(fontspec)             Font family 'LatoItalic(0)' created for font 'Lato
(fontspec)             Italic' with options
(fontspec)             [Renderer=Basic,BoldItalicFont={},ItalicFont={},SmallCap
sFont={},Script=Math,SizeFeatures={{Size=8.5-},{Size=6-8.5,Font=Lato
(fontspec)             Italic,Style=MathScript},{Size=-6,Font=Lato
(fontspec)             Italic,Style=MathScriptScript}},RawFeature={mathfontdime
n=xetex},Ligatures={TeX}].
(fontspec)              
(fontspec)              This font family consists of the following NFSS
(fontspec)             series/shapes:
(fontspec)              
(fontspec)             - 'normal' (m/n) with NFSS spec.: <8.5->"name:Lato
(fontspec)             Italic:mode=base;script=math;language=dflt;mathfontdimen
=xetex;+tlig;"<6-8.5>"name:Lato
(fontspec)             Italic:mode=base;script=math;language=dflt;mathfontdimen
=xetex;+tlig;+ssty=0;"<-6>"name:Lato
(fontspec)             Italic:mode=base;script=math;language=dflt;mathfontdimen
=xetex;+tlig;+ssty=1;"

\sym__um_fam3=\mathgroup9
LaTeX Font Info:    Overwriting symbol font `__um_fam3' in version `normal'
(Font)                  TU/LatoItalic(0)/m/n --> TU/LatoItalic(0)/m/n on input 
line 145.
LaTeX Font Info:    Overwriting symbol font `__um_fam3' in version `bold'
(Font)                  TU/LatoItalic(0)/m/n --> TU/LatoItalic(0)/b/n on input 
line 145.


Package unicode-math Warning: I am trying to set up alphabet"it/num" but there
(unicode-math)                are no configuration settings for it. (See
(unicode-math)                source file "unicode-math-alphabets.dtx" to
(unicode-math)                debug.)


Package fontspec Info: 
(fontspec)             Script 'Math' not explicitly supported within font
(fontspec)             'Lato Bold'. Check the typeset output, and if it is
(fontspec)             okay then ignore this warning. Otherwise a different
(fontspec)             font should be chosen.


Package fontspec Info: 
(fontspec)             Could not resolve font "Lato Bold/B" (it probably
(fontspec)             doesn't exist).


Package fontspec Info: 
(fontspec)             Font family 'LatoBold(0)' created for font 'Lato Bold'
(fontspec)             with options
(fontspec)             [Renderer=Basic,BoldItalicFont={},ItalicFont={},SmallCap
sFont={},Script=Math,SizeFeatures={{Size=8.5-},{Size=6-8.5,Font=Lato
(fontspec)             Bold,Style=MathScript},{Size=-6,Font=Lato
(fontspec)             Bold,Style=MathScriptScript}},RawFeature={mathfontdimen=
xetex},Ligatures={TeX}].
(fontspec)              
(fontspec)              This font family consists of the following NFSS
(fontspec)             series/shapes:
(fontspec)              
(fontspec)             - 'normal' (m/n) with NFSS spec.: <8.5->"name:Lato
(fontspec)             Bold:mode=base;script=math;language=dflt;mathfontdimen=x
etex;+tlig;"<6-8.5>"name:Lato
(fontspec)             Bold:mode=base;script=math;language=dflt;mathfontdimen=x
etex;+tlig;+ssty=0;"<-6>"name:Lato
(fontspec)             Bold:mode=base;script=math;language=dflt;mathfontdimen=x
etex;+tlig;+ssty=1;"

\sym__um_fam4=\mathgroup10
LaTeX Font Info:    Overwriting symbol font `__um_fam4' in version `normal'
(Font)                  TU/LatoBold(0)/m/n --> TU/LatoBold(0)/m/n on input line
 146.
LaTeX Font Info:    Overwriting symbol font `__um_fam4' in version `bold'
(Font)                  TU/LatoBold(0)/m/n --> TU/LatoBold(0)/b/n on input line
 146.
LaTeX Font Info:    Overwriting math alphabet `\mathsf' in version `normal'
(Font)                  OT1/cmss/m/n --> TU/Lato(1)/m/n on input line 148.
LaTeX Font Info:    Overwriting math alphabet `\mathsf' in version `bold'
(Font)                  OT1/cmss/bx/n --> TU/Lato(1)/b/n on input line 148.
(C:/miktex-portable/texmfs/install/tex/latex/geometry/geometry.sty
Package: geometry 2020/01/02 v5.9 Page Geometry

(C:/miktex-portable/texmfs/install/tex/generic/iftex/ifvtex.sty
Package: ifvtex 2019/10/25 v1.7 ifvtex legacy package. Use iftex instead.
)
\Gm@cnth=\count371
\Gm@cntv=\count372
\c@Gm@tempcnt=\count373
\Gm@bindingoffset=\dimen300
\Gm@wd@mp=\dimen301
\Gm@odd@mp=\dimen302
\Gm@even@mp=\dimen303
\Gm@layoutwidth=\dimen304
\Gm@layoutheight=\dimen305
\Gm@layouthoffset=\dimen306
\Gm@layoutvoffset=\dimen307
\Gm@dimlist=\toks57

(C:/miktex-portable/texmfs/install/tex/latex/geometry/geometry.cfg))
(C:/miktex-portable/texmfs/install/tex/generic/alphalph/alphalph.sty
Package: alphalph 2019/12/09 v2.6 Convert numbers to letters (HO)

(C:/miktex-portable/texmfs/install/tex/generic/intcalc/intcalc.sty
Package: intcalc 2019/12/15 v1.3 Expandable calculations with integers (HO)
))
\c@authorfn=\count374

(C:/miktex-portable/texmfs/install/tex/latex/koma-script/scrextend.sty
Package: scrextend 2025/12/01 v3.49 KOMA-Script package (extend other classes w
ith features of KOMA-Script classes)

(C:/miktex-portable/texmfs/install/tex/latex/koma-script/scrkbase.sty
Package: scrkbase 2025/12/01 v3.49 KOMA-Script package (KOMA-Script-dependent b
asics and keyval usage)

(C:/miktex-portable/texmfs/install/tex/latex/koma-script/scrbase.sty
Package: scrbase 2025/12/01 v3.49 KOMA-Script package (KOMA-Script-independent 
basics and keyval usage)

(C:/miktex-portable/texmfs/install/tex/latex/koma-script/scrlfile.sty
Package: scrlfile 2025/12/01 v3.49 KOMA-Script package (file load hooks)

(C:/miktex-portable/texmfs/install/tex/latex/koma-script/scrlfile-hook.sty
Package: scrlfile-hook 2025/12/01 v3.49 KOMA-Script package (using LaTeX hooks)


(C:/miktex-portable/texmfs/install/tex/latex/koma-script/scrlogo.sty
Package: scrlogo 2025/12/01 v3.49 KOMA-Script package (logo)
)))
Applying: [2021/05/01] Usage of raw or classic option list on input line 254.
Already applied: [0000/00/00] Usage of raw or classic option list on input line
 370.
)))
(C:/miktex-portable/texmfs/install/tex/latex/titlesec/titlesec.sty
Package: titlesec 2025/01/04 v2.17 Sectioning titles
\ttl@box=\box78
\beforetitleunit=\skip146
\aftertitleunit=\skip147
\ttl@plus=\dimen308
\ttl@minus=\dimen309
\ttl@toksa=\toks58
\titlewidth=\dimen310
\titlewidthlast=\dimen311
\titlewidthfirst=\dimen312
)
\c@ttlp@side=\count375
\ttlp@side=\count376

(C:/miktex-portable/texmfs/install/tex/latex/footmisc/footmisc.sty
Package: footmisc 2025/05/09 v7.0b a miscellany of footnote facilities
\FN@temptoken=\toks59
\footnotemargin=\dimen313
Package footmisc Info: Declaring symbol style bringhurst on input line 549.
Package footmisc Info: Declaring symbol style chicago on input line 557.
Package footmisc Info: Declaring symbol style wiley on input line 566.
Package footmisc Info: Declaring symbol style lamport-robust on input line 577.

Package footmisc Info: Declaring symbol style lamport* on input line 597.
Package footmisc Info: Declaring symbol style lamport*-robust on input line 618
.
)
(C:/miktex-portable/texmfs/install/tex/latex/fancyhdr/fancyhdr.sty
Package: fancyhdr 2025/02/07 v5.2 Extensive control of page headers and footers

\f@nch@headwidth=\skip148
\f@nch@offset@elh=\skip149
\f@nch@offset@erh=\skip150
\f@nch@offset@olh=\skip151
\f@nch@offset@orh=\skip152
\f@nch@offset@elf=\skip153
\f@nch@offset@erf=\skip154
\f@nch@offset@olf=\skip155
\f@nch@offset@orf=\skip156
\f@nch@height=\skip157
\f@nch@footalignment=\skip158
\f@nch@widthL=\skip159
\f@nch@widthC=\skip160
\f@nch@widthR=\skip161
\@temptokenb=\toks60
)
(C:/miktex-portable/texmfs/install/tex/latex/changepage/changepage.sty
Package: changepage 2009/10/20 v1.0c check page and change page layout
\c@cp@cntr=\count377
\cp@tempcnt=\count378
)
(C:/miktex-portable/texmfs/install/tex/latex/environ/environ.sty
Package: environ 2014/05/04 v0.3 A new way to define environments

(C:/miktex-portable/texmfs/install/tex/latex/trimspaces/trimspaces.sty
Package: trimspaces 2009/09/17 v1.1 Trim spaces around a token list
))
(C:/miktex-portable/texmfs/install/tex/latex/marginnote/marginnote.sty
Package: marginnote 2026/01/02 1.4d non floating margin notes for LaTeX 
\c@mn@abspage=\count379
)
\wiley@affilmetadataheight=\skip162
\wiley@abstractheight=\skip163

(C:/miktex-portable/texmfs/install/tex/latex/quoting/quoting.sty
Package: quoting 2014/01/28 v0.1c Consolidated environment for displayed text
\quo@toppartop=\skip164
)
(C:/miktex-portable/texmfs/install/tex/latex/enumitem/enumitem.sty
Package: enumitem 2025/02/06 v3.11 Customized lists
\labelindent=\skip165
\enit@outerparindent=\dimen314
\enit@toks=\toks61
\enit@inbox=\box79
\enit@count@id=\count380
\enitdp@description=\count381
)
\c@theorem=\count382
\c@lemma=\count383
\c@proposition=\count384
\c@corollary=\count385

(C:/miktex-portable/texmfs/install/tex/latex/caption/caption.sty
Package: caption 2023/08/05 v3.6o Customizing captions (AR)

(C:/miktex-portable/texmfs/install/tex/latex/caption/caption3.sty
Package: caption3 2023/07/31 v2.4d caption3 kernel (AR)
\caption@tempdima=\dimen315
\captionmargin=\dimen316
\caption@leftmargin=\dimen317
\caption@rightmargin=\dimen318
\caption@width=\dimen319
\caption@indent=\dimen320
\caption@parindent=\dimen321
\caption@hangindent=\dimen322
Package caption Info: Standard document class detected.
)
\c@caption@flags=\count386
\c@continuedfloat=\count387
Package caption Info: changepage package is loaded.
\caption@adjustwidth@hsize=\dimen323
\caption@adjustwidth@linewidth=\dimen324
Package caption Info: scrextend package is loaded.
\caption@addmargin@hsize=\dimen325
\caption@addmargin@linewidth=\dimen326
)
(C:/miktex-portable/texmfs/install/tex/latex/threeparttable/threeparttable.sty
Package: threeparttable 2003/06/13  v 3.0
\@tempboxb=\box80
) (C:/miktex-portable/texmfs/install/tex/latex/newfloat/newfloat.sty
Package: newfloat 2023/10/01 v1.2 Defining new floating environments (AR)
)
Package newfloat Info: New float `featurebox' with options `placement=bt,name=b
ox' on input line 674.
\c@featurebox=\count388
\newfloat@ftype=\count389
Package newfloat Info: float type `featurebox'=8 on input line 674.

(C:/miktex-portable/texmfs/install/tex/latex/enotez/enotez.sty
(C:/miktex-portable/texmfs/install/tex/latex/l3packages/xtemplate/xtemplate.sty
Package: xtemplate 2025-10-09 L3 Experimental prototype document functions
)
Package: enotez 2022/01/04 v0.10d Endnotes for LaTeX2e
\l__enotez_list_preamble_skip=\skip166
\l__enotez_list_postamble_skip=\skip167
\g__enotez_endnote_id_int=\count390
\g__enotez_endnote_mark_int=\count391
\c@endnote=\count392
\g__enotez_list_printed_int=\count393
\l__enotez_tmpa_int=\count394

LaTeX template Info: Declaring template type 'enotez-list' taking 1
(template)           argument(s) on line 473.

\l__enotez_list_notes_sep_dim=\dimen327
 (C:/miktex-portable/texmfs/install/tex/latex/translations/translations.sty
Package: translations 2022/02/05 v1.12 internationalization of LaTeX2e packages
 (CN)
))
\c@enotezlisti=\count395
\enitdp@enotezlist=\count396

LaTeX template Info: Declaring instance 'itemize' of type enotez-list on line
(template)           697.


LaTeX template Info: Declaring instance 'itemize' of type enotez-list on line
(template)           702.


(C:/miktex-portable/texmfs/install/tex/latex/natbib/natbib.sty
Package: natbib 2010/09/13 8.31b (PWD, AO)
\bibhang=\skip168
\bibsep=\skip169
LaTeX Info: Redefining \cite on input line 694.
\c@NAT@ctr=\count397
)
(C:/miktex-portable/texmfs/install/tex/latex/lettrine/lettrine.sty
File: lettrine.sty 2025-12-06 v2.83 (Daniel Flipo)
\c@DefaultLines=\count398
\c@DefaultDepth=\count399
\DefaultFindent=\dimen328
\DefaultNindent=\dimen329
\DefaultSlope=\dimen330
\DiscardVskip=\dimen331
\L@lbox=\box81
\c@L@lines=\count400
\c@L@depth=\count401
\L@Pindent=\dimen332
\L@Findent=\dimen333
\L@Nindent=\dimen334
\L@lraise=\dimen335
\L@first=\dimen336
\L@next=\dimen337
\L@slope=\dimen338
\L@height=\dimen339
\L@novskip=\dimen340
\L@target@ht=\dimen341
\L@target@dp=\dimen342
\L@target@tht=\dimen343
\LettrineWidth=\dimen344
\LettrineHeight=\dimen345
\LettrineDepth=\dimen346
\L@finalht=\dimen347
\L@finaldp=\dimen348

Loading lettrine.cfg
(C:/miktex-portable/texmfs/install/tex/latex/lettrine/lettrine.cfg)
\Lettrine@tweaks=\toks62
\Llist@everypar=\toks63
))
(C:/miktex-portable/texmfs/install/tex/latex/siunitx/siunitx.sty
Package: siunitx 2025-07-09 v3.4.14 A comprehensive (SI) units package
\l__siunitx_number_uncert_offset_int=\count402
\l__siunitx_number_exponent_fixed_int=\count403
\l__siunitx_number_min_decimal_int=\count404
\l__siunitx_number_min_integer_int=\count405
\l__siunitx_number_round_precision_int=\count406
\l__siunitx_number_lower_threshold_int=\count407
\l__siunitx_number_upper_threshold_int=\count408
\l__siunitx_number_group_first_int=\count409
\l__siunitx_number_group_size_int=\count410
\l__siunitx_number_group_minimum_int=\count411
\l__siunitx_angle_tmp_dim=\dimen349
\l__siunitx_angle_marker_box=\box82
\l__siunitx_angle_unit_box=\box83
\l__siunitx_compound_count_int=\count412
\l__siunitx_table_tmp_box=\box84
\l__siunitx_table_tmp_dim=\dimen350
\l__siunitx_table_column_width_dim=\dimen351
\l__siunitx_table_integer_box=\box85
\l__siunitx_table_decimal_box=\box86
\l__siunitx_table_uncert_box=\box87
\l__siunitx_table_before_box=\box88
\l__siunitx_table_after_box=\box89
\l__siunitx_table_before_dim=\dimen352
\l__siunitx_table_carry_dim=\dimen353
\l__siunitx_unit_tmp_int=\count413
\l__siunitx_unit_position_int=\count414
\l__siunitx_unit_total_int=\count415
)
(C:/miktex-portable/texmfs/install/tex/latex/setspace/setspace.sty
Package: setspace 2022/12/04 v6.7b set line spacing
)
(C:/miktex-portable/texmfs/install/tex/latex/listings/listings.sty
\lst@mode=\count416
\lst@gtempboxa=\box90
\lst@token=\toks64
\lst@length=\count417
\lst@currlwidth=\dimen354
\lst@column=\count418
\lst@pos=\count419
\lst@lostspace=\dimen355
\lst@width=\dimen356
\lst@newlines=\count420
\lst@lineno=\count421
\lst@maxwidth=\dimen357

(C:/miktex-portable/texmfs/install/tex/latex/listings/lstpatch.sty
File: lstpatch.sty 2025/11/14 1.11b (Carsten Heinz)
)
(C:/miktex-portable/texmfs/install/tex/latex/listings/lstmisc.sty
File: lstmisc.sty 2025/11/14 1.11b (Carsten Heinz)
\c@lstnumber=\count422
\lst@skipnumbers=\count423
\lst@framebox=\box91
)
(C:/miktex-portable/texmfs/install/tex/latex/listings/listings.cfg
File: listings.cfg 2025/11/14 1.11b listings configuration
))
Package: listings 2025/11/14 1.11b (Carsten Heinz)

==> First Aid for listings.sty no longer applied!
    Expected:
        2024/09/23 1.10c (Carsten Heinz)
    but found:
        2025/11/14 1.11b (Carsten Heinz)
    so I'm assuming it got fixed.
(C:/miktex-portable/texmfs/install/tex/latex/caption/subcaption.sty
Package: subcaption 2023/07/28 v1.6b Sub-captions (AR)
Package caption Info: New subtype `subfigure' on input line 238.
\c@subfigure=\count424
Package caption Info: New subtype `subtable' on input line 238.
\c@subtable=\count425
Package caption Info: New subtype `subfeaturebox' on input line 238.
\c@subfeaturebox=\count426
)
(C:/miktex-portable/texmfs/install/tex/latex/hyperref/hyperref.sty
Package: hyperref 2025-07-12 v7.01o Hypertext links for LaTeX

(C:/miktex-portable/texmfs/install/tex/generic/pdfescape/pdfescape.sty
Package: pdfescape 2019/12/09 v1.15 Implements pdfTeX's escape features (HO)
)
(C:/miktex-portable/texmfs/install/tex/latex/hycolor/hycolor.sty
Package: hycolor 2020-01-27 v1.10 Color options for hyperref/bookmark (HO)
)
(C:/miktex-portable/texmfs/install/tex/latex/hyperref/nameref.sty
Package: nameref 2025-06-21 v2.57 Cross-referencing by name of section

(C:/miktex-portable/texmfs/install/tex/latex/refcount/refcount.sty
Package: refcount 2019/12/15 v3.6 Data extraction from label references (HO)
)
(C:/miktex-portable/texmfs/install/tex/generic/gettitlestring/gettitlestring.st
y
Package: gettitlestring 2019/12/15 v1.6 Cleanup title references (HO)
)
\c@section@level=\count427
) (C:/miktex-portable/texmfs/install/tex/generic/stringenc/stringenc.sty
Package: stringenc 2019/11/29 v1.12 Convert strings between diff. encodings (HO
)
)
\@linkdim=\dimen358
\Hy@linkcounter=\count428
\Hy@pagecounter=\count429

(C:/miktex-portable/texmfs/install/tex/latex/hyperref/pd1enc.def
File: pd1enc.def 2025-07-12 v7.01o Hyperref: PDFDocEncoding definition (HO)
)
\Hy@SavedSpaceFactor=\count430

(C:/miktex-portable/texmfs/install/tex/latex/hyperref/puenc.def
File: puenc.def 2025-07-12 v7.01o Hyperref: PDF Unicode definition (HO)
)
Package hyperref Info: Hyper figures OFF on input line 4195.
Package hyperref Info: Link nesting OFF on input line 4200.
Package hyperref Info: Hyper index ON on input line 4203.
Package hyperref Info: Plain pages OFF on input line 4210.
Package hyperref Info: Backreferencing OFF on input line 4215.
Package hyperref Info: Implicit mode ON; LaTeX internals redefined.
Package hyperref Info: Bookmarks ON on input line 4462.
\c@Hy@tempcnt=\count431
LaTeX Info: Redefining \url on input line 4801.
\XeTeXLinkMargin=\dimen359

(C:/miktex-portable/texmfs/install/tex/generic/bitset/bitset.sty
Package: bitset 2019/12/09 v1.3 Handle bit-vector datatype (HO)

(C:/miktex-portable/texmfs/install/tex/generic/bigintcalc/bigintcalc.sty
Package: bigintcalc 2019/12/15 v1.5 Expandable calculations on big integers (HO
)
))
\Fld@menulength=\count432
\Field@Width=\dimen360
\Fld@charsize=\dimen361
Package hyperref Info: Hyper figures OFF on input line 6078.
Package hyperref Info: Link nesting OFF on input line 6083.
Package hyperref Info: Hyper index ON on input line 6086.
Package hyperref Info: backreferencing OFF on input line 6093.
Package hyperref Info: Link coloring OFF on input line 6098.
Package hyperref Info: Link coloring with OCG OFF on input line 6103.
Package hyperref Info: PDF/A mode OFF on input line 6108.
\Hy@abspage=\count433
\c@Item=\count434
\c@Hfootnote=\count435
)
Package hyperref Info: Driver (autodetected): hluatex.

(C:/miktex-portable/texmfs/install/tex/latex/hyperref/hluatex.def
File: hluatex.def 2025-07-12 v7.01o Hyperref driver for luaTeX
\Fld@listcount=\count436
\c@bookmark@seq@number=\count437

(C:/miktex-portable/texmfs/install/tex/latex/rerunfilecheck/rerunfilecheck.sty
Package: rerunfilecheck 2025-06-21 v1.11 Rerun checks for auxiliary files (HO)

(C:/miktex-portable/texmfs/install/tex/generic/uniquecounter/uniquecounter.sty
Package: uniquecounter 2019/12/15 v1.4 Provide unlimited unique counter (HO)
)
Package uniquecounter Info: New unique counter `rerunfilecheck' on input line 2
84.
)
\Hy@SectionHShift=\skip170
) (C:/miktex-portable/texmfs/install/tex/latex/pdflscape/pdflscape.sty
Package: pdflscape 2022-10-27 v0.13 Display of landscape pages in PDF

(C:/miktex-portable/texmfs/install/tex/latex/pdflscape/pdflscape-nometadata.sty
Package: pdflscape-nometadata 2022-10-28 v0.13 Display of landscape pages in PD
F (HO)
(C:/miktex-portable/texmfs/install/tex/latex/graphics/lscape.sty
Package: lscape 2020/05/28 v3.02 Landscape Pages (DPC)
)
Package pdflscape Info: Auto-detected driver: pdftex on input line 81.
))
(C:/miktex-portable/texmfs/install/tex/latex/textpos/textpos.sty
Package: textpos 2022/07/23 v1.10.1
Package textpos Info: choosing support for LaTeX3 on input line 60.
\TP@textbox=\box92
\TP@holdbox=\box93
\TPHorizModule=\dimen362
\TPVertModule=\dimen363
\TP@margin=\dimen364
\TP@absmargin=\dimen365

Grid set 16 x 16 = 30.40887pt x 43.74611pt
\TPboxrulesize=\dimen366
\TP@ox=\dimen367
\TP@oy=\dimen368
\TP@tbargs=\toks65
TextBlockOrigin set to 0pt x 0pt
)
Package hyperref Info: Option `colorlinks' set `true' on input line 123.
Package translations Info: No language package found. I am going to use `englis
h' as default language. on input line 157.
 (./Manuscript.aux

LaTeX Warning: Label `tab1' multiply defined.

)
\openout1 = Manuscript.aux

LaTeX Font Info:    Checking defaults for OML/cmm/m/it on input line 157.
LaTeX Font Info:    ... okay on input line 157.
LaTeX Font Info:    Checking defaults for OMS/cmsy/m/n on input line 157.
LaTeX Font Info:    ... okay on input line 157.
LaTeX Font Info:    Checking defaults for OT1/cmr/m/n on input line 157.
LaTeX Font Info:    ... okay on input line 157.
LaTeX Font Info:    Checking defaults for T1/cmr/m/n on input line 157.
LaTeX Font Info:    ... okay on input line 157.
LaTeX Font Info:    Checking defaults for TS1/cmr/m/n on input line 157.
LaTeX Font Info:    ... okay on input line 157.
LaTeX Font Info:    Checking defaults for TU/lmr/m/n on input line 157.
LaTeX Font Info:    ... okay on input line 157.
LaTeX Font Info:    Checking defaults for OMX/cmex/m/n on input line 157.
LaTeX Font Info:    ... okay on input line 157.
LaTeX Font Info:    Checking defaults for U/cmr/m/n on input line 157.
LaTeX Font Info:    ... okay on input line 157.
LaTeX Font Info:    Checking defaults for PD1/pdf/m/n on input line 157.
LaTeX Font Info:    ... okay on input line 157.
LaTeX Font Info:    Checking defaults for PU/pdf/m/n on input line 157.
LaTeX Font Info:    ... okay on input line 157.
 (C:/miktex-portable/texmfs/install/tex/context/base/mkii/supp-pdf.mkii
[Loading MPS to PDF converter (version 2006.09.02).]
\scratchcounter=\count438
\scratchdimen=\dimen369
\scratchbox=\box94
\nofMPsegments=\count439
\nofMParguments=\count440
\everyMPshowfont=\toks66
\MPscratchCnt=\count441
\MPscratchDim=\dimen370
\MPnumerator=\count442
\makeMPintoPDFobject=\count443
\everyMPtoPDFconversion=\toks67
) (C:/miktex-portable/texmfs/install/tex/latex/epstopdf-pkg/epstopdf-base.sty
Package: epstopdf-base 2020-01-24 v2.11 Base part for package epstopdf

(C:/miktex-portable/texmfs/install/tex/latex/grfext/grfext.sty
Package: grfext 2019/12/03 v1.3 Manage graphics extensions (HO)
)
Package epstopdf-base Info: Redefining graphics rule for `.eps' on input line 4
85.
Package grfext Info: Graphics extension search list:
(grfext)             [.pdf,.png,.jpg,.mps,.jpeg,.jbig2,.jb2,.PDF,.PNG,.JPG,.JPE
G,.JBIG2,.JB2,.eps]
(grfext)             \AppendGraphicsExtensions on input line 504.

(C:/miktex-portable/texmfs/install/tex/latex/00miktex/epstopdf-sys.cfg
File: epstopdf-sys.cfg 2021/03/18 v2.0 Configuration of epstopdf for MiKTeX
))
LaTeX Info: Redefining \microtypecontext on input line 157.
Package microtype Info: Applying patch `item' on input line 157.
Package microtype Info: Applying patch `toc' on input line 157.
Package microtype Info: Applying patch `eqnum' on input line 157.
Package microtype Info: Applying patch `footnote' on input line 157.
Package microtype Info: Applying patch `verbatim' on input line 157.
LaTeX Info: Redefining \microtypesetup on input line 157.
Package microtype Info: Generating PDF output.
Package microtype Info: Character protrusion enabled (level 2).
Package microtype Info: Using default protrusion set `alltext'.
Package microtype Info: Automatic font expansion enabled (level 2),
(microtype)             stretch: 20, shrink: 20, step: 1, non-selected.
Package microtype Info: Using default expansion set `alltext-nott'.
Package microtype Info: Patching command `\showhyphens'.
Package microtype Info: No adjustment of tracking.
Package microtype Info: No adjustment of spacing.
Package microtype Info: No adjustment of kerning.

(C:/miktex-portable/texmfs/install/tex/latex/microtype/mt-TU-basic.cfg
File: mt-TU-basic.cfg 2021/06/22 v1.1 microtype config. file: fonts with basic 
glyph set (RS)
)
Package microtype Info: Loading generic protrusion settings for font family
(microtype)             `Lato' (encoding: TU).
(microtype)             For optimal results, create family-specific settings.
(microtype)             See the microtype manual for details.
LaTeX Font Info:    Overwriting math alphabet `\mathtt' in version `normal'
(Font)                  OT1/cmtt/m/n --> TU/lmtt/m/n on input line 157.
LaTeX Font Info:    Overwriting math alphabet `\mathtt' in version `bold'
(Font)                  OT1/cmtt/m/n --> TU/lmtt/b/n on input line 157.


Package unicode-math Warning: Using \overbracket and \underbracket from
(unicode-math)                `mathtools' package.
(unicode-math)                 
(unicode-math)                 Use \Uoverbracket and \Uunderbracket for
(unicode-math)                original `unicode-math' definition.


Package unicode-math Warning: I'm going to overwrite the following commands
(unicode-math)                from the `mathtools' package: 
(unicode-math)                 
(unicode-math)                     \dblcolon, \coloneqq, \Coloneqq, \eqqcolon.
(unicode-math)                
(unicode-math)                 
(unicode-math)                 Note that since I won't overwrite the other
(unicode-math)                colon-like commands, using them will lead to
(unicode-math)                inconsistencies.

*geometry* driver: auto-detecting
*geometry* detected driver: luatex
*geometry* verbose mode - [ preamble ] result:
* driver: luatex
* paper: custom
* layout: <same size as paper>
* layoutoffset:(h,v)=(0.0pt,0.0pt)
* lines: 47
* modes: twoside 
* h-part:(L,W,R)=(40.68744pt, 405.16722pt, 40.68745pt)
* v-part:(T,H,B)=(55.17511pt, 562.0pt, 82.76268pt)
* \paperwidth=486.54211pt
* \paperheight=699.93779pt
* \textwidth=405.16722pt
* \textheight=562.0pt
* \oddsidemargin=-31.58255pt
* \evensidemargin=-31.58253pt
* \topmargin=-45.09488pt
* \headheight=16.0pt
* \headsep=12.0pt
* \topskip=10.0pt
* \footskip=23.0pt
* \marginparwidth=121.0pt
* \marginparsep=11.0pt
* \columnsep=20.0pt
* \skip\footins=9.75pt plus 4.33287pt minus 2.16713pt
* \hoffset=0.0pt
* \voffset=0.0pt
* \mag=1000
* \@twocolumnfalse
* \@twosidetrue
* \@mparswitchtrue
* \@reversemargintrue
* (1in=72.27pt=25.4mm, 1cm=28.453pt)

Package caption Info: Begin \AtBeginDocument code.
Package caption Info: hyperref package is loaded.
Package caption Info: listings package is loaded.
Package caption Info: threeparttable package is loaded.
Package caption Info: End \AtBeginDocument code.

(C:/miktex-portable/texmfs/install/tex/latex/translations/dicts/translations-ba
sic-dictionary-english.trsl
File: translations-basic-dictionary-english.trsl (english translation file `tra
nslations-basic-dictionary')
)
Package translations Info: loading dictionary `translations-basic-dictionary' f
or `english'. on input line 157.
\c@lstlisting=\count444
Package hyperref Info: Link coloring ON on input line 157.
 (./Manuscript.out) (./Manuscript.out)
\@outlinefile=\write4

\openout4 = Manuscript.out

Package fontspec Info: 
(fontspec)             Could not resolve font "Lato Heavy/BI" (it probably
(fontspec)             doesn't exist).


Package fontspec Info: 
(fontspec)             Could not resolve font "Lato Heavy/B" (it probably
(fontspec)             doesn't exist).


Package fontspec Info: 
(fontspec)             Could not resolve font "Lato Heavy/I" (it probably
(fontspec)             doesn't exist).


Package fontspec Info: 
(fontspec)             Font family 'LatoHeavy(0)' created for font 'Lato
(fontspec)             Heavy' with options [].
(fontspec)              
(fontspec)              This font family consists of the following NFSS
(fontspec)             series/shapes:
(fontspec)              
(fontspec)             - 'normal' (m/n) with NFSS spec.: <->"name:Lato
(fontspec)             Heavy:mode=node;script=latn;language=dflt;"

Package microtype Info: Loading generic protrusion settings for font family
(microtype)             `LatoHeavy' (encoding: TU).
(microtype)             For optimal results, create family-specific settings.
(microtype)             See the microtype manual for details.

Package fontspec Info: 
(fontspec)             Could not resolve font "Lato Heavy/BI" (it probably
(fontspec)             doesn't exist).


Package fontspec Info: 
(fontspec)             Could not resolve font "Lato Heavy/B" (it probably
(fontspec)             doesn't exist).


Package fontspec Info: 
(fontspec)             Could not resolve font "Lato Heavy/I" (it probably
(fontspec)             doesn't exist).


Package fontspec Info: 
(fontspec)             Font family 'LatoHeavy(1)' created for font 'Lato
(fontspec)             Heavy' with options [LetterSpace=20].
(fontspec)              
(fontspec)              This font family consists of the following NFSS
(fontspec)             series/shapes:
(fontspec)              
(fontspec)             - 'normal' (m/n) with NFSS spec.: <->"name:Lato
(fontspec)             Heavy:mode=node;script=latn;language=dflt;letterspace=20
;"

Inserting `luaotfload.letterspace' in `pre_linebreak_filter'.
Inserting `luaotfload.letterspace' in `hpack_filter'.

Package fontspec Info: 
(fontspec)             Could not resolve font "Lato Heavy/BI" (it probably
(fontspec)             doesn't exist).


Package fontspec Info: 
(fontspec)             Could not resolve font "Lato Heavy/B" (it probably
(fontspec)             doesn't exist).


Package fontspec Info: 
(fontspec)             Could not resolve font "Lato Heavy/I" (it probably
(fontspec)             doesn't exist).


Package fontspec Info: 
(fontspec)             Font family 'LatoHeavy(2)' created for font 'Lato
(fontspec)             Heavy' with options [LetterSpace=20.0].
(fontspec)              
(fontspec)              This font family consists of the following NFSS
(fontspec)             series/shapes:
(fontspec)              
(fontspec)             - 'normal' (m/n) with NFSS spec.: <->"name:Lato
(fontspec)             Heavy:mode=node;script=latn;language=dflt;letterspace=20
.0;"


Underfull \hbox (badness 10000) in paragraph at lines 181--181

 []

Package microtype Info: Loading generic protrusion settings for font family
(microtype)             `LatinModernMath' (encoding: TU).
(microtype)             For optimal results, create family-specific settings.
(microtype)             See the microtype manual for details.
(C:/miktex-portable/texmfs/install/tex/latex/microtype/mt-cmr.cfg
File: mt-cmr.cfg 2013/05/19 v2.2 microtype config. file: Computer Modern Roman 
(RS)
)
Package microtype Info: Loading generic protrusion settings for font family
(microtype)             `LatoItalic' (encoding: TU).
(microtype)             For optimal results, create family-specific settings.
(microtype)             See the microtype manual for details.
Package microtype Info: Loading generic protrusion settings for font family
(microtype)             `LatoBold' (encoding: TU).
(microtype)             For optimal results, create family-specific settings.
(microtype)             See the microtype manual for details.
\wiley@abstractbox=\box95
Package mdframed Info: mdframed works in twoside mode on input line 181.

Package fontspec Info: 
(fontspec)             Font family 'Lato(3)' created for font 'Lato' with
(fontspec)             options [Ligatures=TeX,Ligatures=TeX,LetterSpace=20].
(fontspec)              
(fontspec)              This font family consists of the following NFSS
(fontspec)             series/shapes:
(fontspec)              
(fontspec)             - 'normal' (m/n) with NFSS spec.:
(fontspec)             <->"name:Lato:mode=node;script=latn;language=dflt;letter
space=20;+tlig;"
(fontspec)             - 'bold' (b/n) with NFSS spec.:
(fontspec)             <->"name:Lato/B:mode=node;script=latn;language=dflt;lett
erspace=20;+tlig;"
(fontspec)             - 'italic' (m/it) with NFSS spec.:
(fontspec)             <->"name:Lato/I:mode=node;script=latn;language=dflt;lett
erspace=20;+tlig;"
(fontspec)             - 'bold italic' (b/it) with NFSS spec.:
(fontspec)             <->"name:Lato/BI:mode=node;script=latn;language=dflt;let
terspace=20;+tlig;"

Package mdframed Info: mdframed inside a box 
 mdframed uses option nobreak mdframed on input line 181.
Package marginnote Info: Margin note 1.1 is on absolute page 1 on input line 18
1.
Package marginnote Info: xpos seems to be 40.68744pt on input line 181.
Package mdframed Info: mdframed works in twoside mode on input line 181.

Underfull \hbox (badness 10000) has occurred while \output is active
[][][]
 []

[1

{C:/miktex-portable/texmfs/data/fonts/map/pdftex/pdftex.map}]

Package fontspec Info: 
(fontspec)             Font family 'Lato(4)' created for font 'Lato' with
(fontspec)             options [Ligatures=TeX,Ligatures=TeX,LetterSpace=10.0].
(fontspec)              
(fontspec)              This font family consists of the following NFSS
(fontspec)             series/shapes:
(fontspec)              
(fontspec)             - 'normal' (m/n) with NFSS spec.:
(fontspec)             <->"name:Lato:mode=node;script=latn;language=dflt;letter
space=10.0;+tlig;"
(fontspec)             - 'bold' (b/n) with NFSS spec.:
(fontspec)             <->"name:Lato/B:mode=node;script=latn;language=dflt;lett
erspace=10.0;+tlig;"
(fontspec)             - 'italic' (m/it) with NFSS spec.:
(fontspec)             <->"name:Lato/I:mode=node;script=latn;language=dflt;lett
erspace=10.0;+tlig;"
(fontspec)             - 'bold italic' (b/it) with NFSS spec.:
(fontspec)             <->"name:Lato/BI:mode=node;script=latn;language=dflt;let
terspace=10.0;+tlig;"

Package microtype Info: Loading generic protrusion settings for font family
(microtype)             `lmtt' (encoding: TU).
(microtype)             For optimal results, create family-specific settings.
(microtype)             See the microtype manual for details.

Package fontspec Info: 
(fontspec)             Lato scale = 0.8.


Package fontspec Info: 
(fontspec)             Lato scale = 0.8.


Package fontspec Info: 
(fontspec)             Lato/B scale = 0.8.


Package fontspec Info: 
(fontspec)             Lato/I scale = 0.8.


Package fontspec Info: 
(fontspec)             Lato/BI scale = 0.8.


Package fontspec Info: 
(fontspec)             Font family 'Lato(5)' created for font 'Lato' with
(fontspec)             options
(fontspec)             [Ligatures=TeX,Ligatures=TeX,LetterSpace=10.0,Scale=0.8]
.
(fontspec)              
(fontspec)              This font family consists of the following NFSS
(fontspec)             series/shapes:
(fontspec)              
(fontspec)             - 'normal' (m/n) with NFSS spec.:
(fontspec)             <->s*[0.8]"name:Lato:mode=node;script=latn;language=dflt
;letterspace=10.0;+tlig;"
(fontspec)             - 'bold' (b/n) with NFSS spec.:
(fontspec)             <->s*[0.8]"name:Lato/B:mode=node;script=latn;language=df
lt;letterspace=10.0;+tlig;"
(fontspec)             - 'italic' (m/it) with NFSS spec.:
(fontspec)             <->s*[0.8]"name:Lato/I:mode=node;script=latn;language=df
lt;letterspace=10.0;+tlig;"
(fontspec)             - 'bold italic' (b/it) with NFSS spec.:
(fontspec)             <->s*[0.8]"name:Lato/BI:mode=node;script=latn;language=d
flt;letterspace=10.0;+tlig;"


Package fontspec Info: 
(fontspec)             Lato scale = 0.8.


Package fontspec Info: 
(fontspec)             Lato scale = 0.8.

 [2]
Underfull \vbox (badness 10000) has occurred while \output is active []


Package fontspec Info: 
(fontspec)             Lato scale = 0.8.


Package fontspec Info: 
(fontspec)             Lato scale = 0.8.


Package fontspec Info: 
(fontspec)             Lato scale = 0.8.

 [3]
Underfull \vbox (badness 10000) has occurred while \output is active []


Package fontspec Info: 
(fontspec)             Lato scale = 0.8.


Package fontspec Info: 
(fontspec)             Lato scale = 0.8.


Package fontspec Info: 
(fontspec)             Lato scale = 0.8.

 [4]
Underfull \vbox (badness 10000) has occurred while \output is active []


Package fontspec Info: 
(fontspec)             Lato scale = 0.8.


Package fontspec Info: 
(fontspec)             Lato scale = 0.8.


Package fontspec Info: 
(fontspec)             Lato scale = 0.8.

 [5]
Underfull \vbox (badness 10000) has occurred while \output is active []


Package fontspec Info: 
(fontspec)             Lato scale = 0.8.


Package fontspec Info: 
(fontspec)             Lato scale = 0.8.


Package fontspec Info: 
(fontspec)             Lato scale = 0.8.

 [6]

Package fontspec Info: 
(fontspec)             Font family 'Lato(6)' created for font 'Lato' with
(fontspec)             options [Ligatures=TeX,Ligatures=TeX,LetterSpace=15.0].
(fontspec)              
(fontspec)              This font family consists of the following NFSS
(fontspec)             series/shapes:
(fontspec)              
(fontspec)             - 'normal' (m/n) with NFSS spec.:
(fontspec)             <->"name:Lato:mode=node;script=latn;language=dflt;letter
space=15.0;+tlig;"
(fontspec)             - 'bold' (b/n) with NFSS spec.:
(fontspec)             <->"name:Lato/B:mode=node;script=latn;language=dflt;lett
erspace=15.0;+tlig;"
(fontspec)             - 'italic' (m/it) with NFSS spec.:
(fontspec)             <->"name:Lato/I:mode=node;script=latn;language=dflt;lett
erspace=15.0;+tlig;"
(fontspec)             - 'bold italic' (b/it) with NFSS spec.:
(fontspec)             <->"name:Lato/BI:mode=node;script=latn;language=dflt;let
terspace=15.0;+tlig;"


Package fontspec Info: 
(fontspec)             Could not resolve font "Lato Black/BI" (it probably
(fontspec)             doesn't exist).


Package fontspec Info: 
(fontspec)             Could not resolve font "Lato Black/B" (it probably
(fontspec)             doesn't exist).


Package fontspec Info: 
(fontspec)             Could not resolve font "Lato Black/I" (it probably
(fontspec)             doesn't exist).


Package fontspec Info: 
(fontspec)             Font family 'LatoBlack(0)' created for font 'Lato
(fontspec)             Black' with options [].
(fontspec)              
(fontspec)              This font family consists of the following NFSS
(fontspec)             series/shapes:
(fontspec)              
(fontspec)             - 'normal' (m/n) with NFSS spec.: <->"name:Lato
(fontspec)             Black:mode=node;script=latn;language=dflt;"

Package microtype Info: Loading generic protrusion settings for font family
(microtype)             `LatoBlack' (encoding: TU).
(microtype)             For optimal results, create family-specific settings.
(microtype)             See the microtype manual for details.

Package fontspec Info: 
(fontspec)             Could not resolve font "Lato Black/BI" (it probably
(fontspec)             doesn't exist).


Package fontspec Info: 
(fontspec)             Could not resolve font "Lato Black/B" (it probably
(fontspec)             doesn't exist).


Package fontspec Info: 
(fontspec)             Could not resolve font "Lato Black/I" (it probably
(fontspec)             doesn't exist).


Package fontspec Info: 
(fontspec)             Font family 'LatoBlack(1)' created for font 'Lato
(fontspec)             Black' with options [LetterSpace=15.0].
(fontspec)              
(fontspec)              This font family consists of the following NFSS
(fontspec)             series/shapes:
(fontspec)              
(fontspec)             - 'normal' (m/n) with NFSS spec.: <->"name:Lato
(fontspec)             Black:mode=node;script=latn;language=dflt;letterspace=15
.0;"


(C:/miktex-portable/texmfs/install/tex/latex/listings/lstlang1.sty
File: lstlang1.sty 2025/11/14 1.11b listings language file
)

Package fontspec Info: 
(fontspec)             Lato scale = 0.8.


Package fontspec Info: 
(fontspec)             Lato scale = 0.8.


Package fontspec Info: 
(fontspec)             Lato scale = 0.8.

 [7]
Underfull \vbox (badness 10000) has occurred while \output is active []


Package fontspec Info: 
(fontspec)             Lato scale = 0.8.


Package fontspec Info: 
(fontspec)             Lato scale = 0.8.


Package fontspec Info: 
(fontspec)             Lato scale = 0.8.

 [8]

Package fontspec Info: 
(fontspec)             Lato scale = 0.8.


Package fontspec Info: 
(fontspec)             Lato scale = 0.8.


Package fontspec Info: 
(fontspec)             Lato scale = 0.8.


[9]

Package fontspec Info: 
(fontspec)             Lato scale = 0.8.


Package fontspec Info: 
(fontspec)             Lato scale = 0.8.


Package fontspec Info: 
(fontspec)             Lato scale = 0.8.

 [10]

Package fontspec Info: 
(fontspec)             Lato scale = 0.8.


Package fontspec Info: 
(fontspec)             Lato scale = 0.8.


Package fontspec Info: 
(fontspec)             Lato scale = 0.8.

 [11]

Package fontspec Info: 
(fontspec)             Lato scale = 0.8.


Package fontspec Info: 
(fontspec)             Lato scale = 0.8.


Package fontspec Info: 
(fontspec)             Lato scale = 0.8.

 [12]
(C:/miktex-portable/texmfs/install/tex/latex/listings/lstlang1.sty
File: lstlang1.sty 2025/11/14 1.11b listings language file
)
(C:/miktex-portable/texmfs/install/tex/latex/listings/lstlang2.sty
File: lstlang2.sty 2025/11/14 1.11b listings language file
)
(C:/miktex-portable/texmfs/install/tex/latex/listings/lstlang3.sty
File: lstlang3.sty 2025/11/14 1.11b listings language file
)

Package fontspec Info: 
(fontspec)             Lato scale = 0.8.


Package fontspec Info: 
(fontspec)             Lato scale = 0.8.


Package fontspec Info: 
(fontspec)             Lato scale = 0.8.

 [13]
Underfull \vbox (badness 1406) has occurred while \output is active []


Package fontspec Info: 
(fontspec)             Lato scale = 0.8.


Package fontspec Info: 
(fontspec)             Lato scale = 0.8.


Package fontspec Info: 
(fontspec)             Lato scale = 0.8.

 [14]

Package fontspec Info: 
(fontspec)             Lato scale = 0.8.


Package fontspec Info: 
(fontspec)             Lato scale = 0.8.


Package fontspec Info: 
(fontspec)             Lato scale = 0.8.


[15]

Package fontspec Info: 
(fontspec)             Lato scale = 0.8.


Package fontspec Info: 
(fontspec)             Lato scale = 0.8.


Package fontspec Info: 
(fontspec)             Lato scale = 0.8.

 [16]
<Benchmark_plot.png, id=434, 794.97pt x 794.97pt>
File: Benchmark_plot.png Graphic file (type png)
<use Benchmark_plot.png>
Package luatex.def Info: Benchmark_plot.png  used on input line 628.
(luatex.def)             Requested size: 269.76462pt x 269.76462pt.
<Posteriors_plot.png, id=435, 794.97pt x 794.97pt>
File: Posteriors_plot.png Graphic file (type png)
<use Posteriors_plot.png>
Package luatex.def Info: Posteriors_plot.png  used on input line 636.
(luatex.def)             Requested size: 269.76462pt x 269.76462pt.
 [17

<./Benchmark_plot.png><./Posteriors_plot.png>] (./Manuscript.bbl

Package fontspec Info: 
(fontspec)             Lato scale = 0.8.

LaTeX Font Info:    Font shape `TU/Lato(5)/b/n' will be
(Font)              scaled to size 8.00003pt on input line 1.
LaTeX Font Info:    Calculating math sizes for size <7.5> on input line 19.

Package fontspec Info: 
(fontspec)             Lato scale = 0.8.


Package fontspec Info: 
(fontspec)             Lato scale = 0.8.


Package fontspec Info: 
(fontspec)             Lato scale = 0.8.


[18

]

Package fontspec Info: 
(fontspec)             Lato scale = 0.8.


Package fontspec Info: 
(fontspec)             Lato scale = 0.8.


Package fontspec Info: 
(fontspec)             Lato scale = 0.8.

 [19])

Package fontspec Info: 
(fontspec)             Lato scale = 0.8.


Package fontspec Info: 
(fontspec)             Lato scale = 0.8.


Package fontspec Info: 
(fontspec)             Lato scale = 0.8.

 [20] (./Manuscript.aux)
 ***********
LaTeX2e <2025-11-01>
L3 programming layer <2020/03/25>
 ***********


LaTeX Warning: There were undefined references.


LaTeX Warning: There were multiply-defined labels.

Package rerunfilecheck Info: File `Manuscript.out' has not changed.
(rerunfilecheck)             Checksum: 5F4767FA9FE4A2ECCAA83A18C5E55F44;1198.
)

Here is how much of LuaTeX's memory you used:
 44023 strings out of 476081
 477828,1977958 words of node,token memory allocated
 1051 words of node memory still in use:
   8 hlist, 2 vlist, 2 rule, 1 local_par, 5 glue, 6 kern, 1 penalty, 7 glyph, 23
 attribute, 124 glue_spec, 23 attribute_list, 2 write, 6 pdf_action nodes
   avail lists: 1:8,2:7835,3:670,4:8483,5:8553,6:158,7:19022,8:75,9:23990,10:36,
11:1400
 65282 multiletter control sequences out of 65536+600000
 198 fonts using 82186903 bytes
 123i,21n,125p,1868b,2776s stack positions out of 10000i,1000n,20000p,200000b,200000s

warning  (pdf backend): unreferenced destination with name 'tab1'
<C:/miktex-portable/texmfs/install/fonts/truetype/typoland/lato/lato-black.ttf><
C:/WINDOWS/Fonts/latoweb-bolditalic.ttf><C:/miktex-portable/texmfs/install/fonts
/truetype/typoland/lato/lato-italic.ttf><C:/miktex-portable/texmfs/install/fonts
/opentype/public/lm-math/latinmodern-math.otf><c:/miktex-portable/texmfs/install
/fonts/opentype/public/lm/lmmono8-regular.otf><C:/WINDOWS/Fonts/latoweb-italic.t
tf><C:/WINDOWS/Fonts/latoweb-regular.ttf><C:/WINDOWS/Fonts/latoweb-bold.ttf><C:/
miktex-portable/texmfs/install/fonts/truetype/typoland/lato/lato-heavy.ttf>
Output written on Manuscript.pdf (20 pages, 830925 bytes).

PDF statistics: 535 PDF objects out of 1000 (max. 8388607)
 244 named destinations out of 1000 (max. 1048576)
 88 words of extra memory for PDF output out of 10000 (max. 100000000)

